fips,county,state_abbr,state_name,year,y_diabetes_prevalence_adults_with_diabetes,chr_65_and_older_65_and_over,chr_access_to_exercise_opportunities,chr_adult_obesity,chr_food_environment_index,chr_primary_care_physicians,chr_rural,chr_unemployment,chr_uninsured,centroid_x_m,centroid_y_m
1001,Autauga,AL,Alabama,mean,10.6,16.048735088,55.537794405,37.3,6.6,25,22921,742,2456.2797104885,870644,1096003
1003,Baldwin,AL,Alabama,mean,9.7,21.469823731,65.735846777,32.6,7.5,150,77060,2946,9700.937440413,787143,865713
1005,Barbour,AL,Alabama,mean,15.6,19.976766544,54.842802204,46.4,5.8,8,18613,469,1175.684137719,1008631,1040962
1007,Bibb,AL,Alabama,mean,12.2,16.737109045,18.211994797,38.4,7.4,14,15663,298,1055.0039389615,815015,1147457
1009,Blount,AL,Alabama,mean,10.9,18.725970089,41.353536037,32.7,7.8,12,51562,598,3084.627336147,856947,1257026
1011,Bullock,AL,Alabama,mean,18.1,17.596899225,2.78072801,48.3,4.3,3,5607,184,397.183773525,964905,1057855
1013,Butler,AL,Alabama,mean,13.8,21.240203347,45.005511522,45.4,6.8,4,14921,468,999.242527174,874142,1004931
1015,Calhoun,AL,Alabama,mean,12.3,18.462215017,64.796764026,37.4,6,68,39955,1906,5721.962500424,924200,1247661
1017,Chambers,AL,Alabama,mean,13.2,20.288931994,49.930978949,41.2,6.9,14,16816,579,1667.109744447,995220,1152448
1019,Cherokee,AL,Alabama,mean,11,23.975836134,38.224340235,41.3,7.4,10,22282,296,1268.4223918575,953875,1304202
1021,Chilton,AL,Alabama,mean,11.4,17.46697884,32.789798729,37.5,7.1,10,37858,565,2744.1314908805,863401,1132631
1023,Choctaw,AL,Alabama,mean,13.7,23.745312375,25.163837347,41.4,6.1,5,13859,200,584.8355601795,722009,1028673
1025,Clarke,AL,Alabama,mean,14.2,20.474516696,52.986529216,40.6,5.1,11,19628,462,1221.349199188,767777,988706
1027,Clay,AL,Alabama,mean,11.8,21.226215645,64.393087946,38.6,7.5,4,13932,165,729.189086926,928686,1194354
1029,Cleburne,AL,Alabama,mean,10.8,19.69807323,42.4282678,38.3,7.3,4,14972,151,797.249487705,961637,1233338
1031,Coffee,AL,Alabama,mean,11.5,17.115221324,48.802020013,43.6,6.9,25,23573,610,2956.8472483345,940027,980373
1033,Colbert,AL,Alabama,mean,11.1,20.254375892,64.9850595,37,6.7,35,23891,936,2274.727576358,736626,1331760
1035,Conecuh,AL,Alabama,mean,14.8,24.134887006,37.406225748,42.8,6.2,5,10708,212,496.6808978365,859018,978285
1037,Coosa,AL,Alabama,mean,12.3,24.708133971,4.5345142967,41.5,7.2,0,11539,134,452.351900393,898032,1142962
1039,Covington,AL,Alabama,mean,11.5,21.676793519,58.283204685,44.8,6.9,20,26304,459,1715.5466185625,905891,947704
1041,Crenshaw,AL,Alabama,mean,12.5,19.659099595,24.215552524,40.4,6.4,2,13906,202,697.953569762,913508,1007309
1043,Cullman,AL,Alabama,mean,10.5,18.714802896,48.497712426,38,7.5,48,58889,915,4750.0344827585,833317,1273752
1045,Dale,AL,Alabama,mean,12.9,17.733371165,24.944248469,39.2,6.5,13,25572,658,2688.923255634,980345,986338
1047,Dallas,AL,Alabama,mean,16.5,19.668252745,56.466122407,47.5,5.8,29,19999,1035,1574.2492119345,833030,1073353
1049,DeKalb,AL,Alabama,mean,12.4,17.676465264,42.876494246,42.1,0,32,64091,789,5482.0144128795,936483,1331187
1051,Elmore,AL,Alabama,mean,10.4,16.297142345,51.982904623,37.1,7.8,19,42973,1022,3513.444330633,911445,1113917
1053,Escambia,AL,Alabama,mean,14.7,18.40104635,38.645700139,43.6,6.6,12,24337,575,1929.720114921,834567,925218
1055,Etowah,AL,Alabama,mean,12.1,19.345301565,60.520515101,41.1,6.2,78,39144,1604,5497.3915526545,908691,1263986
1057,Fayette,AL,Alabama,mean,12.1,21.798365123,32.295815207,39.4,7.2,16,13833,204,857.8856703615,762656,1220748
1059,Franklin,AL,Alabama,mean,12.2,17.049323712,57.023635288,38.4,7.2,14,22309,363,2033.9422948765,731472,1298292
1061,Geneva,AL,Alabama,mean,12.8,21.111568855,35.125098466,38,6.7,7,24015,309,1544.02411733,959738,940667
1063,Greene,AL,Alabama,mean,19.5,24.734565474,4.489003881,49.1,4,4,9045,199,333.2862190815,752091,1114483
1065,Hale,AL,Alabama,mean,15.8,20.130134201,27.710517416,47.3,6.2,3,14053,335,639.1892680735,778692,1112895
1067,Henry,AL,Alabama,mean,12,23.117017011,18.464948093,42.1,7.2,5,15183,219,779.512436844,1022597,1008232
1069,Houston,AL,Alabama,mean,11.6,18.554225837,75.132926625,39.1,7.3,91,34327,1594,5712.275001781,1027433,955438
1071,Jackson,AL,Alabama,mean,11.3,20.959581604,37.836398562,40.1,6.9,27,40994,659,2546.3253312085,892380,1339965
1073,Jefferson,AL,Alabama,mean,12.1,16.679045252,80.029078686,38.9,6.7,749,64752,11577,26130.4879432502,828112,1196449
1075,Lamar,AL,Alabama,mean,11.4,22.455986559,8.839106785,39.2,7.3,0,14564,170,634.5287769785,715331,1219190
1077,Lauderdale,AL,Alabama,mean,10.6,20.527843646,57.357530674,39.4,7.3,50,45701,1335,4237.412971787,754740,1362264
1079,Lawrence,AL,Alabama,mean,12,18.954366878,56.76231367,38.6,7,5,31348,422,1993.538718494,792568,1321495
1081,Lee,AL,Alabama,mean,11.4,13.086706768,59.814854139,36.8,6.8,87,38441,2180,7374.7721380435,1003961,1118183
1083,Limestone,AL,Alabama,mean,10.3,15.525916832,43.463358115,34.9,7.5,38,47690,1142,5071.0724861825,818195,1362474
1085,Lowndes,AL,Alabama,mean,17.6,20.321123934,0.9116477548,48.8,4.7,1,11299,330,428.3332182795,868776,1056720
1087,Macon,AL,Alabama,mean,17.1,21.513627944,40.441327053,47.3,5.3,6,11916,477,794.103773585,957302,1096837
1089,Madison,AL,Alabama,mean,10.6,15.501086761,73.530798422,35.3,7.4,330,55048,5104,15483.9586273838,854431,1358872
1091,Marengo,AL,Alabama,mean,14.5,20.320067383,47.570253066,43.5,6,7,14575,325,797.0419409045,768993,1060588
1093,Marion,AL,Alabama,mean,11.5,21.103740682,47.663678811,37.9,7.1,8,27346,379,1402.678930136,730854,1264821
1095,Marshall,AL,Alabama,mean,11.1,17.198762064,52.815227636,39.7,6.7,56,49550,1070,5973.1080857035,883389,1327185
1097,Mobile,AL,Alabama,mean,13,17.026046244,63.904110084,39.4,6.6,292,82682,9039,19843.5073951145,747363,849553
1099,Monroe,AL,Alabama,mean,14.2,21.747760586,41.371636658,43.9,6,8,18234,414,1039.683488613,813194,983940
1101,Montgomery,AL,Alabama,mean,14.6,15.981779329,69.295142256,49,6.5,235,24063,5177,10621.086059112,914709,1068258
1103,Morgan,AL,Alabama,mean,11.4,18.070964194,70.621693229,40.1,7.1,62,46120,1540,7034.8560198465,826386,1313728
1105,Perry,AL,Alabama,mean,19.3,20.562537403,54.964164023,50.9,3.4,3,10591,267,372.17721519,803344,1101025
1107,Pickens,AL,Alabama,mean,14.7,19.472368491,4.0840872248,42.3,6.9,7,19746,307,864.7632231705,725802,1176447
1109,Pike,AL,Alabama,mean,13.3,15.86493286,61.295404284,38.7,6.7,14,17002,513,1588.2295727505,949251,1027004
1111,Randolph,AL,Alabama,mean,11.6,21.256082587,40.975099012,42.8,6.4,5,18638,258,1140.494845361,973095,1195267
1113,Russell,AL,Alabama,mean,14.2,15.137427199,56.095500397,41.9,6.7,12,18748,715,2871.0266307665,1019238,1089099
1115,St. Clair,AL,Alabama,mean,10.3,17.426790874,49.219015839,38.3,7.9,13,60853,1087,4260.7988988225,890552,1233909
1117,Shelby,AL,Alabama,mean,9.2,16.476276102,73.626605208,33.1,8.3,181,44762,2529,8543.1435680179,860454,1180985
1119,Sumter,AL,Alabama,mean,17.6,19.853666557,33.138922641,47.7,5.9,7,13763,203,533.552782559,728861,1095376
1121,Talladega,AL,Alabama,mean,12.8,18.933074923,50.475355756,41.9,6.7,23,45931,1480,3518.791582175,911815,1197955
1123,Tallapoosa,AL,Alabama,mean,12.3,22.765278015,60.259979182,40.3,7.3,19,30890,724,2044.781578597,946739,1133226
1125,Tuscaloosa,AL,Alabama,mean,11.7,14.231279212,74.62032453,41.6,7.2,153,49653,3662,8738.671729733,800370,1178587
1127,Walker,AL,Alabama,mean,11.1,19.837082292,40.197728873,36.4,6.9,28,49656,911,2885.8144229995,801283,1230264
1129,Washington,AL,Alabama,mean,13.4,20.122796593,10.443202495,42.7,7.3,2,17581,305,898.130852341,733730,959976
1131,Wilcox,AL,Alabama,mean,17.4,21.204288723,1.5943396226,51.3,4.1,2,11670,291,470.115724265,813331,1035198
1133,Winston,AL,Alabama,mean,11.4,22.175714527,75.696686491,40.1,7.2,8,20785,280,1223.78561472,784788,1275171
4001,Apache,AZ,Arizona,mean,16.3,16.314401963,17.524726981,36.1,2.7,28,52967,1705,5724.808025536,-1195017,1485527
4003,Cochise,AZ,Arizona,mean,9.9,23.71201904,68.250336796,31,6.7,72,47680,2360,5851.39154064,-1247117,1074383
4005,Coconino,AZ,Arizona,mean,9.7,14.057027825,80.978077339,27.9,6.5,120,42297,4366,8998.856861974,-1447062,1527310
4007,Gila,AZ,Arizona,mean,10.3,29.88859654,88.224583271,32.3,6.5,22,22008,1013,2621.955157189,-1372140,1313776
4009,Graham,AZ,Arizona,mean,11.3,14.110115237,56.958970233,33.2,6.4,19,17284,648,2235.22016981,-1292824,1206576
4011,Greenlee,AZ,Arizona,mean,10.4,14.45129732,70.971452473,32.6,7.2,5,3929,174,433.8589294645,-1211915,1195013
4012,La Paz,AZ,Arizona,mean,11.6,40.815455875,42.719091623,35.8,4.6,6,11541,441,1220.8873285435,-1675944,1345663
4013,Maricopa,AZ,Arizona,mean,9.6,15.773671059,92.736453777,30.6,8,3168,90229,103031,253168.159009745,-1469463,1299008
4015,Mohave,AZ,Arizona,mean,10.3,31.737041324,56.876122419,35.7,5.6,115,45970,4833,10356.234786256,-1606373,1572670
4017,Navajo,AZ,Arizona,mean,12.6,19.324622967,59.910792095,34.4,4.3,64,58171,2572,7373.693356768,-1272358,1454318
4019,Pima,AZ,Arizona,mean,9.1,20.668707166,87.286869401,29.3,7.3,926,73750,23808,49923.596347138,-1448519,1125887
4021,Pinal,AZ,Arizona,mean,10.3,21.010016527,63.979551526,37,7.1,71,82311,9072,22902.4735569785,-1407315,1218607
4023,Santa Cruz,AZ,Arizona,mean,13.2,19.161288975,65.086324446,34.8,6.1,21,12748,1644,3557.089911332,-1414187,1054518
4025,Yavapai,AZ,Arizona,mean,7.6,33.673886391,85.012425437,27.8,6.9,139,70057,4337,10800.8887612485,-1485694,1427184
4027,Yuma,AZ,Arizona,mean,13,19.59949756,80.761816942,40.5,6.5,95,20416,12102,14188.7056353335,-1698166,1250362
5001,Arkansas,AR,Arkansas,mean,11.9,20.224853486,76.191031547,38.2,5.4,9,6601,316,554.0992770366,422842,1256802
5003,Ashley,AR,Arkansas,mean,12.8,21.211309843,44.003777148,39.6,6.5,8,11294,500,769.696085095,391988,1126774
5005,Baxter,AR,Arkansas,mean,9.6,30.602220957,61.073341821,33.4,7.1,35,27333,606,1357.2120510051,326831,1484045
5007,Benton,AR,Arkansas,mean,9,13.581575256,71.863624694,29.5,8,172,55689,3998,12623.0075999,144549,1483913
5009,Boone,AR,Arkansas,mean,10,20.816812054,42.319321435,37.4,6.8,29,22953,469,1515.1705245855,261692,1491499
5011,Bradley,AR,Arkansas,mean,12.6,19.033435819,49.103840683,42.8,6.8,6,5707,191,532.889563107,356449,1164410
5013,Calhoun,AR,Arkansas,mean,11.5,21.704281797,7.2800168812,37.3,5.7,1,5368,80,197.1378110785,319775,1172925
5015,Carroll,AR,Arkansas,mean,10.6,23.907156673,53.970276008,35.2,7.3,18,19990,429,1525.6966824645,215684,1493134
5017,Chicot,AR,Arkansas,mean,15.9,22.00818445,56.220611285,47.5,5,7,6405,264,282.13936867185,438076,1146616
5019,Clark,AR,Arkansas,mean,12.1,16.729984522,45.09931922,39.3,6.3,12,12504,415,759.9693937998,255433,1237064
5021,Clay,AR,Arkansas,mean,11.1,21.393728223,60.747663551,39.1,6.3,1,9466,213,537.3365122616,494965,1508086
5023,Cleburne,AR,Arkansas,mean,10,27.123725765,35.729027559,36.7,6.9,15,19613,411,773.32338224545,364758,1400362
5025,Cleveland,AR,Arkansas,mean,11.4,21.320202289,1.3509933775,37.3,7.1,0,8689,123,271.32458697765,348132,1219524
5027,Columbia,AR,Arkansas,mean,13.3,17.34738885,52.041577124,40.3,6.4,16,14114,469,823.37550631405,255631,1124020
5029,Conway,AR,Arkansas,mean,11.7,19.934844057,45.65773594,38.6,6.2,14,15001,342,682.6163623127,293837,1362845
5031,Craighead,AR,Arkansas,mean,10.2,13.981714164,60.19634814,40.3,6.6,130,31024,1821,4252.10808245185,488106,1450326
5033,Crawford,AR,Arkansas,mean,10.8,17.620656531,64.563550796,35.9,6.3,23,32189,921,3114.505950886,154475,1399996
5035,Crittenden,AR,Arkansas,mean,13.8,14.607048922,77.432884164,46.6,6.4,16,10632,1108,1727.0084541695,523330,1370901
5037,Cross,AR,Arkansas,mean,12.3,18.763863078,72.120240005,40.5,6.1,7,10148,306,588.6085858586,462490,1380371
5039,Dallas,AR,Arkansas,mean,12.6,25.285351934,0,40.2,5.3,1,4272,113,238.031310732,308615,1225288
5041,Desha,AR,Arkansas,mean,15.5,19.828674482,40.886353664,45.1,5.6,5,4087,293,453.279283526,444703,1210144
5043,Drew,AR,Arkansas,mean,12.3,18.182349503,66.219020173,42.8,6.7,14,8997,377,633.0520388209,389028,1187863
5045,Faulkner,AR,Arkansas,mean,10.1,13.22398606,64.106301317,36.2,6.7,72,43891,2123,4501.23382541235,332077,1353393
5047,Franklin,AR,Arkansas,mean,11.3,19.961567577,66.678364625,36.2,6.8,6,14972,268,716.0486402045,185594,1391252
5049,Fulton,AR,Arkansas,mean,11.7,25.854261013,44.298136646,38,6.6,6,11378,178,408.0301448299,370320,1505327
5051,Garland,AR,Arkansas,mean,10.5,24.394498156,72.493511679,30.9,6.2,86,35436,2028,3767.1246424195,262655,1296506
5053,Grant,AR,Arkansas,mean,9.4,18.302929795,35.104131863,36.7,6.7,2,13395,260,579.3502709574,328865,1263432
5055,Greene,AR,Arkansas,mean,10.7,16.173327288,67.124365926,39.7,6.7,21,17470,663,1539.59707028125,491387,1472971
5057,Hempstead,AR,Arkansas,mean,12.8,19.051487763,60.483428856,41.7,6,6,12609,320,944.6761167865,203864,1180203
5059,Hot Spring,AR,Arkansas,mean,10.6,19.678411971,20.786924939,36.3,6.5,8,21719,533,1100.432760364,274565,1261032
5061,Howard,AR,Arkansas,mean,12.4,18.042211372,8.5803676183,41.7,6.1,5,9310,177,586.6,184362,1229072
5063,Independence,AR,Arkansas,mean,10.4,18.296529968,48.708418999,36.6,7.1,25,25134,634,1489.9609140108,394736,1427663
5065,Izard,AR,Arkansas,mean,11,24.843648911,55.439345953,37.6,7.1,4,13696,236,387.69813902575,364746,1454287
5067,Jackson,AR,Arkansas,mean,12.4,18.345131164,46.051924799,39,5.4,7,11709,294,494.3664230975,424041,1410296
5069,Jefferson,AR,Arkansas,mean,14.9,18.677214133,63.13559322,44.2,6.4,46,23940,1715,1817.42040295735,375653,1256168
5071,Johnson,AR,Arkansas,mean,11.7,17.198684465,43.162841275,40.2,6.1,15,18227,462,1327.26482026,232194,1395816
5073,Lafayette,AR,Arkansas,mean,14.1,25.150089242,11.097019658,41.3,5.9,2,7645,135,283.368048213,222331,1132565
5075,Lawrence,AR,Arkansas,mean,10.6,19.040019642,35.11346818,38.3,5.7,6,11069,286,565.9737471118,439586,1458969
5077,Lee,AR,Arkansas,mean,15.8,20.257570484,52.220930233,45.1,4.8,1,6620,143,197.95918367345,490396,1319635
5079,Lincoln,AR,Arkansas,mean,12.8,15.670783156,37.925971718,39.7,6,1,14134,171,315.2428376535,399674,1230192
5081,Little River,AR,Arkansas,mean,11.1,20.997990623,51.396973225,36.8,7.8,2,9025,235,407.3000426803,153604,1188451
5083,Logan,AR,Arkansas,mean,10.9,20.287532406,64.488192703,40.6,6.4,5,15875,350,744.9697289793,209090,1361014
5085,Lonoke,AR,Arkansas,mean,10.2,14.361232301,43.64115382,36.6,7.5,12,30632,1107,2516.97613999555,369900,1319368
5087,Madison,AR,Arkansas,mean,10.8,19.516509434,48.744022759,35.2,6.6,6,15717,231,777.860917097,202911,1445978
5089,Marion,AR,Arkansas,mean,10.5,29.108257745,30.85106383,36.5,6.8,4,16653,260,570.3316814764,293947,1489659
5091,Miller,AR,Arkansas,mean,12.3,17.282937466,71.828638498,39.8,6.3,34,17390,913,1562.08722351485,191212,1149795
5093,Mississippi,AR,Arkansas,mean,13,15.448425405,65.031338331,42.5,6.2,17,16857,1169,1604.46107440835,543751,1437747
5095,Monroe,AR,Arkansas,mean,13.9,24.210683825,61.229592587,42.1,5.6,3,5621,139,216.9642857143,437159,1304326
5097,Montgomery,AR,Arkansas,mean,10.7,26.605504587,97.241867044,36.9,6.1,2,9487,139,429.1108590205,218695,1279745
5099,Nevada,AR,Arkansas,mean,12.4,21.570782949,47.930204573,41.7,4.6,2,6224,136,252.5584680712,244935,1183898
5101,Newton,AR,Arkansas,mean,9.7,27.373681288,59.501730104,33.9,6.8,0,8330,97,210.8170754195,245566,1442208
5103,Ouachita,AR,Arkansas,mean,13.6,21.182641442,36.494481236,40.4,5.5,13,14719,376,743.73709390935,297020,1173989
5105,Perry,AR,Arkansas,mean,10.4,20.814933762,47.789200519,37.1,7,2,10445,168,385.72587447285,280095,1328747
5107,Phillips,AR,Arkansas,mean,15.9,20.2250723,63.351038146,47.9,4.4,9,10436,453,530.0895661639,469790,1269350
5109,Pike,AR,Arkansas,mean,10.8,20.663620107,35.296431029,36.2,6.4,4,11291,184,489.4042618145,212920,1237819
5111,Poinsett,AR,Arkansas,mean,11.6,18.234774934,42.891356412,41.4,6.1,3,17488,377,802.8276787166,482551,1406889
5113,Polk,AR,Arkansas,mean,11.2,22.988683925,58.71702825,36.1,5.3,16,15163,343,950.389603357,149908,1275070
5115,Pope,AR,Arkansas,mean,10.7,16.256721378,69.675454789,41.7,6.9,42,33652,1080,2715.88631215,262032,1383276
5117,Prairie,AR,Arkansas,mean,10.3,24.204056546,32.419705385,36.7,7.8,1,8715,130,297.45846753685,402051,1321424
5119,Pulaski,AR,Arkansas,mean,10.6,16.512954319,84.602568118,36,6.5,468,46989,9090,15952.0400275595,331789,1308584
5121,Randolph,AR,Arkansas,mean,11.3,19.008746356,39.152441979,35.9,6.3,11,12115,288,751.2051353615,438546,1505779
5123,St. Francis,AR,Arkansas,mean,15.7,16.860899776,31.775660459,47.1,4.9,11,14568,474,778.9305644031,467154,1344612
5125,Saline,AR,Arkansas,mean,9.5,18.303482309,57.223536657,38.6,7.7,59,38734,1818,3743.70388710075,307350,1296177
5127,Scott,AR,Arkansas,mean,11.3,20.942781511,46.034973566,37.4,5.4,2,7903,140,432.9278821735,159756,1319416
5129,Searcy,AR,Arkansas,mean,11.9,25.850253807,20.005109862,39,5.2,2,8195,124,281.3799858807,299431,1441583
5131,Sebastian,AR,Arkansas,mean,11.3,16.749221184,60.63036487,36.3,6.9,169,26170,2019,6693.4161117615,148361,1361695
5133,Sevier,AR,Arkansas,mean,12.6,15.04783628,36.732116927,40.5,6.4,8,10849,236,1192.588423038,156326,1217871
5135,Sharp,AR,Arkansas,mean,11.2,25.093632959,48.896994963,40,5.3,4,13821,277,648.629942602,402920,1485390
5137,Stone,AR,Arkansas,mean,11.5,28.250941431,50.004045635,36.8,5.8,6,12394,228,506.6457065585,343073,1442977
5139,Union,AR,Arkansas,mean,11.9,18.857589984,59.942643519,43.4,6.4,25,22695,911,1422.71174613725,316196,1122483
5141,Van Buren,AR,Arkansas,mean,11.3,26.742704218,42.282856419,37.9,6.5,5,17295,282,580.86404323595,307394,1404631
5143,Washington,AR,Arkansas,mean,10.8,12.315592045,82.440792123,35.8,7.5,190,51771,3676,13503.5282372745,141459,1438162
5145,White,AR,Arkansas,mean,10.5,16.583988498,56.966754315,38.1,6.8,52,41866,1351,3506.6160669885,388613,1369429
5147,Woodruff,AR,Arkansas,mean,12.8,24.296926095,45.525602169,39.7,7.1,2,7260,139,214.6224961479,425693,1360637
5149,Yell,AR,Arkansas,mean,12,18.114611759,45.79282436,38.3,7.2,11,17554,311,1153.7625729615,242962,1340594
6001,Alameda,CA,California,mean,9.1,14.925122349,99.441258761,24.3,8.8,1881,5869,49105,35427.9615075679,-2250759,1948200
6003,Alpine,CA,California,mean,8.8,24.777327935,77.740863787,29.5,6.7,0,1175,42,51.489260143,-2029133,1993244
6005,Amador,CA,California,mean,8.5,27.424319542,61.624746751,30,8.6,23,23016,997,802.72067354175,-2098921,1994564
6007,Butte,CA,California,mean,9.4,18.238290232,85.437457473,30.5,7.3,131,41584,6311,6141.59961998145,-2145355,2151525
6009,Calaveras,CA,California,mean,8.7,28.534648753,75.839000265,29.7,7.9,20,34370,1225,1186.1231884058,-2103827,1962641
6011,Colusa,CA,California,mean,11.4,15.399005338,76.784651312,34.4,6.9,6,6795,1342,1170.005815254,-2215504,2113732
6013,Contra Costa,CA,California,mean,8.8,16.697677743,98.241313564,28.1,8.8,1190,8316,34478,26125.6821815583,-2237460,1970130
6015,Del Norte,CA,California,mean,10.6,18.943060498,79.119057059,32.9,6.4,18,9634,708,702.0512735777,-2279133,2426477
6017,El Dorado,CA,California,mean,7.7,22.604685826,87.699871852,28.2,8.4,153,62827,5232,4037.1883583323,-2083321,2030974
6019,Fresno,CA,California,mean,12.2,12.607280523,84.346069118,34.6,7.3,690,100537,40741,37626.9188048643,-2069880,1796117
6021,Glenn,CA,California,mean,10.8,16.684603367,78.853269703,33.6,7.4,4,11494,876,1414.0981419725,-2214655,2157410
6023,Humboldt,CA,California,mean,9.6,19.151199472,88.27521013,31.1,7.3,80,40062,3661,4100.84611773985,-2320671,2315876
6025,Imperial,CA,California,mean,14.4,13.362728036,80.22003094,36.2,6.2,46,30399,11981,6417.9389919782,-1738177,1281316
6027,Inyo,CA,California,mean,8.9,24.074855034,85.896087505,29.7,7.8,15,8611,484,698.6124216735,-1880958,1709603
6029,Kern,CA,California,mean,12.5,11.402536633,85.906833767,35,7.1,446,85693,38555,36283.2899554653,-2065853,1623443
6031,Kings,CA,California,mean,12.3,10.702345496,68.202982569,35.1,7.6,58,16601,5386,5307.4461026385,-2099193,1730313
6033,Lake,CA,California,mean,10.1,23.06954018,68.300984405,32.1,7.6,29,21408,2160,1865.3485393537,-2260270,2118274
6035,Lassen,CA,California,mean,10.1,15.93835761,45.4842652,31.8,7.6,8,24610,544,410.73468271335,-2024580,2183364
6037,Los Angeles,CA,California,mean,10.3,14.61428933,97.930209569,28.8,8.1,7402,59424,445205,428359.59323973,-2051503,1400073
6039,Madera,CA,California,mean,12.3,14.265102566,74.348340853,35.9,7.7,69,49672,5476,6408.0810201715,-2057945,1839958
6041,Marin,CA,California,mean,7.2,23.44719184,97.505346503,23.3,9.2,377,16457,5748,4114.1132044443,-2287146,1992967
6043,Mariposa,CA,California,mean,9,28.79220855,44.755122293,31,7.5,6,18251,558,489.5320571381,-2071205,1889337
6045,Mendocino,CA,California,mean,9.7,23.655878648,65.933778016,31.4,7.4,76,39731,2298,3612.0897396155,-2323802,2157632
6047,Merced,CA,California,mean,12.9,11.512911007,81.069480302,38,7.2,123,36510,11935,12496.768318811,-2145095,1855331
6049,Modoc,CA,California,mean,9.7,28.437824732,54.620689655,32.4,6.3,5,6776,225,265.8280370738,-2035032,2374135
6051,Mono,CA,California,mean,8.6,17.66437684,69.700644183,29.6,6.9,10,6509,569,656.497382199,-1985228,1927408
6053,Monterey,CA,California,mean,11.1,14.4828217,90.215586457,31.7,8.2,284,40742,17548,20167.236433888,-2245780,1786962
6055,Napa,CA,California,mean,8.6,20.211149207,95.173852875,26.9,8.8,134,18290,4132,4587.8030285961,-2237711,2038896
6057,Nevada,CA,California,mean,7.6,28.476040469,82.544184818,28.2,7.8,74,41614,2630,2180.07772782535,-2094046,2088673
6059,Orange,CA,California,mean,9.1,15.744415146,99.077656057,23,8.8,3182,4315,92743,101761.273972229,-1991757,1412985
6061,Placer,CA,California,mean,7.5,20.022313849,93.092091447,28,8.7,500,48039,9388,7301.7450260041,-2084935,2059902
6063,Plumas,CA,California,mean,8.3,30.273663068,92.880242547,30.2,8,17,14810,700,408.6187509614,-2079185,2171738
6065,Riverside,CA,California,mean,10.6,14.840739588,90.973560749,34.7,8.1,1112,101212,82839,98544.2399804031,-1804356,1380852
6067,Sacramento,CA,California,mean,9.9,14.734338586,98.63298119,30.7,8,1417,29257,49679,42320.1913417406,-2174497,2013864
6069,San Benito,CA,California,mean,10.4,13.224950133,85.364979987,31.8,8.8,19,13267,2318,2284.6292460346,-2202869,1804727
6071,San Bernardino,CA,California,mean,11.7,12.098135972,86.995875606,39.1,7.8,1304,96357,73515,83547.4525965263,-1770215,1486919
6073,San Diego,CA,California,mean,9,14.884075776,97.657242362,28.4,8.5,2746,102054,99863,114396.621300269,-1946297,1319357
6075,San Francisco,CA,California,mean,8.8,17.518378903,100,19,8.5,1383,0,27519,17904.4357755037,-2284237,1966512
6077,San Joaquin,CA,California,mean,11,13.076348159,91.533597781,29.6,7.9,458,58065,28972,25396.3643339892,-2182122,1951137
6079,San Luis Obispo,CA,California,mean,8.4,21.407760304,87.126448177,27.9,8.5,237,44750,7082,7116.41098728255,-2191268,1656928
6081,San Mateo,CA,California,mean,8.3,17.47026649,99.485376261,21.1,9.3,812,13586,19721,14143.1772836381,-2277600,1926536
6083,Santa Barbara,CA,California,mean,9.8,15.991264908,96.057149359,30.1,8.6,338,21269,12565,20899.370230359,-2177537,1515637
6085,Santa Clara,CA,California,mean,8.6,14.474242485,99.477652525,20.5,9.2,2038,19307,47605,42071.4939531906,-2227637,1884329
6087,Santa Cruz,CA,California,mean,8.8,18.273510784,96.838230679,27.5,8.2,281,31589,9185,8436.48074889535,-2259553,1867652
6089,Shasta,CA,California,mean,9,21.037229808,79.384590047,31.1,7.3,136,51902,4975,4847.47581495805,-2179368,2263420
6091,Sierra,CA,California,mean,8.5,30.429485227,7.0457354759,30.4,6,1,3231,78,81.89415876185,-2061909,2113980
6093,Siskiyou,CA,California,mean,9.6,26.909651389,72.327343679,31.6,6.6,35,29556,1339,1186.3038408338,-2178248,2391337
6095,Solano,CA,California,mean,10,16.894243286,96.809418489,30.1,8.5,362,15370,14860,11313.5920577815,-2221633,2000125
6097,Sonoma,CA,California,mean,8.2,21.119725368,94.389634724,25.2,8.7,495,59776,13313,13682.0664559933,-2300466,2048159
6099,Stanislaus,CA,California,mean,10.8,13.446136431,94.383028444,33.1,8.1,360,41057,20042,17487.7234699571,-2165403,1903945
6101,Sutter,CA,California,mean,10.5,16.04635434,84.052472574,29.9,7.4,74,14019,4069,3660.52178645195,-2173069,2070613
6103,Tehama,CA,California,mean,10.4,20.17771535,59.526956205,34.3,6.9,31,32676,1826,2056.07150935535,-2178504,2218810
6105,Trinity,CA,California,mean,10.1,29.103362391,89.901936445,32.8,6.8,4,13786,282,330.87486669035,-2228666,2301842
6107,Tulare,CA,California,mean,13.1,11.648995711,73.83818379,36,7.3,206,68449,21435,19017.7295902249,-2008474,1715481
6109,Tuolumne,CA,California,mean,8.6,27.235262498,75.253505933,28.6,7.5,33,27110,1456,1168.71446301505,-2053027,1920910
6111,Ventura,CA,California,mean,9.3,16.698579635,97.879700371,28.9,8.8,684,25725,24928,28498.0805396039,-2123424,1466857
6113,Yolo,CA,California,mean,9.8,13.222051192,95.708007745,30.6,8.4,268,13918,6196,5437.46382545905,-2195195,2039088
6115,Yuba,CA,California,mean,10.4,13.196916843,82.361017469,34,7,15,18921,2604,2838.152989449,-2125783,2109668
8001,Adams,CO,Colorado,mean,9.4,11.04435592,93.955986851,30.2,8.4,242,15988,17218,28488.2391430545,-734770,1911868
8003,Alamosa,CO,Colorado,mean,11,14.715658428,81.308011724,31.4,7,13,5694,471,943.3498233215,-851259,1661504
8005,Arapahoe,CO,Colorado,mean,7.6,14.037257597,97.671088586,24.8,8.8,526,9011,21222,28234.511272456,-751132,1889154
8007,Archuleta,CO,Colorado,mean,7.4,27.324147933,90.837637548,23,7.6,12,7175,357,797.2959909155,-954684,1625044
8009,Baca,CO,Colorado,mean,9,24.985771201,53.422703936,27.9,7.2,3,3788,45,157.914396887,-548610,1599650
8011,Bent,CO,Colorado,mean,11.2,19.204723042,82.283185841,32.5,7.4,0,2467,115,126.29124164615,-623244,1677868
8013,Boulder,CO,Colorado,mean,6.2,15.927511736,95.015086559,17.6,8.8,404,26255,8522,9546.5330704726,-769366,1925235
8014,Broomfield,CO,Colorado,mean,6.2,15.025555924,99.692357513,21.7,8.7,75,326,1848,1837.4392444003,-765996,1927041
8015,Chaffee,CO,Colorado,mean,7.3,26.068546378,99.861367837,23.4,8.2,15,6663,413,853.6019511845,-879324,1812088
8017,Cheyenne,CO,Colorado,mean,7.9,22.437024019,51.887871854,25.4,8,0,1836,25,92.8837638375,-530040,1772683
8019,Clear Creek,CO,Colorado,mean,6.4,21.988143129,73.193572417,21.9,8.5,1,9088,334,313.66106480235,-817943,1899867
8021,Conejos,CO,Colorado,mean,11.2,20.007882291,6.3664388152,30,8,3,8256,196,375.873015873,-883684,1618705
8023,Costilla,CO,Colorado,mean,12.6,26.344827586,42.583595313,29.9,1.6,0,3524,114,211.311827957,-831373,1613072
8025,Crowley,CO,Colorado,mean,11.4,13.273453094,2.0938872003,29.6,7.4,0,5823,76,91.95150426585,-664914,1725109
8027,Custer,CO,Colorado,mean,7.2,33.201189296,93.920068027,23.4,8.4,1,4255,93,191.2323856615,-810209,1716197
8029,Delta,CO,Colorado,mean,8.8,27.251192319,60.40838569,25.6,7.6,22,19553,761,1446.112918045,-1013570,1832026
8031,Denver,CO,Colorado,mean,8.3,12.155235058,99.062642379,21.5,8.1,1014,0,25298,38045.005999842,-766778,1894696
8033,Dolores,CO,Colorado,mean,7,26.157697121,19.389509888,23.9,5,1,2064,55,86.8337696335,-1106198,1709590
8035,Douglas,CO,Colorado,mean,5.6,13.215805306,92.984764427,19.5,9.4,251,29367,8183,7600.3759787857,-767053,1855309
8037,Eagle,CO,Colorado,mean,7.1,13.801209468,92.37587698,21.3,8.5,45,10431,1636,3872.6603564415,-893910,1906025
8039,Elbert,CO,Colorado,mean,6.8,18.058832203,47.928017804,25.4,8.9,4,23086,587,1007.468303114,-692260,1829922
8041,El Paso,CO,Colorado,mean,7.6,13.528725366,90.110830441,27,8.1,454,55595,19761,26472.3380918821,-739620,1794530
8043,Fremont,CO,Colorado,mean,8.8,22.448198788,80.077239012,29.1,7,23,12371,1096,1390.228668942,-809365,1768195
8045,Garfield,CO,Colorado,mean,7.6,14.446357041,82.72675691,22.6,8.8,44,13592,1505,4764.888758366,-1015767,1920681
8047,Gilpin,CO,Colorado,mean,6.4,19.478971565,55.664600551,21.9,0,2,5441,239,124.9315204446,-798995,1918999
8049,Grand,CO,Colorado,mean,7,20.182849937,72.278424636,22.4,8.8,9,12260,409,891.988313329,-853749,1955828
8051,Gunnison,CO,Colorado,mean,6.9,14.293154331,90.968199551,22.8,8.5,15,8981,435,841.389609474,-946154,1816342
8053,Hinsdale,CO,Colorado,mean,7.1,31.113956466,35.025380711,24,8.3,0,843,16,54.8482944345,-984624,1705193
8055,Huerfano,CO,Colorado,mean,9,32.023121387,44.120234604,25,6.7,5,3768,217,178.86569472055,-784426,1672769
8057,Jackson,CO,Colorado,mean,7.7,25.531914894,78.390137781,25.1,8,2,1394,33,108.6585365855,-867622,2024358
8059,Jefferson,CO,Colorado,mean,6.4,17.359609787,99.036386406,23.9,8.7,500,36864,16767,16365.4041331444,-769563,1892753
8061,Kiowa,CO,Colorado,mean,8.4,24.517906336,58.437067773,27.7,5.3,0,1398,32,49.651459854,-556122,1739106
8063,Kit Carson,CO,Colorado,mean,8.5,20.561151079,49.710737971,27.4,8.2,3,4027,126,452.4917295935,-529276,1842054
8065,Lake,CO,Colorado,mean,8.1,14.540299716,85.86605702,26.3,6.1,3,2271,218,700.4056703365,-879826,1860979
8067,La Plata,CO,Colorado,mean,7.2,19.873777778,74.405981523,23.4,8.4,73,30774,1657,2648.014797951,-1048771,1650210
8069,Larimer,CO,Colorado,mean,6.9,16.930596663,92.079172074,23.9,8.4,309,34938,9617,11487.412819779,-792897,2019539
8071,Las Animas,CO,Colorado,mean,10.2,25.421991389,72.380625215,29.1,6.7,7,6326,426,656.552419355,-732320,1626312
8073,Lincoln,CO,Colorado,mean,9,17.176511955,55.54185022,30.6,7.8,4,5467,99,190.5766283525,-645148,1807185
8075,Logan,CO,Colorado,mean,8.9,18.141201657,77.675585284,27.8,7.9,14,6621,480,889.1196202095,-586600,2021904
8077,Mesa,CO,Colorado,mean,7.9,20.488766009,62.934561312,28.2,7.5,183,18599,4421,7281.57339327,-1068435,1854000
8079,Mineral,CO,Colorado,mean,6.6,28.896103896,100,23.3,8.1,1,712,23,39.9053537285,-950178,1692765
8081,Moffat,CO,Colorado,mean,8.5,16.776640121,79.950346073,26.6,6.6,2,3774,347,733.7445959735,-1022299,2028116
8083,Montezuma,CO,Colorado,mean,8.4,23.954154728,67.182482881,26.2,7.6,28,17155,735,1545.223801869,-1117764,1656867
8085,Montrose,CO,Colorado,mean,8.1,25.083395107,67.658567445,26.8,7.8,36,18570,1122,2311.7245908835,-1060097,1775546
8087,Morgan,CO,Colorado,mean,9.5,16.043849972,76.036549758,33.7,8.5,18,9165,793,1925.159530093,-659561,1952120
8089,Otero,CO,Colorado,mean,10.8,20.506615037,68.245050829,31.9,7.4,9,6479,512,853.1523934045,-665776,1698184
8091,Ouray,CO,Colorado,mean,6.4,30.208540218,47.804677883,22.8,8.7,6,4436,122,193.369894316,-1020123,1746721
8093,Park,CO,Colorado,mean,6.9,23.16027088,52.121909143,24,8.1,4,16206,463,673.10050925605,-833785,1850235
8095,Phillips,CO,Colorado,mean,8.7,22.074468085,77.505518764,27.5,9.3,5,4442,71,284.9068105805,-519383,1979191
8097,Pitkin,CO,Colorado,mean,5.9,21.864191838,94.613434728,20.7,8.6,15,7580,613,666.1752420666,-931188,1852922
8099,Prowers,CO,Colorado,mean,10,18.347782594,67.355612968,32.1,7.1,4,4755,284,736.2541245345,-531763,1674694
8101,Pueblo,CO,Colorado,mean,10.3,19.091863084,77.528216839,29.6,6.3,113,22513,6151,6203.18366290625,-741689,1718178
8103,Rio Blanco,CO,Colorado,mean,8,18.267449043,88.436207689,25.9,8.5,9,6666,162,286.117865011,-1015008,1964192
8105,Rio Grande,CO,Colorado,mean,9.7,22.107293128,79.590952422,28.1,7.7,10,7493,360,645.427240978,-917626,1676094
8107,Routt,CO,Colorado,mean,6.5,17.902833685,75.431954569,20.4,8.6,32,10621,681,1167.047860145,-914598,2008297
8109,Saguache,CO,Colorado,mean,9.8,25.45201669,23.005653266,26.8,6.8,1,6108,206,398.2881930595,-887795,1722167
8111,San Juan,CO,Colorado,mean,8.2,24.82946794,98.865248227,26,5.4,0,699,21,55.687615527,-1016723,1709369
8113,San Miguel,CO,Colorado,mean,6.8,17.029972752,78.666997027,23.1,8.1,7,7359,294,457.195897741,-1073872,1735412
8115,Sedgwick,CO,Colorado,mean,8.8,29.66609589,0,28,7.7,1,2379,44,112.794871795,-529029,2021823
8117,Summit,CO,Colorado,mean,6.6,15.29039139,99.987119626,20,8.7,24,5464,909,1987.124605192,-857289,1896976
8119,Teller,CO,Colorado,mean,7,24.681055926,83.188992311,24,8.4,12,14618,645,806.67881691315,-785374,1806414
8121,Washington,CO,Colorado,mean,8,21.415346636,42.080132863,28,7.5,3,4814,90,184.9710024855,-621027,1908018
8123,Weld,CO,Colorado,mean,8.5,12.641602654,83.957432192,32.2,8.4,195,51728,9478,16789.3875013155,-750158,1942105
8125,Yuma,CO,Colorado,mean,8.4,18.549441706,70.244293152,27.5,8.6,6,6519,155,703.8287601625,-521940,1919076
9001,Fairfield,CT,Connecticut,mean,7.2,16.525139409,97.526683719,23.5,8.4,918,42028,28397,25237.7666442284,1864146,2256518
9003,Hartford,CT,Connecticut,mean,9.4,17.674225682,95.391318269,31.8,8.1,856,48354,30681,17016.8883586728,1895365,2335065
9005,Litchfield,CT,Connecticut,mean,7,22.794054054,81.445141641,29.4,8.4,100,78722,5574,3273.86084951615,1861288,2314208
9007,Middlesex,CT,Connecticut,mean,7.2,21.664977331,97.275411732,28.4,8.2,129,40657,4709,2400.43913767595,1923955,2291006
9009,New Haven,CT,Connecticut,mean,9.4,18.085098993,95.686229165,33.3,7.9,740,31394,29734,18861.3061030901,1902721,2275175
9011,New London,CT,Connecticut,mean,7.7,19.286471606,91.375695854,31.3,7.6,167,70729,8873,5529.19022387295,1960251,2300915
9013,Tolland,CT,Connecticut,mean,7.8,16.898990638,73.22949769,28.2,8.2,81,58340,4279,2092.36232762,1928610,2351864
9015,Windham,CT,Connecticut,mean,8.8,17.878678555,73.127007851,33.6,7.9,52,58931,3860,2441.64381646125,1953875,2346063
10001,Kent,DE,Delaware,mean,11.3,17.938191356,64.075534366,39.1,7.6,84,43774,5069,6114.1991106957,1739742,1987182
10003,New Castle,DE,Delaware,mean,10.2,16.611801829,93.540428827,33.7,8.1,514,24783,16129,15686.9895880847,1721989,2036127
10005,Sussex,DE,Delaware,mean,9.1,29.75109786,64.954629325,37.1,7.9,143,81428,5358,6969.1682875011,1764189,1929924
11001,District of Columbia,DC,District of Columbia,mean,8.1,12.81068577,100,24.2,8.7,896,0,25095,10825.8535643096,1617840,1933575
12001,Alachua,FL,Florida,mean,10.5,15.217484726,87.235517187,31.9,7.6,443,52419,5142,12446.258024577,1317739,829181
12003,Baker,FL,Florida,mean,10.4,14.553369319,49.152482395,38,7,8,16131,449,1456.970535754,1316377,914961
12005,Bay,FL,Florida,mean,10.2,18.473164851,71.387316227,31.1,7.1,111,20262,3333,11258.2869265445,993375,844944
12007,Bradford,FL,Florida,mean,12.3,18.051857043,47.291806522,38.3,7.7,6,21541,448,1333.487095075,1330859,856140
12009,Brevard,FL,Florida,mean,9.6,24.2193024,85.606285402,33,7.3,441,27573,11702,31377.8933314585,1498637,723333
12011,Broward,FL,Florida,mean,10.7,17.523717195,98.566634523,30.6,8.4,1459,296,50390,132971.387345839,1581103,476112
12013,Calhoun,FL,Florida,mean,11.6,18.957554431,35.52901524,37.1,5.9,5,9874,218,790.0518945635,1034782,876325
12015,Charlotte,FL,Florida,mean,8.6,40.541872174,87.244644014,30,6.8,111,14213,3188,9483.434142477,1378540,526230
12017,Citrus,FL,Florida,mean,9.2,36.287266816,77.625241317,31.6,6.2,72,48753,2687,7134.0616743595,1303545,736849
12019,Clay,FL,Florida,mean,9.6,16.622069518,78.26983436,35.2,8,116,28570,3804,12320.694246775,1357707,871457
12021,Collier,FL,Florida,mean,9.4,33.079693248,92.372362622,27.2,8.1,316,27284,6617,23202.9695497825,1453238,440846
12023,Columbia,FL,Florida,mean,11,19.677488101,67.182702517,34.3,7.7,30,41908,1324,3815.2626017965,1279103,907717
12027,DeSoto,FL,Florida,mean,13.8,22.608114392,63.518365905,41.6,7,7,16121,561,3324.6984126985,1400207,562094
12029,Dixie,FL,Florida,mean,11.2,23.997193311,27.107822662,38.5,7.5,3,12649,257,815.9153902595,1230374,799452
12031,Duval,FL,Florida,mean,11.3,14.905068829,90.136274103,34.6,7.3,804,25163,21957,52126.552175405,1377825,916419
12033,Escambia,FL,Florida,mean,10.2,17.370265827,78.814246439,35.4,7,241,24709,6613,17365.0384442275,821451,892621
12035,Flagler,FL,Florida,mean,9.5,31.126583535,89.061172841,32.6,6.7,59,9877,2242,5879.8469617545,1419793,826989
12037,Franklin,FL,Florida,mean,11.2,24.562519885,58.830616015,38.4,7.7,4,7858,179,684.6730038025,1067070,803883
12039,Gadsden,FL,Florida,mean,14.3,19.343917281,53.710126409,43,7.9,11,30329,1033,2854.273200962,1082451,906319
12041,Gilchrist,FL,Florida,mean,10.4,21.067538126,32.613076579,36,8.3,7,14215,270,1107.5284775465,1268912,839291
12043,Glades,FL,Florida,mean,12.9,28.110184731,10.514596734,40.1,5.9,0,9101,211,1151.4071630535,1475729,561345
12045,Gulf,FL,Florida,mean,9.7,25.962542644,59.371476888,32.6,8.1,7,12228,190,729.0234619395,1029366,811610
12047,Hamilton,FL,Florida,mean,13.4,18.645036804,25.199942873,38.7,6.5,1,9395,250,706.408740942,1238246,919118
12049,Hardee,FL,Florida,mean,14,16.857423795,30.907726932,40.6,6.6,3,13258,424,2009.3415120345,1397643,601966
12051,Hendry,FL,Florida,mean,15.2,13.717659316,56.914611676,37.1,7,10,14831,952,4895.820631865,1487427,504065
12053,Hernando,FL,Florida,mean,10.1,26.63204378,81.448217361,35.9,6.8,106,33476,3742,11133.3698300195,1315076,703707
12055,Highlands,FL,Florida,mean,11.5,35.706126084,76.640489949,39.1,6.1,59,20810,2058,6181.4180120245,1465549,584233
12057,Hillsborough,FL,Florida,mean,10.5,14.827350131,91.119442758,29.5,7.7,1228,43181,32698,79803.8733986135,1331992,630789
12059,Holmes,FL,Florida,mean,11.7,19.970683381,19.198086806,36.5,5.6,7,15697,283,1165.428030303,977162,918813
12061,Indian River,FL,Florida,mean,9,34.298737642,81.770846371,32.3,7.2,97,6857,3076,9121.1904898145,1523855,639747
12063,Jackson,FL,Florida,mean,12.8,20.187025622,26.809526829,35,7.5,17,37490,789,2155.6800955785,1031665,930131
12065,Jefferson,FL,Florida,mean,11.2,24.472689797,48.228807719,35.4,7.7,5,14761,235,756.822454308,1154691,895415
12067,Lafayette,FL,Florida,mean,12.4,17.203531377,47.483588621,37.3,7.9,1,8870,111,524.152301404,1234081,859797
12069,Lake,FL,Florida,mean,10.6,26.494426534,86.569294398,35.5,7.1,230,57194,7458,20965.2897338685,1403544,751665
12071,Lee,FL,Florida,mean,9.6,29.052915317,86.032475402,27.9,7.3,512,36013,14901,52763.1327561365,1391562,491952
12073,Leon,FL,Florida,mean,10.4,14.493010993,83.514945345,35,7.4,262,33911,6470,12710.386829932,1129559,900147
12075,Levy,FL,Florida,mean,11.4,25.340821595,54.528719562,36.9,7.4,7,37557,754,2836.760472276,1272646,771642
12077,Liberty,FL,Florida,mean,12,15.949367089,23.150238274,39.7,6.7,0,8365,108,414.1953976585,1065088,864757
12079,Madison,FL,Florida,mean,14.5,21.188757655,46.499332146,39.9,6.3,2,15381,381,1031.773381295,1198791,910516
12081,Manatee,FL,Florida,mean,9.6,28.402749677,89.514147757,31.1,7.9,254,18693,7175,22691.829952918,1326378,590635
12083,Marion,FL,Florida,mean,10.1,28.733529404,69.908328634,38.2,7,228,102796,6983,20011.456303671,1355015,787604
12085,Martin,FL,Florida,mean,8.5,31.962211302,97.117357083,28.7,7.7,104,12403,2614,7780.752549378,1556358,580951
12086,Miami-Dade,FL,Florida,mean,13,16.86025529,98.465707813,30.1,8.4,2239,10095,68341,192424.81460721,1570631,392530
12087,Monroe,FL,Florida,mean,9.2,23.737373737,80.588604387,30.4,7.6,54,6369,1368,4848.215579808,1516464,319715
12089,Nassau,FL,Florida,mean,8.7,23.129027806,80.630201877,30.5,7.4,40,35298,1461,4391.7649105015,1356268,947613
12091,Okaloosa,FL,Florida,mean,9.1,16.352723266,81.268306971,31.6,7.4,153,21878,3315,12636.7924485815,903220,895075
12093,Okeechobee,FL,Florida,mean,11.4,20.031788606,69.415296136,33.9,5.5,18,14618,720,3246.1983434185,1499684,602080
12095,Orange,FL,Florida,mean,10.9,12.805729203,92.577914104,30.4,7.5,1308,23402,38318,87996.8866889415,1424858,724369
12097,Osceola,FL,Florida,mean,12.4,13.374016197,74.804968919,35.4,6.5,157,21014,11669,23888.356578903,1445407,674011
12099,Palm Beach,FL,Florida,mean,10,24.540533396,95.662552582,27.5,8.2,1193,13763,31669,100616.559633338,1580342,522574
12101,Pasco,FL,Florida,mean,9.9,22.07863139,84.438440908,31.6,7.1,302,43990,10866,28790.093463232,1313864,677966
12103,Pinellas,FL,Florida,mean,9.1,25.857424356,98.885942861,27.5,7.8,858,2603,19465,49276.8852949275,1301700,634103
12105,Polk,FL,Florida,mean,11.3,19.845923134,71.812133299,36.3,6.8,340,81346,17585,45758.024809378,1408774,664363
12107,Putnam,FL,Florida,mean,12.1,23.704612564,52.667039457,36.6,6.9,29,41765,1648,4753.2624201235,1379666,826961
12109,St. Johns,FL,Florida,mean,8,20.545977994,86.236079364,24.6,8.5,266,45179,4310,11208.531120332,1399296,871249
12111,St. Lucie,FL,Florida,mean,10.4,24.442704589,82.115325035,35.2,6.9,113,9326,7364,22286.5364988965,1542684,607033
12113,Santa Rosa,FL,Florida,mean,9.1,16.404292828,68.752659574,30.6,7.7,108,31772,2938,11000.171421302,853933,899822
12115,Sarasota,FL,Florida,mean,7.9,37.219638659,90.631235513,26.6,7.9,354,16394,7365,21634.410609907,1349961,551886
12117,Seminole,FL,Florida,mean,9.3,16.387608409,94.399986408,30.1,8.2,370,13348,9956,24362.125107509,1430775,747969
12119,Sumter,FL,Florida,mean,9,58.171014023,88.80248474,33.9,7.9,54,32664,1831,2915.9399877525,1356788,724667
12121,Suwannee,FL,Florida,mean,10.6,21.766887715,37.631687905,35.6,7.7,6,34557,777,2735.0133953665,1241961,876917
12123,Taylor,FL,Florida,mean,11.5,21.013064405,64.016333272,37.3,6.2,5,15637,404,1077.458005158,1189580,839511
12125,Union,FL,Florida,mean,12.2,14.912764004,5.3260667616,35.9,6.3,4,10478,170,427.68404908,1304503,866644
12127,Volusia,FL,Florida,mean,10.2,25.035789459,82.382759786,35.1,7.1,378,49179,11790,30517.54139611,1429445,780276
12129,Wakulla,FL,Florida,mean,9.4,16.102623234,71.990877858,33,8.8,11,18982,488,1779.975646221,1126750,852876
12131,Walton,FL,Florida,mean,9.4,20.102661454,76.735940509,29.5,7.4,37,34746,1195,4961.383689636,937652,896572
12133,Washington,FL,Florida,mean,12.4,17.557792106,61.31605972,36.8,5.3,6,21050,428,1845.99727743,985474,897465
13001,Appling,GA,Georgia,mean,13.5,18.557983557,38.370201692,38,5.6,6,13028,332,1431.928087691,1286077,1063488
13003,Atkinson,GA,Georgia,mean,15.5,13.824335598,0,41.5,6.3,0,8375,131,909.37889671,1241691,1002131
13005,Bacon,GA,Georgia,mean,13.1,17.194692662,62.315978456,40,7.4,6,7688,157,816.8126513665,1273345,1038376
13007,Baker,GA,Georgia,mean,14.8,24.902447676,0,42.8,5,0,3451,56,209.3984962405,1091332,982820
13009,Baldwin,GA,Georgia,mean,13.4,17.057627738,46.062695495,42.9,6.6,20,16066,846,2541.6056437165,1180541,1194231
13011,Banks,GA,Georgia,mean,10.9,18.187695291,30.97865262,36.5,8.1,4,17260,262,1741.0423182485,1140166,1332766
13013,Barrow,GA,Georgia,mean,10.7,12.841284128,70.519130591,36.2,7.6,20,20853,1233,7120.139395377,1122610,1290935
13015,Bartow,GA,Georgia,mean,10.6,14.645940655,55.834198033,34.2,7.2,42,35283,1801,8291.0219830495,1024420,1297855
13017,Ben Hill,GA,Georgia,mean,14.8,18.236391188,54.257299058,44.4,6,9,5996,292,1165.9343629345,1199991,1049324
13019,Berrien,GA,Georgia,mean,12.4,17.391304348,26.574889868,36.5,6.5,4,14685,285,1437.672338513,1211207,999450
13021,Bibb,GA,Georgia,mean,14.9,16.209285414,73.961842055,40.9,6.2,228,22415,3404,7954.2773845565,1142471,1162302
13023,Bleckley,GA,Georgia,mean,11.7,17.315776949,79.23388699,38.5,6.1,5,6739,229,617.1590314135,1181114,1124129
13025,Brantley,GA,Georgia,mean,12.1,17.363681565,17.285389268,38.2,7.6,3,18309,266,1651.0187227495,1321621,1004277
13027,Brooks,GA,Georgia,mean,13.8,20.41180086,43.451322005,39.8,7.5,3,11539,255,953.503216523,1187656,949524
13029,Bryan,GA,Georgia,mean,9.5,10.703481188,65.601949126,34.8,7.8,27,15825,573,2785.1811393805,1369451,1095256
13031,Bulloch,GA,Georgia,mean,12.5,12.121248878,56.654212752,38.1,7.2,42,33903,1567,5716.013234783,1322541,1140654
13033,Burke,GA,Georgia,mean,13.7,17.1534348,33.383476988,41.9,7.5,7,17486,535,1327.325600755,1295620,1213248
13035,Butts,GA,Georgia,mean,13.2,15.604514953,59.200283086,39.7,7,6,18437,405,1524.335624347,1108710,1212171
13037,Calhoun,GA,Georgia,mean,17.1,16.645489199,0,44.2,7.3,1,6694,90,298.0047003525,1073638,1009928
13039,Camden,GA,Georgia,mean,11,14.722262144,61.74591002,37.3,6.7,16,15883,685,3295.8425324315,1369618,975278
13043,Candler,GA,Georgia,mean,14,18.564827399,58.38266096,41.1,7.4,2,7365,182,947.037735849,1299052,1131993
13045,Carroll,GA,Georgia,mean,11.4,13.926603699,65.19203008,37.4,6.3,59,46228,2067,8225.7815161195,1000060,1232980
13047,Catoosa,GA,Georgia,mean,9.2,18.519818121,80.831565299,34.5,7.7,33,17969,906,3887.530782889,977548,1380331
13049,Charlton,GA,Georgia,mean,14.1,15.995613348,53.387122544,43,7.5,4,6210,157,927.086808363,1322503,941654
13051,Chatham,GA,Georgia,mean,11.5,16.532975173,87.674192576,36.1,7.2,270,11944,6233,17191.6687582005,1402301,1098868
13053,Chattahoochee,GA,Georgia,mean,13.5,5.0729442971,57.365394668,38.6,3.7,12,3326,86,489.72420994,1043116,1102469
13055,Chattooga,GA,Georgia,mean,12.7,18.450184502,58.65812137,38.7,5.2,2,14974,455,1625.563257957,959886,1326783
13057,Cherokee,GA,Georgia,mean,8.9,15.421590226,83.5559973,32.8,8.5,116,36659,3645,15726.5001647675,1056894,1314781
13059,Clarke,GA,Georgia,mean,13,12.051805984,76.609336991,36.8,5.6,106,6839,2245,7779.7368745895,1156776,1293723
13061,Clay,GA,Georgia,mean,16.6,28.660652325,25.842696629,44.5,6.6,1,3183,90,173.549222798,1032057,1017503
13063,Clayton,GA,Georgia,mean,15.3,10.423426456,74.602059846,38.8,6.7,76,2303,9189,22605.1777923095,1066446,1234596
13065,Clinch,GA,Georgia,mean,15.8,16.698884758,0.1037190695,44.1,7,1,4108,89,567.0317940955,1274882,945889
13067,Cobb,GA,Georgia,mean,9.6,13.306824969,91.032162151,33.1,8.3,591,1694,13807,44825.8854957375,1037971,1279467
13069,Coffee,GA,Georgia,mean,13.7,14.119762135,54.650515177,39.5,7.6,25,28202,766,3364.6914020965,1230165,1028130
13071,Colquitt,GA,Georgia,mean,14.2,16.128961844,53.087280492,40.2,6.6,19,26821,713,4207.026415561,1158867,979405
13073,Columbia,GA,Georgia,mean,9.3,14.431310645,68.674443946,33.8,8.7,167,20131,2058,8410.6296157185,1267834,1266464
13075,Cook,GA,Georgia,mean,13.7,16.59796807,68.512391897,40,7.9,10,10226,280,1224.210139735,1189817,982463
13077,Coweta,GA,Georgia,mean,9.8,14.879031182,65.345037562,36.7,7.8,72,41929,2557,8814.911379294,1039452,1204511
13079,Crawford,GA,Georgia,mean,12,19.937464001,3.4872217642,38,6.4,1,12630,204,876.571421102,1123461,1147360
13081,Crisp,GA,Georgia,mean,15.5,19.915488707,46.045310016,41.4,6.6,15,11023,862,1510.5922853335,1136726,1056622
13083,Dade,GA,Georgia,mean,10.1,20.403038099,70.186450065,34.3,0,6,11997,210,1016.0374120835,946685,1365408
13085,Dawson,GA,Georgia,mean,8.7,20.307400779,89.58504366,31.6,8.8,17,17933,350,1916.898008674,1071171,1339119
13087,Decatur,GA,Georgia,mean,13.9,16.870996625,57.997071543,43.6,7.2,10,15724,415,1660.1403370455,1085514,935529
13089,DeKalb,GA,Georgia,mean,12,13.579326346,88.474480037,30.1,7.7,834,1820,18524,44378.9775084955,1074308,1267304
13091,Dodge,GA,Georgia,mean,13.1,19.115339845,55.523212045,39,7.8,7,15743,296,1150.3543929605,1203424,1098965
13093,Dooly,GA,Georgia,mean,14.2,21.864951768,31.352605282,40.5,5.4,1,8006,359,667.579137572,1139991,1087693
13095,Dougherty,GA,Georgia,mean,16,16.810852859,75.318801725,44.9,4.9,69,13201,2384,5159.934943322,1113965,1014055
13097,Douglas,GA,Georgia,mean,12.3,12.216933902,78.3356559,37.4,7.4,61,20863,3230,10554.4106932085,1032563,1250568
13099,Early,GA,Georgia,mean,15.4,19.61578303,60.788649346,41.5,7.2,6,7260,217,554.640062598,1041643,974144
13101,Echols,GA,Georgia,mean,12.7,13.409029467,0.2163916689,39,6.1,0,4034,52,422.6413782905,1247304,940050
13103,Effingham,GA,Georgia,mean,10.1,12.206889318,50.321913261,36.9,8.5,14,35035,974,4198.8517030905,1369519,1148045
13105,Elbert,GA,Georgia,mean,13.4,21.150211962,49.014615267,37.7,6.5,9,14241,381,1342.5936988545,1208706,1319678
13107,Emanuel,GA,Georgia,mean,14.1,16.455361859,45.072030921,40.5,5.9,9,15114,458,1644.6023961945,1271589,1149673
13109,Evans,GA,Georgia,mean,14.2,16.210644678,69.491368108,40.1,7.9,5,6741,181,774.324719649,1317558,1115415
13111,Fannin,GA,Georgia,mean,9.9,30.785916257,85.643192859,31,8.1,12,23682,334,1707.8334432355,1055054,1382803
13113,Fayette,GA,Georgia,mean,9.3,19.495911225,81.576253838,31.4,8.9,130,19372,1695,5707.6257050765,1060317,1215681
13115,Floyd,GA,Georgia,mean,12.3,17.044476618,80.88736509,38.1,6.4,145,35466,1614,7447.629351527,976935,1312362
13117,Forsyth,GA,Georgia,mean,8.3,12.357516737,89.856854622,26.8,8.7,97,17414,3157,11367.0495084705,1083414,1306564
13119,Franklin,GA,Georgia,mean,11,19.08345596,41.820355191,35.3,0,8,19639,371,1617.418274562,1162600,1341411
13121,Fulton,GA,Georgia,mean,10.2,12.383721913,93.997806339,29.3,7.6,1194,9921,26480,50074.021528209,1057206,1259148
13123,Gilmer,GA,Georgia,mean,10.4,26.32236308,79.536248525,34.5,7.4,18,24796,374,2547.4200103325,1042663,1360071
13125,Glascock,GA,Georgia,mean,11.5,18.636519356,0,36.3,5.4,1,3082,33,209.9098497495,1233349,1223084
13127,Glynn,GA,Georgia,mean,11.4,21.411628648,78.631699783,36.3,6.9,46,16376,1474,5991.16823762,1379428,1008637
13129,Gordon,GA,Georgia,mean,11.6,15.376822295,62.818017517,37.3,7.1,25,28453,923,5143.587871287,1007070,1341237
13131,Grady,GA,Georgia,mean,13.1,19.256887105,38.508156731,39.6,8,13,15597,345,1955.185379137,1118829,935011
13133,Greene,GA,Georgia,mean,11.8,29.847461097,69.066878139,38.6,7.5,13,13235,270,1101.538395438,1179834,1252154
13135,Gwinnett,GA,Georgia,mean,11.3,11.013471623,82.0695002,30.2,8.1,619,3910,17181,64880.300044247,1085263,1285686
13137,Habersham,GA,Georgia,mean,10.6,18.367041519,69.848580305,35.6,7.6,21,25292,662,3769.74337649,1130481,1371205
13139,Hall,GA,Georgia,mean,11.1,15.852417671,67.089043793,32.8,7.9,119,36937,2792,17420.227339482,1105357,1324644
13141,Hancock,GA,Georgia,mean,17.5,24.750869061,0.1946193475,46.9,4.9,1,5807,161,326.4153969525,1198778,1216212
13143,Haralson,GA,Georgia,mean,10,15.89035719,48.236906314,32.5,7.5,13,22264,447,2030.0557768925,987327,1255597
13145,Harris,GA,Georgia,mean,9.5,19.03665862,18.48678897,32.1,9.2,10,30962,484,1686.3456240435,1020398,1135981
13147,Hart,GA,Georgia,mean,11.3,22.571850506,51.053120644,35.9,0,10,18775,456,1753.9487179485,1182828,1348284
13149,Heard,GA,Georgia,mean,11.3,17.501080847,0.4381352962,36.5,7.2,2,11834,203,774.9227352545,999713,1201985
13151,Henry,GA,Georgia,mean,11.3,12.253552715,69.517099272,40.7,7.9,115,28250,4992,13723.201763815,1087081,1232357
13153,Houston,GA,Georgia,mean,11.2,13.301644199,73.432620559,37.2,7.8,89,13937,2568,8713.932893269,1149013,1125609
13155,Irwin,GA,Georgia,mean,13.3,17.966313163,48.779226154,41.2,7.6,3,6172,161,530.029533918,1197123,1033883
13157,Jackson,GA,Georgia,mean,9.7,14.352440027,65.874030063,34.2,8,48,36300,1019,4929.1244403475,1135840,1307659
13159,Jasper,GA,Georgia,mean,11.8,17.430291923,56.018645462,37.6,8.2,5,11365,227,1160.4001807075,1130372,1213426
13161,Jeff Davis,GA,Georgia,mean,13.1,16.198224852,57.013329725,37.3,6,2,10474,242,1274.258907556,1262544,1069906
13163,Jefferson,GA,Georgia,mean,14.9,18.75161041,50.557005538,41.2,8,4,13657,327,1071.2259577795,1257517,1211864
13165,Jenkins,GA,Georgia,mean,16.7,17.120037041,61.65552225,42.8,7,3,5513,151,537.4515582655,1303625,1181252
13167,Johnson,GA,Georgia,mean,15,19.890829694,0,40.5,6.7,4,6528,147,567.2644861365,1232745,1161578
13169,Jones,GA,Georgia,mean,11.1,18.193661972,86.428899002,36,7.6,6,19413,418,1682.2680725505,1155444,1183420
13171,Lamar,GA,Georgia,mean,11.8,16.724318658,52.302702703,37,7.3,6,11150,345,1035.549348869,1095251,1182812
13173,Lanier,GA,Georgia,mean,13.8,14.686585243,45.31740407,40.5,7.3,0,7168,147,720.1529829385,1228889,965131
13175,Laurens,GA,Georgia,mean,13.5,18.132278443,52.263465806,42.6,6.5,41,27435,844,2901.3139346475,1217697,1134670
13177,Lee,GA,Georgia,mean,10.4,13.558408907,53.022947261,34.7,8.2,19,10252,466,1728.34193792,1125982,1049478
13179,Liberty,GA,Georgia,mean,13,10.214423765,67.567733235,41.5,6.6,19,14696,1045,3792.6861118495,1375942,1074620
13181,Lincoln,GA,Georgia,mean,12.4,24.958059104,74.122236671,40,7.8,2,7996,143,631.6664376505,1243145,1281529
13183,Long,GA,Georgia,mean,13.5,10.371968284,32.131370609,37.5,7.8,1,11765,257,1622.7948902585,1342342,1070605
13185,Lowndes,GA,Georgia,mean,12.7,12.844159764,75.727900821,39.5,7.1,65,29716,2103,7799.2268589895,1202723,950393
13187,Lumpkin,GA,Georgia,mean,10.2,18.565843982,84.731844243,34.1,8.6,11,25154,479,2543.709550675,1087842,1354550
13189,McDuffie,GA,Georgia,mean,13.5,18.559608006,50.938424556,41.6,8.1,10,13335,447,1352.1563296515,1246168,1254917
13191,McIntosh,GA,Georgia,mean,12.1,28.859120741,53.93166287,36.8,7.8,0,10651,225,817.653706688,1384653,1046028
13193,Macon,GA,Georgia,mean,17.1,18.443852049,43.933123655,43.4,7.6,1,7840,295,829.509771589,1113305,1103558
13195,Madison,GA,Georgia,mean,11.3,17.691435972,6.1553784861,35.3,7.7,5,25836,415,2346.4791920175,1165270,1315711
13197,Marion,GA,Georgia,mean,12.5,21.505376344,0,39,8.6,0,8742,118,583.8109102055,1069139,1095906
13199,Meriwether,GA,Georgia,mean,13.6,21.093637282,33.406102945,41.1,7.4,6,18316,468,1480.6693668995,1049008,1177267
13201,Miller,GA,Georgia,mean,12.5,22.182801149,19.683333333,39.9,8.2,2,6125,84,353.663988658,1066164,964709
13205,Mitchell,GA,Georgia,mean,15.8,17.364434738,59.9172604,40.5,6.8,9,12809,415,1387.0147847705,1114193,976845
13207,Monroe,GA,Georgia,mean,10.7,19.371691279,64.80309046,31.8,8.2,17,21200,410,1654.191768663,1119779,1186983
13209,Montgomery,GA,Georgia,mean,12.8,17.589275396,0,37.7,7.9,0,9005,159,594.0796212945,1258779,1103358
13211,Morgan,GA,Georgia,mean,9.9,20.542767143,29.069015276,34.5,7.9,8,13467,309,1161.5498855085,1144798,1246847
13213,Murray,GA,Georgia,mean,11.2,15.438912668,68.083456333,37.5,7.4,7,27790,665,3679.0372220385,1015520,1373909
13215,Muscogee,GA,Georgia,mean,13.1,14.178302378,85.707657958,38.2,6.7,213,5654,4076,12466.877067422,1034239,1110418
13217,Newton,GA,Georgia,mean,12.6,13.251267825,62.406763689,41.3,7,29,31231,2346,7779.787301655,1119659,1241653
13219,Oconee,GA,Georgia,mean,7.9,16.377286568,73.65965693,29.8,9.1,49,16508,443,1944.073926045,1148562,1277284
13221,Oglethorpe,GA,Georgia,mean,11.2,19.227212682,25.89544688,35.3,8.4,0,14788,201,1318.8179637745,1184854,1286971
13223,Paulding,GA,Georgia,mean,10.2,11.246978939,67.067668281,34.3,7.8,25,28540,2694,10798.092203243,1021986,1262496
13225,Peach,GA,Georgia,mean,13.2,16.849069219,69.243415175,38.8,7,6,10586,562,2099.2795563045,1129431,1130409
13227,Pickens,GA,Georgia,mean,9.6,22.64577945,75.900168593,33.1,7.8,15,21515,434,2338.1613563055,1047504,1336847
13229,Pierce,GA,Georgia,mean,11.8,17.561073288,66.052951917,36.5,7.9,5,14885,269,1441.5561385765,1300688,1019698
13231,Pike,GA,Georgia,mean,9.8,16.054833907,42.267986659,34.2,9,4,17684,253,1227.7578532365,1072998,1185467
13233,Polk,GA,Georgia,mean,12.1,15.578443995,73.966816792,40.1,6.7,11,21327,657,3336.46299562,991047,1278985
13235,Pulaski,GA,Georgia,mean,13.3,22.950489059,80.32470827,38.5,7.7,7,8011,146,563.634216669,1171356,1101948
13237,Putnam,GA,Georgia,mean,12.1,24.812928935,72.749126865,40.1,7,8,17175,347,1429.683165292,1163816,1218770
13239,Quitman,GA,Georgia,mean,13.6,32.189032546,42.281879195,40.1,8.2,0,1837,38,182.577522004,1027117,1042226
13241,Rabun,GA,Georgia,mean,10.8,28.646533092,100,35.1,7.7,12,12904,236,1374.308387953,1141391,1394257
13243,Randolph,GA,Georgia,mean,18.1,25.719739144,61.058365759,47.6,5.6,1,3908,123,429.414929388,1056021,1032444
13245,Richmond,GA,Georgia,mean,15,14.957724154,75.382731466,41.7,5.5,223,18483,4515,12736.2419752765,1278377,1243158
13247,Rockdale,GA,Georgia,mean,13.2,15.355753492,82.673933953,43.3,7.6,62,12725,2062,5866.9323603475,1096897,1252579
13249,Schley,GA,Georgia,mean,11.8,17.753461367,24.037827139,37.1,8.5,1,5010,79,337.851534618,1094475,1095967
13251,Screven,GA,Georgia,mean,12.9,20.205600851,48.133930476,39,6.9,2,11517,288,880.838908535,1342672,1183056
13253,Seminole,GA,Georgia,mean,13.4,23.833858867,16.923581502,38.3,6.7,8,5984,114,504.898173207,1050816,940330
13255,Spalding,GA,Georgia,mean,12.4,18.747146917,66.81425133,39.7,6.7,29,26667,1357,4414.9357531205,1071605,1201870
13257,Stephens,GA,Georgia,mean,10.6,20.249395124,65.094832736,34.7,7.5,18,15329,453,1682.3433014355,1153859,1362357
13259,Stewart,GA,Georgia,mean,17,14.117206516,0.9220925856,41.5,6.5,0,6058,98,400.4693643095,1038264,1069757
13261,Sumter,GA,Georgia,mean,14.3,17.498207151,55.436250675,41.6,7.3,19,13713,707,1794.7103956985,1100739,1071804
13263,Talbot,GA,Georgia,mean,14.8,26.802507837,10.989010989,42.8,6.8,2,6445,126,379.0016062415,1064074,1131405
13265,Taliaferro,GA,Georgia,mean,16.2,28.754813864,34.38101347,43.2,3,0,1717,27,125.777881912,1204404,1258788
13267,Tattnall,GA,Georgia,mean,13.7,15.005205622,51.357149111,39.1,7.3,6,17414,308,1636.1930870085,1310989,1090404
13269,Taylor,GA,Georgia,mean,15.1,21.836132838,21.890992835,40.7,6.7,0,8906,168,518.4507042255,1096542,1126256
13271,Telfair,GA,Georgia,mean,16.3,18.809408732,57.626031899,44.6,5.1,3,7753,268,800.874722604,1224674,1076003
13273,Terrell,GA,Georgia,mean,16.6,20.738509594,62.003266195,43.7,6.9,0,4849,221,564.896,1086581,1034794
13275,Thomas,GA,Georgia,mean,12.7,18.938964269,52.069959387,37.3,6.8,42,20581,735,2625.5551194735,1144079,933518
13277,Tift,GA,Georgia,mean,13.6,15.789090556,67.146381579,40.9,7.4,35,16361,724,3198.4565950535,1178690,1012331
13279,Toombs,GA,Georgia,mean,12.9,16.669763294,59.559748428,39.9,7.2,24,13899,544,2176.549167401,1272422,1100420
13281,Towns,GA,Georgia,mean,9.1,34.772815534,100,31.5,8.3,7,10471,160,630.0895784545,1109737,1386435
13283,Treutlen,GA,Georgia,mean,14.8,18.331747542,62.894161723,43.9,4.9,0,4053,112,524.657946693,1256599,1127877
13285,Troup,GA,Georgia,mean,12.6,15.415949512,66.259038401,41.6,7.4,37,29700,1648,4601.698140315,1007106,1174004
13287,Turner,GA,Georgia,mean,14.8,18.793218827,25.227626027,42.7,6.3,1,4441,210,537.5326439925,1165385,1042157
13289,Twiggs,GA,Georgia,mean,12.7,23.790733198,8.7883320868,38.4,8.4,1,9023,143,514.9713162735,1163922,1156534
13291,Union,GA,Georgia,mean,9.8,34.042553191,94.397531666,32.4,8,17,21356,300,1455.8647920115,1084079,1387443
13293,Upson,GA,Georgia,mean,12.4,18.603896104,79.324909747,41.2,7,15,12737,466,1553.924387902,1085017,1160086
13295,Walker,GA,Georgia,mean,10.9,19.074587651,53.752919266,33.9,6.7,13,30152,977,4707.5085193835,974727,1362844
13297,Walton,GA,Georgia,mean,10.5,16.001522238,73.705171041,37.4,7.6,24,35734,1497,6131.162708195,1116725,1267752
13299,Ware,GA,Georgia,mean,13.5,17.570005273,55.25640672,38.6,6.4,23,10691,567,2360.8202205055,1288032,979209
13301,Warren,GA,Georgia,mean,15.6,23.20610687,0.6327900288,41.7,7.7,3,5834,126,328.8376690945,1228517,1248415
13303,Washington,GA,Georgia,mean,15.2,17.882234016,41.169701821,40.9,6.7,11,13899,343,1117.295812254,1223277,1193068
13305,Wayne,GA,Georgia,mean,12.5,16.188281764,54.325902335,35.9,7.3,12,17439,446,1974.607328926,1324073,1049776
13307,Webster,GA,Georgia,mean,14,24.376848331,0,40.6,7.8,1,2799,44,158.412723449,1072711,1063055
13309,Wheeler,GA,Georgia,mean,15.4,15.607013787,6.170526034,42.9,7.2,2,7421,90,334.713836478,1240872,1097603
13311,White,GA,Georgia,mean,9.5,22.653118627,70.381744813,32.9,0,6,22745,422,2259.287669147,1110340,1374873
13313,Whitfield,GA,Georgia,mean,12.9,14.510734287,73.985067662,39.6,7,55,29833,1697,10498.1259077665,1000244,1377691
13315,Wilcox,GA,Georgia,mean,13.9,18.697791509,0,38.9,7.4,1,9255,129,368.728554289,1179831,1070633
13317,Wilkes,GA,Georgia,mean,14.4,23.862083465,64.035546262,40.6,7.1,4,7136,171,681.548167093,1216931,1274078
13319,Wilkinson,GA,Georgia,mean,13.8,20.926282414,0,40.4,6.8,3,9563,152,565.329594736,1189898,1169356
13321,Worth,GA,Georgia,mean,12.6,20.088547241,37.572170901,36.7,8,6,14994,352,1244.964202936,1139559,1023200
16001,Ada,ID,Idaho,mean,7.5,15.5667463,86.008360153,27.7,8.6,466,21471,8696,14948.5918832332,-1619706,2455375
16003,Adams,ID,Idaho,mean,8.8,31.027027027,11.189769354,32.8,7.2,1,3976,119,213.3650265955,-1606618,2617810
16005,Bannock,ID,Idaho,mean,9.2,15.118452806,76.034843366,36.3,7.5,60,13030,1520,3743.1103272905,-1316211,2308261
16007,Bear Lake,ID,Idaho,mean,9.2,20.305576776,55.304456999,35.1,8.2,4,5986,94,271.543976657,-1246363,2253945
16009,Benewah,ID,Idaho,mean,9.9,23.330983788,61.878279119,33.5,7.3,4,6677,228,531.373012523,-1572623,2876701
16011,Bingham,ID,Idaho,mean,10.3,14.741386365,60.805967661,39.3,7.9,14,25554,775,2544.4243406065,-1323348,2378713
16013,Blaine,ID,Idaho,mean,8.4,21.040943229,74.452043507,26.6,8.6,22,7004,469,1508.0188174915,-1439981,2414427
16015,Boise,ID,Idaho,mean,8.4,27.748949839,81.787122208,32.7,7.1,2,7028,202,342.8173657865,-1548792,2501939
16017,Bonner,ID,Idaho,mean,8.5,25.91380251,56.714073445,30.2,8.2,21,29614,1033,2111.1625387905,-1539121,2981038
16019,Bonneville,ID,Idaho,mean,8.6,13.534745564,78.315478687,34.4,8,45,13500,1749,5381.1424307935,-1229718,2356660
16021,Boundary,ID,Idaho,mean,9.5,23.326168299,37.582946251,34,7.7,7,8359,244,753.916799321,-1512978,3048022
16023,Butte,ID,Idaho,mean,10.1,25.131876413,42.735042735,34.7,7.5,1,2891,55,107.225409836,-1375391,2432538
16025,Camas,ID,Idaho,mean,9.7,23.70500439,7.0566388115,34.2,4.1,0,1117,24,62.572769953,-1493498,2436095
16027,Canyon,ID,Idaho,mean,10.7,14.201920902,77.192618074,38.1,8.2,74,37535,4359,13339.266598658,-1655557,2489884
16029,Caribou,ID,Idaho,mean,8.6,18.183096611,9.6484986481,33.4,9.2,4,4170,128,302.5959232615,-1256054,2304640
16031,Cassia,ID,Idaho,mean,10.1,14.735336195,54.520381261,35,8.3,20,11823,365,1455.197534546,-1440288,2283571
16033,Clark,ID,Idaho,mean,11.5,19.444444444,5.4430379747,37.9,4.3,0,982,12,109.3288084465,-1285498,2499486
16035,Clearwater,ID,Idaho,mean,9.4,27.858347386,63.292878406,34.8,7.9,9,5135,196,318.100358423,-1461725,2787826
16037,Custer,ID,Idaho,mean,9.1,30.916892502,61.14619883,31.2,7.2,0,4368,106,194.596491228,-1457030,2517011
16039,Elmore,ID,Idaho,mean,10.7,14.503763833,87.905532687,36.7,7.1,16,7269,449,1466.511752375,-1551760,2443527
16041,Franklin,ID,Idaho,mean,8.7,14.618846311,60.891926166,34.8,9.2,5,8463,182,784.476856477,-1290372,2244674
16043,Fremont,ID,Idaho,mean,9.5,17.789876398,71.250373469,33.7,7.5,4,9540,236,869.4345611285,-1224738,2477354
16045,Gem,ID,Idaho,mean,9.1,22.382780922,56.72227161,32.5,7.4,12,7527,359,976.8483479245,-1612131,2529682
16047,Gooding,ID,Idaho,mean,10.4,18.272888663,69.316579049,37.4,8.8,5,8982,264,1211.2083063995,-1515207,2370335
16049,Idaho,ID,Idaho,mean,9.5,28.873239437,19.490961852,32.1,7.5,15,13117,335,805.550150097,-1482927,2706352
16051,Jefferson,ID,Idaho,mean,8.4,12.104838209,53.40390405,37.2,8.5,6,17412,399,1613.5568952525,-1288934,2436884
16053,Jerome,ID,Idaho,mean,11,13.328197227,42.443371704,36.5,7.7,9,11482,412,2017.7608399765,-1469422,2333402
16055,Kootenai,ID,Idaho,mean,8.6,19.47060165,81.397275942,31.1,8,142,33577,3540,7596.0544172635,-1567702,2919927
16057,Latah,ID,Idaho,mean,8.7,14.719817429,69.653566819,29.8,8.2,30,13032,660,1777.479452055,-1574465,2823880
16059,Lemhi,ID,Idaho,mean,9.2,31.41386915,78.730875345,31.8,7.2,7,4852,198,323.9173799775,-1390007,2592147
16061,Lewis,ID,Idaho,mean,10.4,27.671601615,42.994622134,37,6.2,1,3821,94,196.0548712205,-1561510,2761166
16063,Lincoln,ID,Idaho,mean,10.9,14.918591443,0,36.1,4.7,1,5208,120,418.2617753625,-1457969,2363298
16065,Madison,ID,Idaho,mean,10.1,7.7299975873,89.333434128,35.4,7.4,26,10684,512,1651.6009442132,-1247105,2426242
16067,Minidoka,ID,Idaho,mean,11.1,16.151218401,55.119603942,38.5,7.1,5,8875,372,1580.5539839835,-1427460,2337902
16069,Nez Perce,ID,Idaho,mean,9.3,20.725962218,75.001187931,33.2,7.9,29,7525,683,1750.9748761055,-1592078,2772861
16071,Oneida,ID,Idaho,mean,8.7,21.29689872,11.722173532,31,8.3,2,4286,64,190.2497162315,-1347049,2252323
16073,Owyhee,ID,Idaho,mean,10.6,17.752918288,37.757072106,34.4,7.6,1,8909,243,929.094115192,-1646188,2387961
16075,Payette,ID,Idaho,mean,9.6,18.918406072,66.658788309,35,8,9,9653,483,1391.554058185,-1644006,2521400
16077,Power,ID,Idaho,mean,10.1,16.251572327,71.261741559,36.6,8.5,2,3329,160,558.9054404145,-1362707,2318811
16079,Shoshone,ID,Idaho,mean,10.4,23.207464002,91.715392209,39.5,7.2,4,7153,364,610.368620835,-1480366,2881419
16081,Teton,ID,Idaho,mean,8,13.613760496,78.323301806,32.9,9.3,6,10170,207,918.891705069,-1205708,2409245
16083,Twin Falls,ID,Idaho,mean,9.4,16.055418839,71.357972592,33.3,8.3,59,21617,1503,4756.5320828405,-1509133,2311786
16085,Valley,ID,Idaho,mean,8.1,26.721673066,69.036267666,26.9,8.2,17,9862,304,536.155632985,-1535242,2577676
16087,Washington,ID,Idaho,mean,10.5,25.628555698,66.371428571,37.5,8,5,4647,211,535.135135135,-1648478,2572380
17001,Adams,IL,Illinois,mean,8.8,20.726976014,75.981562895,34.2,8.3,65,21875,1209,1569.11728640815,397692,1897573
17003,Alexander,IL,Illinois,mean,13,24.174950298,53.683206107,44.4,4.5,1,5096,149,144.53029544315,588971,1587888
17005,Bond,IL,Illinois,mean,9.6,19.805977344,62.050822123,38.2,7.7,9,10792,341,381.28953093725,559261,1789488
17007,Boone,IL,Illinois,mean,9,16.597377678,81.071321658,36.4,8.2,29,10488,2133,1819.6509477102,588828,2185707
17009,Brown,IL,Illinois,mean,10.6,14.000934434,68.321588725,40.4,8.1,1,2849,75,53.43093010455,450852,1900389
17011,Bureau,IL,Illinois,mean,9.2,22.598303075,74.26904103,35.4,7.7,15,20074,811,906.6592778701,530006,2061072
17013,Calhoun,IL,Illinois,mean,8.3,24.261844816,2.0283975659,34.7,8.3,1,5089,103,136.8517231393,459315,1801221
17015,Carroll,IL,Illinois,mean,8.7,26.086125621,56.94815947,36.8,8.3,3,12598,319,332.6780478395,482936,2141770
17017,Cass,IL,Illinois,mean,10.1,18.335551554,16.960588867,38,8.4,1,7112,278,525.4138469545,481768,1909403
17019,Champaign,IL,Illinois,mean,9.6,13.72855596,88.123284677,31.1,8.2,210,25558,5259,6320.8102648547,649298,1943962
17021,Christian,IL,Illinois,mean,9.2,20.524627176,65.649976493,36.6,8.5,12,15121,730,763.1665347277,573207,1875994
17023,Clark,IL,Illinois,mean,8.4,20.111111111,60.989970883,34.4,7.8,5,9726,363,384.67308492055,710775,1851153
17025,Clay,IL,Illinois,mean,9.5,20.817165031,45.326610476,37.7,7.3,2,8943,326,385.7531931617,646068,1781548
17027,Clinton,IL,Illinois,mean,8.7,18.082243905,60.207593702,36.2,8.8,12,18412,681,860.4610829103,564241,1758347
17029,Coles,IL,Illinois,mean,9.6,17.771837913,83.927618804,37.2,6.9,36,13085,1165,1566.56509352965,661712,1869170
17031,Cook,IL,Illinois,mean,9.9,15.603387185,99.261649184,29.9,8.4,4910,2353,182546,216870.637844789,677661,2141228
17033,Crawford,IL,Illinois,mean,9.3,19.470496811,58.13480379,37.3,8.4,9,11923,426,433.1804733728,715721,1811372
17035,Cumberland,IL,Illinois,mean,8.7,20.840985984,19.923444976,35.2,8.9,0,11048,246,298.51106879315,657995,1838059
17037,DeKalb,IL,Illinois,mean,9.2,13.282012468,81.72276439,35.9,7.1,27,21353,2994,3136.17742011225,598246,2129753
17039,De Witt,IL,Illinois,mean,8.8,20.037807183,74.883990719,34.9,8.8,5,8074,346,390.1867588933,603399,1940247
17041,Douglas,IL,Illinois,mean,9.4,18.608660379,80.729483283,35.5,8.7,6,12315,375,918.8075186055,658587,1896280
17043,DuPage,IL,Illinois,mean,8.1,16.796899074,99.729760729,28.3,9.1,1224,436,22481,22628.9582425743,649162,2131964
17045,Edgar,IL,Illinois,mean,8.8,23.214285714,57.405431045,36.1,7.2,5,9623,359,401.1069476971,712651,1887461
17047,Edwards,IL,Illinois,mean,8.9,22.716049383,12.810248199,36.5,7.7,0,6721,130,165.3040995309,689891,1737356
17049,Effingham,IL,Illinois,mean,8.4,18.576822538,58.803507557,35.1,8.4,28,20442,753,925.84687806115,634801,1816002
17051,Fayette,IL,Illinois,mean,9.8,19.547325103,44.257259866,38.9,6.5,3,14831,501,633.0544024752,596817,1812375
17053,Ford,IL,Illinois,mean,9.1,19.776478425,69.06310034,37,7.9,8,5883,275,379.66829268295,655925,1998171
17055,Franklin,IL,Illinois,mean,10,20.872282464,72.148449899,37.8,6.7,14,19219,1038,1089.68272915325,615936,1685562
17057,Fulton,IL,Illinois,mean,9.4,21.173600024,57.850575739,37.5,8,12,22251,820,875.6241220232,480727,1971893
17059,Gallatin,IL,Illinois,mean,10.2,24.434019988,35.847149211,38.5,4.5,1,5589,119,148.5127742294,679173,1672556
17061,Greene,IL,Illinois,mean,9.2,20.163809845,44.196912808,36.7,8.6,2,9838,273,344.97017579515,475700,1834202
17063,Grundy,IL,Illinois,mean,8.2,14.823831361,82.344431119,34.9,8.6,16,12203,1326,1299.9960037883,634542,2059007
17065,Hamilton,IL,Illinois,mean,9.2,22.159019087,48.292255724,36.2,8,3,5759,183,206.2584269663,650293,1695170
17067,Hancock,IL,Illinois,mean,8.8,24.16091954,52.21906924,35.1,7.2,3,13559,348,415.15249827835,393483,1955889
17069,Hardin,IL,Illinois,mean,9.5,27.260273973,73.773636613,36.9,7.3,4,4320,89,107.8109197508,679949,1641883
17071,Henderson,IL,Illinois,mean,8.4,26.932826362,30.295913574,35.4,8.9,0,7306,142,181.23684210525,416866,1996593
17073,Henry,IL,Illinois,mean,8.5,21.162614759,78.579254931,34.5,7.9,12,25382,1153,1218.73736216905,489725,2060962
17075,Iroquois,IL,Illinois,mean,9.4,22.339434152,38.800457953,35.9,7.7,11,21320,616,902.39506656225,699779,2009038
17077,Jackson,IL,Illinois,mean,10.4,16.6860078,78.876429947,38.8,6.4,77,22381,1471,1977.50384641725,571379,1657219
17079,Jasper,IL,Illinois,mean,8.6,20.711410856,43.017120706,35,8.3,1,6775,201,265.52671961235,671098,1811925
17081,Jefferson,IL,Illinois,mean,9.7,19.367085175,51.502169051,37,7.1,21,22819,1022,889.19267774135,611906,1724311
17083,Jersey,IL,Illinois,mean,8.1,20.062813481,65.837671997,33.8,8.6,9,13922,462,485.8820335342,480065,1802696
17085,Jo Daviess,IL,Illinois,mean,8.4,29.2492821,72.076242342,37,8.4,10,16462,465,549.1537173476,460732,2182313
17087,Johnson,IL,Illinois,mean,9.6,21.406818688,65.870153291,37.1,8.3,1,12582,245,245.900799809,620357,1632320
17089,Kane,IL,Illinois,mean,9.5,14.862448311,92.420651976,35,9,213,18335,15345,23722.7903178315,628617,2130960
17091,Kankakee,IL,Illinois,mean,10,17.277511468,79.907350561,40.6,8,41,27746,3415,3473.1193654111,677607,2048785
17093,Kendall,IL,Illinois,mean,8.2,10.921871177,92.113385254,35.4,9.1,42,11955,3258,3189.7395729464,627375,2101628
17095,Knox,IL,Illinois,mean,10.2,22.184785256,73.918786399,37.9,7.3,25,12870,1343,1206.9827526334,482879,2015402
17097,Lake,IL,Illinois,mean,8.8,15.369376539,97.794893762,30.9,8.8,781,8915,19256,20645.0861152373,665144,2183762
17099,LaSalle,IL,Illinois,mean,9.2,19.584270178,72.91032118,35.8,7.7,41,34422,3145,2971.5424847523,583910,2066325
17101,Lawrence,IL,Illinois,mean,10.1,17.680834213,38.710732984,38.5,7.5,4,9766,341,322.08928917295,719545,1780592
17103,Lee,IL,Illinois,mean,9.5,20.45581368,68.408258896,36.6,8,24,19173,769,712.4498586396,546264,2104872
17105,Livingston,IL,Illinois,mean,9.2,19.523889637,67.552701382,36.4,8,13,15893,760,900.88449355155,623270,2017954
17107,Logan,IL,Illinois,mean,9.1,18.512432123,67.066852467,36.4,8.1,9,12081,567,546.3326471048,561509,1928909
17109,McDonough,IL,Illinois,mean,9.7,18.279409572,78.963213158,35.7,7.4,13,9622,624,882.74088824525,440898,1966599
17111,McHenry,IL,Illinois,mean,8,15.852945147,94.231680468,34.8,8.7,144,30501,7707,8172.1708263789,622927,2186577
17113,McLean,IL,Illinois,mean,8.7,14.196349677,80.889596032,36.1,8,96,27974,3910,3730.70818047755,599607,1975753
17115,Macon,IL,Illinois,mean,9.7,20.779639175,83.36602627,37,7.4,94,16905,3563,2456.1429376794,589576,1894983
17117,Macoupin,IL,Illinois,mean,9.1,21.217853443,69.477616919,37.9,8.1,10,27949,996,1109.7011224903,524328,1827316
17119,Madison,IL,Illinois,mean,8.9,18.106544671,86.67865297,39.5,7.4,121,35924,6403,6558.59167739595,517502,1781787
17121,Marion,IL,Illinois,mean,9.8,20.171168762,66.071191921,36,7,12,17769,975,1031.05671708955,603079,1759251
17123,Marshall,IL,Illinois,mean,8.7,23.964674612,44.532447624,35,8.3,2,12640,286,300.5127143702,550130,2033008
17125,Mason,IL,Illinois,mean,9.3,22.746681158,58.979061593,37.4,6.9,4,11364,320,381.78075615125,508842,1934321
17127,Massac,IL,Illinois,mean,9.9,21.611747851,57.851647964,38.3,7.6,2,7793,309,398.75083088025,644173,1599185
17129,Menard,IL,Illinois,mean,8.1,20.462019073,71.326339758,35.7,8.9,4,9617,252,277.3635510119,523811,1917522
17131,Mercer,IL,Illinois,mean,8.8,21.993325632,26.702337729,36.6,8.1,1,12779,371,365.5898397545,428897,2036481
17133,Monroe,IL,Illinois,mean,7.3,18.976869346,85.621531949,34.6,9.2,13,13631,579,597.10574745185,498623,1716423
17135,Montgomery,IL,Illinois,mean,9.5,20.613160518,37.800480769,38,7.6,12,12530,611,701.48808155515,556163,1818962
17137,Morgan,IL,Illinois,mean,9.5,20.336747838,72.845207352,35.6,7.1,15,12878,781,757.16660367055,479065,1878463
17139,Moultrie,IL,Illinois,mean,8.6,18.800827016,64.346688696,36.4,9.1,4,10279,260,520.5069438379,624230,1876621
17141,Ogle,IL,Illinois,mean,8.7,19.355089506,68.608557967,37.2,8.4,33,25197,1368,1390.44956227615,545149,2143008
17143,Peoria,IL,Illinois,mean,9.7,17.935485309,79.331793433,35.8,6.9,247,27313,5961,5002.04714865595,516049,2000505
17145,Perry,IL,Illinois,mean,10.4,19.266142483,57.164000955,40.1,7,10,9754,456,442.09154929575,577093,1702826
17147,Piatt,IL,Illinois,mean,7.6,20.28890348,54.801175553,33.3,9.3,9,11319,342,395.0163127116,628042,1917796
17149,Pike,IL,Illinois,mean,9.6,21.514571077,43.910713074,39.3,7.5,9,11880,277,420.6330371145,424335,1866592
17151,Pope,IL,Illinois,mean,10.1,29.505160095,97.714589423,38.7,6.5,0,4470,85,119.0393396558,658391,1614703
17153,Pulaski,IL,Illinois,mean,12.4,23.790720632,37.723859041,42.9,6.1,0,6161,158,171.8170103093,610469,1604415
17155,Putnam,IL,Illinois,mean,8.3,23.733381243,22.902252971,34.7,8.8,1,6006,148,159.5961272476,552539,2047654
17157,Randolph,IL,Illinois,mean,10.3,19.295335412,72.065112887,38.2,8.2,15,14275,592,610.36057352735,530481,1683605
17159,Richland,IL,Illinois,mean,8.8,20.998987085,62.695250743,34.9,8.2,9,7056,304,442.1335764004,685250,1771603
17161,Rock Island,IL,Illinois,mean,10.1,20.182773653,90.463254811,35.9,7.8,68,16112,3785,4216.4057429488,455600,2082854
17163,St. Clair,IL,Illinois,mean,10.1,16.891552458,79.701243201,39.2,7.3,160,26343,7570,7135.9293338462,508846,1745582
17165,Saline,IL,Illinois,mean,9.9,20.874785592,71.470043756,36.9,7,15,10878,613,663.72355430185,651354,1676985
17167,Sangamon,IL,Illinois,mean,9.2,18.794868898,85.088340302,35.1,7.9,238,27895,5421,4283.2766426009,546309,1884494
17169,Schuyler,IL,Illinois,mean,9.4,23.55691948,63.416401043,36.2,7.5,0,4348,124,216.16666666665,454078,1923554
17171,Scott,IL,Illinois,mean,8.5,20.40942928,21.458880582,35.1,6.8,0,5355,117,139.47204493235,469457,1867536
17173,Shelby,IL,Illinois,mean,8.6,23.38736832,40.719390186,35.7,8.3,6,17383,424,503.59141445335,610119,1844404
17175,Stark,IL,Illinois,mean,9.1,22.988288629,13.703703704,35.9,6.6,0,5994,129,167.5570719603,516389,2037312
17177,Stephenson,IL,Illinois,mean,9.6,23.656891029,70.427963253,36.6,8.3,19,19129,1146,1034.13698046615,519422,2189546
17179,Tazewell,IL,Illinois,mean,8.2,19.518759633,84.138477117,33.3,8,61,27645,3053,2929.3314756763,541337,1971008
17181,Union,IL,Illinois,mean,9.6,22.259646635,56.257248898,36.8,7.8,12,11730,406,515.51775194405,577736,1627679
17183,Vermilion,IL,Illinois,mean,10.5,20.024625487,69.352186337,38.2,7.3,27,25513,2064,1899.3529630219,708049,1946530
17185,Wabash,IL,Illinois,mean,9.2,22.353151223,69.544934425,37.9,8.1,4,4647,244,293.85179416175,702660,1748752
17187,Warren,IL,Illinois,mean,9.2,20.343596879,54.653994654,36,8.6,6,8053,357,544.39024390245,460351,1989002
17189,Washington,IL,Illinois,mean,8.1,21.340168436,48.877261827,34.1,8.9,2,10838,287,290.1766595289,567071,1734130
17191,Wayne,IL,Illinois,mean,9.3,21.800413456,33.57438655,35.5,7.5,7,11721,317,571.5858945325,651701,1745922
17193,White,IL,Illinois,mean,9.7,21.503192107,7.3286733444,36.4,8,4,9097,296,392.3144329897,690227,1711282
17195,Whiteside,IL,Illinois,mean,9,21.658077931,64.951248855,37.5,8.2,30,21845,1324,1591.27742349975,491889,2105172
17197,Will,IL,Illinois,mean,8.6,14.045997717,93.311888333,35.8,8.7,374,26624,20390,20088.4281003528,673871,2090590
17199,Williamson,IL,Illinois,mean,9.1,19.743118169,83.010438849,33.9,7,59,23091,1726,1634.1650236746,618651,1656109
17201,Winnebago,IL,Illinois,mean,10.5,18.296546682,88.425792886,41.7,7.4,207,23368,11256,9572.76301157475,559660,2189713
17203,Woodford,IL,Illinois,mean,7.7,18.796599084,75.477682169,34.1,8.9,19,21221,712,809.65050743915,568867,1998814
18001,Adams,IN,Indiana,mean,11.1,16.036817664,55.879806752,41.7,7.9,13,18457,365,1822.154680404,931920,2031243
18003,Allen,IN,Indiana,mean,10,15.193459733,88.152616694,36.2,7.2,283,42212,6771,14629.0925016408,915921,2074236
18005,Bartholomew,IN,Indiana,mean,9.8,16.569869657,69.961560919,33.7,7.3,59,25882,1227,3100.9197199583,864125,1853239
18007,Benton,IN,Indiana,mean,11,17.787468442,40.566578736,39.5,8.1,2,8854,114,388.412662521,724609,1994226
18009,Blackford,IN,Indiana,mean,11,21.884045985,47.15984148,42.7,6.8,7,6461,173,397.8722222222,897539,1994663
18011,Boone,IN,Indiana,mean,8,14.225483217,83.990001695,34.8,9,149,19487,774,2078.9587631443,811796,1939834
18013,Brown,IN,Indiana,mean,9.2,25.752314815,49.195476575,36.5,8.6,5,15242,248,542.31027385,835244,1848580
18015,Carroll,IN,Indiana,mean,9.6,19.952064175,45.774647887,39.1,8.6,3,16407,278,802.98905908095,784997,2003892
18017,Cass,IN,Indiana,mean,11.5,18.590101962,68.817005545,40.3,8,15,17405,622,1792.024218302,805232,2015040
18019,Clark,IN,Indiana,mean,10.3,16.28265085,87.746607979,38.6,8.1,45,22614,1976,4417.9778012256,890573,1764561
18021,Clay,IN,Indiana,mean,9.9,18.867853086,62.963802615,39.1,7.7,11,16373,410,907.79665208295,757383,1857821
18023,Clinton,IN,Indiana,mean,10.6,17.021019205,68.653208798,43.2,8.4,4,16540,462,1608.6243598565,804643,1965190
18025,Crawford,IN,Indiana,mean,11.6,20.372836218,73.959718792,41.1,7.1,0,10713,175,488.817875211,828284,1737296
18027,Daviess,IN,Indiana,mean,11.1,15.558283678,52.763548126,41.2,8.3,15,19078,375,2733.842818428,763983,1786800
18029,Dearborn,IN,Indiana,mean,9.1,18.657509446,63.399041023,35.9,7.8,23,26554,757,1565.37449754355,949385,1856561
18031,Decatur,IN,Indiana,mean,9.6,17.165653495,55.069507404,38.4,7.9,15,13847,418,949.84014229975,888790,1858759
18033,DeKalb,IN,Indiana,mean,9.5,16.873975954,63.73280943,37.8,7.6,19,17860,594,1451.5246343769,921165,2107730
18035,Delaware,IN,Indiana,mean,11.5,17.241286839,76.410820085,40.1,6.5,133,26843,2026,3606.2291390262,892995,1975960
18037,Dubois,IN,Indiana,mean,9.3,18.519368987,75.490982423,38.3,8.6,34,20629,530,1577.57639939485,789197,1744016
18039,Elkhart,IN,Indiana,mean,10.6,15.252197699,74.643438446,37.3,7.6,104,40672,2900,14227.3136002995,833681,2125857
18041,Fayette,IN,Indiana,mean,11.1,20.719178082,69.095649201,39.1,6.6,12,8930,370,780.37775019745,918522,1908089
18043,Floyd,IN,Indiana,mean,9.1,16.890396997,84.651607773,35.9,8.1,48,15160,1149,2396.18797496645,872268,1752477
18045,Fountain,IN,Indiana,mean,10,20.320204541,51.690029735,37.8,7.9,3,11370,219,636.3591874423,740789,1938747
18047,Franklin,IN,Indiana,mean,9.4,19.529813501,51.876234365,35.1,8.5,15,20515,303,822.4736122505,935959,1884140
18049,Fulton,IN,Indiana,mean,10.6,20.283527911,36.030273438,40.6,7.8,9,13527,312,824.222881194,821265,2053141
18051,Gibson,IN,Indiana,mean,9.7,17.856275058,66.744418527,38.2,8.4,11,17964,480,919.36196138885,724178,1736695
18053,Grant,IN,Indiana,mean,11.3,19.585590752,65.313315535,39.2,7,27,20257,1155,1959.62561446445,865229,1999761
18055,Greene,IN,Indiana,mean,10.4,20.031832651,43.4957634,38.4,7.5,9,24822,456,1095.30595571695,770473,1819577
18057,Hamilton,IN,Indiana,mean,8.1,13.262582364,89.769388172,28.7,8.9,483,15473,4141,6973.30253705165,837668,1940672
18059,Hancock,IN,Indiana,mean,8.8,16.710071036,63.940380762,35.8,8.2,63,21313,1059,2202.3330301928,860594,1923126
18061,Harrison,IN,Indiana,mean,9.6,18.75204346,41.524184193,38.8,8.6,18,33793,534,1410.29483459085,859425,1726904
18063,Hendricks,IN,Indiana,mean,9,14.527612835,77.037325217,34.3,8.6,90,25958,2298,4568.6422711349,804445,1903974
18065,Henry,IN,Indiana,mean,10.3,19.319505466,67.426503659,42,7.4,19,21197,702,1461.1437956827,897077,1938955
18067,Howard,IN,Indiana,mean,10.3,19.71751885,73.255396973,41.2,6.8,51,17821,2136,2628.54192077865,824037,1993185
18069,Huntington,IN,Indiana,mean,10,17.841871613,75.505973488,39.1,7.4,21,18917,532,1215.20866059635,877744,2039840
18071,Jackson,IN,Indiana,mean,10.7,16.931860117,75.454467132,37.6,7.1,28,18532,692,1837.042942083,848089,1817784
18073,Jasper,IN,Indiana,mean,9.6,18.325224381,61.972173279,34.4,8.2,8,22778,541,1325.5007574035,741526,2051390
18075,Jay,IN,Indiana,mean,10.6,18.614184117,49.194257252,38.9,7,6,11828,234,811.44057828965,924664,1994832
18077,Jefferson,IN,Indiana,mean,10.1,18.774327872,58.2284973,35.3,7.6,21,14624,469,1092.5070422535,910325,1801509
18079,Jennings,IN,Indiana,mean,10.2,16.979824145,35.240647521,41.7,7.2,11,17171,490,950.21343310175,884603,1830338
18081,Johnson,IN,Indiana,mean,9.3,15.040353504,88.625475226,32.6,8.3,132,19407,2161,4911.6262347891,844854,1881138
18083,Knox,IN,Indiana,mean,10.5,18.558794082,61.892949672,43.9,7.7,26,13921,514,1393.4768808918,729739,1782706
18085,Kosciusko,IN,Indiana,mean,10,17.726512371,60.663010967,36.9,8.2,30,36047,1107,4091.407642113,840819,2074091
18087,LaGrange,IN,Indiana,mean,10.3,14.268088047,30.279879345,36.6,8.9,12,34015,404,4881.792215991,868951,2138391
18089,Lake,IN,Indiana,mean,12.4,17.257771413,93.824343293,40.1,7.1,259,19682,13520,15807.0342900615,706685,2101846
18091,LaPorte,IN,Indiana,mean,11.1,18.726755049,62.188992768,39.3,7.1,43,39713,2335,3413.6447344428,761565,2115899
18093,Lawrence,IN,Indiana,mean,9.9,20.399378744,78.476372442,38.3,8,16,26964,722,1575.9225249057,815059,1810412
18095,Madison,IN,Indiana,mean,11.6,18.610359224,70.090448709,41.4,6.4,58,30393,2406,4563.1231782639,866255,1960032
18097,Marion,IN,Indiana,mean,12,13.13332688,92.128247662,38,6.9,795,5422,22097,37953.1933901592,834612,1913175
18099,Marshall,IN,Indiana,mean,10.3,18.679126645,58.362078317,40.2,8,24,29805,595,2405.9951411635,812277,2089840
18101,Martin,IN,Indiana,mean,10,20.63394683,66.530778638,38.7,8.1,2,7470,137,365.5969693111,791815,1786286
18103,Miami,IN,Indiana,mean,11.2,18.015021757,57.7581892,39.2,6.9,6,17155,645,1233.3255950978,833872,2020020
18105,Monroe,IN,Indiana,mean,10.1,13.996067918,93.827566956,33,7.6,86,29317,2015,5377.7276726793,810757,1838133
18107,Montgomery,IN,Indiana,mean,10.1,18.408953577,63.269717419,40.7,8.1,15,20112,481,1578.7380159785,764283,1932512
18109,Morgan,IN,Indiana,mean,10.3,17.812924134,66.454444135,40.8,8.2,29,33853,1052,2444.2304558143,812588,1878774
18111,Newton,IN,Indiana,mean,10.3,20.33603708,17.758496023,39.8,7.7,1,14244,246,658.9640149785,708021,2040883
18113,Noble,IN,Indiana,mean,10,17.064391132,67.311460901,36.6,8.2,13,32348,715,2252.2556813815,868248,2098722
18115,Ohio,IN,Indiana,mean,9.4,22.800267648,70.37037037,36,0,1,6128,79,215.1934225195,944517,1831980
18117,Orange,IN,Indiana,mean,10.8,20.368129097,66.592842402,37.2,7.5,8,16558,345,844.9651389885,822366,1770138
18119,Owen,IN,Indiana,mean,11,20.302154248,38.773978706,39.1,8,2,21575,326,912.0375687235,783581,1856881
18121,Parke,IN,Indiana,mean,11,19.735478759,46.998019312,40.5,7.6,4,13000,201,693.306587838,743177,1912943
18123,Perry,IN,Indiana,mean,9.8,18.984261752,90.187793427,37.4,7.6,9,10644,271,480.91193283315,813468,1710499
18125,Pike,IN,Indiana,mean,9.7,20.289855072,45.502040816,37.3,8.5,3,12845,196,513.235494177,752817,1747339
18127,Porter,IN,Indiana,mean,9.1,17.470429228,78.688335306,35.4,7.8,100,34106,3208,4384.15777334095,737658,2103456
18129,Posey,IN,Indiana,mean,9.1,20.214206084,27.087463326,36.8,8,8,17298,337,648.19829424305,700937,1694586
18131,Pulaski,IN,Indiana,mean,10.1,20.439257638,40.322838421,40.3,8,6,10848,185,465.2933798272,770853,2045349
18133,Putnam,IN,Indiana,mean,10.1,16.833878688,63.178674509,38.6,8.3,12,24601,499,1046.4497613094,775484,1889179
18135,Randolph,IN,Indiana,mean,10.2,20.687251404,46.836992899,40.1,7.5,5,16191,350,933.9456984668,934089,1966223
18137,Ripley,IN,Indiana,mean,9.8,18.627282418,32.440075875,39.7,8.3,1,23989,375,1061.1210033679,916832,1845938
18139,Rush,IN,Indiana,mean,10.3,19.04390595,47.009312321,40.9,7.7,6,10637,244,659.4284638554,893349,1901679
18141,St. Joseph,IN,Indiana,mean,10.3,16.46657752,82.74132321,37.6,7.3,249,24028,5493,9017.19367296515,796475,2117885
18143,Scott,IN,Indiana,mean,11.2,16.8466434,58.722933071,38,6.4,9,12747,401,834.29384376615,882333,1792981
18145,Shelby,IN,Indiana,mean,9.9,18.039920957,59.707024748,38.7,7.9,17,23128,700,1634.49506370305,864324,1882022
18147,Spencer,IN,Indiana,mean,9.7,20.431356703,42.059565876,37.6,8.7,6,20952,285,703.3832695805,780192,1698299
18149,Starke,IN,Indiana,mean,11.1,19.519082663,63.634418724,40.6,7.8,3,19247,413,877.7616450311,772709,2081522
18151,Steuben,IN,Indiana,mean,9.4,21.56964657,50.425439233,38.9,7.5,8,22989,500,1165.9685107529,911368,2139697
18153,Sullivan,IN,Indiana,mean,11.1,18.494074574,18.87880098,42,7.6,9,16957,301,617.21421696685,724083,1824611
18155,Switzerland,IN,Indiana,mean,11.8,18.396322778,47.150046215,41.3,7,0,10613,161,468.3924994175,942951,1815517
18157,Tippecanoe,IN,Indiana,mean,10.4,12.09989523,82.692173465,37.3,6.5,131,25055,3037,6280.50187453375,759648,1979410
18159,Tipton,IN,Indiana,mean,9.4,21.825396825,57.093560779,37.6,7.9,5,9817,269,511.7877661372,839190,1975498
18161,Union,IN,Indiana,mean,9.6,20.320703846,62.085508678,36.3,0,1,7516,82,295.6708793165,945563,1906989
18163,Vanderburgh,IN,Indiana,mean,10.6,17.627939796,82.635897322,36.6,6.8,152,16474,3306,6221.32102197695,729193,1692801
18165,Vermillion,IN,Indiana,mean,10.4,20.428915977,53.805298271,41.5,7.7,7,9787,258,522.2991119595,718277,1913873
18167,Vigo,IN,Indiana,mean,11.4,16.748117818,82.851167654,36.6,5.7,97,25623,1958,3874.88260304565,723298,1862458
18169,Wabash,IN,Indiana,mean,10.3,20.930685358,65.169808884,40.3,7.7,13,16439,420,1048.0989422653,846545,2040669
18171,Warren,IN,Indiana,mean,9.4,21.120943953,33.329383886,36.4,8.4,0,6560,103,239.17337388865,724389,1960580
18173,Warrick,IN,Indiana,mean,8.8,17.946492234,77.98366146,40.4,8.4,100,17493,831,1740.84243887425,755237,1709714
18175,Washington,IN,Indiana,mean,10.6,18.144616042,31.953019658,38.9,7.8,8,21718,422,1106.83418143535,854761,1775533
18177,Wayne,IN,Indiana,mean,10.6,19.349644878,70.379997896,38.2,6.2,39,22777,1054,2421.77234134975,940495,1932113
18179,Wells,IN,Indiana,mean,9.4,18.665106217,46.472675656,36.5,7.5,15,13973,355,876.86214829235,894164,2027196
18181,White,IN,Indiana,mean,10.1,20.956553487,44.179358393,39.3,8.7,9,16749,342,1000.7814472915,765074,2016920
18183,Whitley,IN,Indiana,mean,9.1,18.905024688,62.174256383,36.6,8.6,20,23692,460,1152.65175505185,866889,2071623
19001,Adair,IA,Iowa,mean,8.6,22.185386554,34.818569904,35.8,8.8,3,7682,133,155.84122562675,130071,2038422
19003,Adams,IA,Iowa,mean,8.7,23.867069486,54.400647948,37.1,8.8,1,4029,61,83.47597042515,105443,2016890
19005,Allamakee,IA,Iowa,mean,9,23.323280195,65.919920347,38.3,8.9,7,10599,321,401.878764253,376045,2282137
19007,Appanoose,IA,Iowa,mean,9.9,23.570204781,53.909231144,40.9,7.6,10,7507,255,285.5481225723,265708,1968117
19009,Audubon,IA,Iowa,mean,8.9,25.039929015,65.438843849,36.2,8.9,4,6119,96,145.5105067985,91273,2078009
19011,Benton,IA,Iowa,mean,8.2,18.893776031,44.594330401,37.8,9,6,21032,573,508.4701000732,325625,2142850
19013,Black Hawk,IA,Iowa,mean,9.4,17.386935444,88.817635576,39.9,7.9,131,17672,3088,3045.42593091245,298758,2174930
19015,Boone,IA,Iowa,mean,8.3,19.069715227,76.653565413,38,9.3,14,13320,507,520.48369773685,173844,2127702
19017,Bremer,IA,Iowa,mean,7.6,19.480881943,73.903473667,38.1,9.6,11,15655,442,341.29468203205,295057,2214305
19019,Buchanan,IA,Iowa,mean,8.2,18.424747059,65.825431558,39.3,9.1,10,14364,414,452.6320407089,343127,2172724
19021,Buena Vista,IA,Iowa,mean,10.3,16.214915026,79.152859818,33,8.9,12,8896,368,880.5446422915,72808,2205551
19023,Butler,IA,Iowa,mean,8.5,22.843985487,56.334589089,35.6,9,2,14867,296,303.75893675525,263628,2204022
19025,Calhoun,IA,Iowa,mean,8.9,23.338376198,43.437090763,39.7,8.4,7,9670,160,191.8369858901,105912,2166062
19027,Carroll,IA,Iowa,mean,8.4,20.916296153,74.614643545,35,9.3,17,10832,327,383.45268443415,102055,2115299
19029,Cass,IA,Iowa,mean,8.9,23.272030651,73.291688886,33.7,8.2,8,7485,248,364.74753451675,85771,2042248
19031,Cedar,IA,Iowa,mean,7.8,20.499728408,65.090516077,40,9.1,4,15432,389,344.8476591953,398062,2106288
19033,Cerro Gordo,IA,Iowa,mean,8.9,22.839881984,91.545899321,35.6,8.6,64,9092,971,839.1336502739,227653,2249142
19035,Cherokee,IA,Iowa,mean,8.9,24.350169521,76.522559616,39.1,8.6,8,7410,207,226.7377169396,25009,2198544
19037,Chickasaw,IA,Iowa,mean,8.3,21.43518129,71.495171495,36.3,9.1,6,9147,227,273.4450190528,304250,2241235
19039,Clarke,IA,Iowa,mean,10.5,18.855390904,62.340993024,37.9,8.3,4,4467,209,282.7570697549,180156,2018208
19041,Clay,IA,Iowa,mean,8.5,21.861313869,74.572753906,39.7,8.6,13,5715,309,427.4376520188,64789,2244300
19043,Clayton,IA,Iowa,mean,9.3,24.602894458,63.90893622,41.8,8.7,6,17512,493,435.8613118831,394620,2223627
19045,Clinton,IA,Iowa,mean,9.1,20.160127413,66.601377529,40.6,7.8,21,15832,1169,1020.78568301225,466980,2117309
19047,Crawford,IA,Iowa,mean,10.8,18.044834188,66.82602118,42.8,7.6,2,8856,407,735.876067118,52784,2120455
19049,Dallas,IA,Iowa,mean,7.3,12.424370881,68.388210036,36.1,9.6,46,20228,1500,1774.0596508357,159843,2085305
19051,Davis,IA,Iowa,mean,8.7,18.056467498,41.295279912,37.7,9.1,3,8753,139,378.610138186,305098,1971950
19053,Decatur,IA,Iowa,mean,9.4,20.537929234,63.296272073,40.4,8.4,2,8457,143,189.40160936355,187086,1963314
19055,Delaware,IA,Iowa,mean,8.3,20.508280982,61.991079597,38.8,9.3,8,12696,345,324.4054982818,378270,2174354
19057,Des Moines,IA,Iowa,mean,9,21.275103271,72.325880236,35.8,7.7,25,10781,1165,704.3613306872,408726,2005754
19059,Dickinson,IA,Iowa,mean,7.9,27.135734693,84.160876688,35.9,9.1,13,5841,400,333.09480254375,71209,2285153
19061,Dubuque,IA,Iowa,mean,8.1,18.682509775,82.733262144,36.1,8.6,77,25302,2432,1785.33093224215,429755,2188086
19063,Emmet,IA,Iowa,mean,8.8,22.175732218,77.130379207,38.8,8,7,4110,201,257.79898294945,101553,2284548
19065,Fayette,IA,Iowa,mean,9.1,22.032402119,70.05997232,38.6,8.7,7,14737,478,403.80184460595,337187,2219670
19067,Floyd,IA,Iowa,mean,8.8,22.137156945,73.865745185,38.8,8.1,6,8597,354,362.5548946295,255958,2238499
19069,Franklin,IA,Iowa,mean,9.8,22.367363344,73.630102805,41.4,8.6,2,6434,210,313.56915592955,218512,2208026
19071,Fremont,IA,Iowa,mean,8.8,23.100350236,31.324753974,38.2,6.9,1,7441,107,157.5282242258,24313,1969376
19073,Greene,IA,Iowa,mean,8.5,23.402546748,63.470527876,35.6,8.6,5,5430,184,188.78193239605,132924,2126864
19075,Grundy,IA,Iowa,mean,7.5,21.057746821,81.742233758,35.9,0,4,12453,231,249.57425742575,263595,2163911
19077,Guthrie,IA,Iowa,mean,8.3,23.459827766,49.411653958,38.8,9,3,10954,233,255.6046354359,115215,2092409
19079,Hamilton,IA,Iowa,mean,8.3,21.058641768,74.532881176,37,9.2,5,7912,288,338.9189470941,189161,2164225
19081,Hancock,IA,Iowa,mean,8.4,23.595610991,70.458545623,36.2,8.8,1,7941,218,221.76759762415,179448,2238281
19083,Hardin,IA,Iowa,mean,8.8,23.264304525,84.814551487,38.9,9,5,12464,324,396.7496490214,223136,2162633
19085,Harrison,IA,Iowa,mean,8.5,19.530983707,45.617885064,39.7,8.7,5,12109,274,328.9499592797,499,2080771
19087,Henry,IA,Iowa,mean,9.1,19.625251386,72.590567327,37.4,8,14,11509,398,398.76981184865,374525,2015256
19089,Howard,IA,Iowa,mean,8.4,20.23633678,76.72404689,39.4,8.4,5,6026,196,216.4789312125,296929,2289128
19091,Humboldt,IA,Iowa,mean,9,21.309943949,72.793581327,37.2,8.2,1,4572,171,247.8125592738,141831,2204260
19093,Ida,IA,Iowa,mean,8.7,21.319723979,74.346895075,36.9,9.2,2,7089,126,165.05027301825,40211,2164524
19095,Iowa,IA,Iowa,mean,8.1,19.404876871,68.905293482,38.9,9.4,12,13441,376,281.16800062165,323348,2083816
19097,Jackson,IA,Iowa,mean,8.8,21.63362247,61.585835258,37.5,8.4,6,10573,530,416.78169723845,459251,2154478
19099,Jasper,IA,Iowa,mean,8.6,19.322635314,75.15404755,39.1,8.8,15,21187,829,620.6869806584,238352,2088559
19101,Jefferson,IA,Iowa,mean,8.9,24.407234614,61.610164081,31.9,8.1,12,6523,414,482.85637227275,338431,2023815
19103,Johnson,IA,Iowa,mean,8.6,12.882880554,89.619506195,29.4,9,299,24261,3150,3731.4308189943,365520,2081168
19105,Jones,IA,Iowa,mean,9,21.273732276,67.833962995,37.3,8.7,7,11961,457,444.9213483146,399110,2141327
19107,Keokuk,IA,Iowa,mean,8.9,22.130320759,37.556064986,38,8.1,1,10511,228,223.35769828925,312509,2053442
19109,Kossuth,IA,Iowa,mean,9,24.729850644,61.404100351,38.2,8.6,7,10203,265,301.22403723305,140979,2272369
19111,Lee,IA,Iowa,mean,9.1,21.378895078,70.74951572,38.9,7.5,19,14566,909,619.4544514281,386075,1967788
19113,Linn,IA,Iowa,mean,8.6,16.669505851,92.208389963,37.4,8.6,141,26927,5980,4634.9882636673,366528,2135662
19115,Louisa,IA,Iowa,mean,9.2,19.843706391,48.768109255,37,9.4,1,11387,253,378.25919599135,401262,2039045
19117,Lucas,IA,Iowa,mean,9.5,22.101033295,63.458420199,37.1,7.8,7,5005,143,183.2705295472,222473,2015304
19119,Lyon,IA,Iowa,mean,8.1,18.691199734,42.131724485,33.6,9.7,4,11581,159,299.13260662505,-34896,2276143
19121,Madison,IA,Iowa,mean,7.7,17.307577655,45.51607445,33.9,9.2,9,10636,381,406.9623111893,164761,2040820
19123,Mahaska,IA,Iowa,mean,8.9,18.108624454,71.306894998,36,8.1,15,9836,441,482.76115968705,274309,2051888
19125,Marion,IA,Iowa,mean,8,18.571000599,73.977973305,33.5,9,30,16218,579,527.53366873065,233399,2047232
19127,Marshall,IA,Iowa,mean,10,18.119087647,80.954993143,38.2,8.1,18,13790,1122,1370.87630104085,249471,2126918
19129,Mills,IA,Iowa,mean,8.2,19.813342551,62.268710301,34.3,9.1,8,8971,243,279.9153538167,20090,2006560
19131,Mitchell,IA,Iowa,mean,8.3,20.79583136,72.806436346,36.9,8.7,3,7241,176,290.9638554217,259018,2285870
19133,Monona,IA,Iowa,mean,9,24.154420341,57.913381328,35.5,8.3,8,6581,194,188.4047917319,-13696,2119487
19135,Monroe,IA,Iowa,mean,8.7,19.921156373,69.710967401,38.2,8.7,4,4397,162,190.57982917215,257909,2016393
19137,Montgomery,IA,Iowa,mean,9.3,22.030614222,79.041626331,41.8,8.2,6,5143,201,241.62540951385,72960,2016634
19139,Muscatine,IA,Iowa,mean,9.4,17.684126687,76.475078062,42.6,8.8,18,10922,981,1036.00290697675,407498,2068674
19141,O'Brien,IA,Iowa,mean,8.7,20.856225473,78.860527429,34.8,8.8,8,9542,245,311.4164303271,34178,2244146
19143,Osceola,IA,Iowa,mean,8.9,22.828381231,53.940568475,38.9,8.5,2,3772,85,168.6231884058,35929,2284258
19145,Page,IA,Iowa,mean,9.4,22.912416924,72.440996647,39.8,8.6,7,5314,257,299.9261083744,70800,1962233
19147,Palo Alto,IA,Iowa,mean,8.1,22.456770716,71.987550022,37.6,8.7,4,5793,150,198.9262466408,113207,2240948
19149,Plymouth,IA,Iowa,mean,8,19.126705653,77.227799829,33.9,9.3,14,15726,436,586.8830963665,-40699,2203515
19151,Pocahontas,IA,Iowa,mean,9.2,23.649985864,63.43599887,37.2,8.4,2,7310,129,181.59378154655,113823,2198685
19153,Polk,IA,Iowa,mean,8.9,13.661229682,89.451280562,34.8,8.7,479,21139,12050,11790.8061722459,206141,2078856
19155,Pottawattamie,IA,Iowa,mean,9.2,18.268241447,81.480137081,40.6,8.1,42,24612,2002,2004.1945704708,15118,2039460
19157,Poweshiek,IA,Iowa,mean,8.4,21.058861509,67.248955096,36.9,9,17,9834,445,333.5383435583,291336,2082498
19159,Ringgold,IA,Iowa,mean,9,23.927570597,45.764529273,38,8.9,6,5131,80,123.349148758,146804,1963510
19161,Sac,IA,Iowa,mean,8.8,23.913043478,61.544732015,41.2,9.1,6,10350,173,213.93218454695,73717,2166446
19163,Scott,IA,Iowa,mean,9.1,17.08330941,90.086964487,37,8.7,169,22323,4734,3954.30305878515,446473,2085696
19165,Shelby,IA,Iowa,mean,8.5,22.752761257,50.681082922,38.8,8.9,6,7233,203,249.846934071,61337,2076035
19167,Sioux,IA,Iowa,mean,8,16.206502661,80.190677966,35.3,10,29,17130,521,905.8143591627,-33727,2242626
19169,Story,IA,Iowa,mean,8.9,13.020749558,94.875021566,32.5,8.3,64,15164,1701,2149.8179551122,212298,2123058
19171,Tama,IA,Iowa,mean,9.3,20.400782593,57.216224103,38.3,8.5,3,12863,427,551.6298936411,284325,2135124
19173,Taylor,IA,Iowa,mean,8.6,22.66530334,60.057666214,36.8,9.4,3,6317,97,180.8453182707,110751,1962653
19175,Union,IA,Iowa,mean,9,20.918622067,83.934750371,35.9,8.2,10,4917,271,288.0810810811,146300,2016021
19177,Van Buren,IA,Iowa,mean,9.4,22.214551981,42.9959739,37.6,8,7,7570,137,205.73313620405,340553,1974617
19179,Wapello,IA,Iowa,mean,10.6,18.445087361,73.677230014,40.1,6.2,19,10854,840,1033.7574784766,298750,2020710
19181,Warren,IA,Iowa,mean,7.8,16.188532265,76.451729863,36.4,9.2,29,19394,1057,898.5999250445,206970,2043950
19183,Washington,IA,Iowa,mean,8.4,19.834600507,74.074894749,39.1,9.1,15,15076,430,668.3198436422,357022,2049341
19185,Wayne,IA,Iowa,mean,9.5,21.92685925,35.601046637,38.9,7.2,3,6403,103,174.00823045265,218221,1966608
19187,Webster,IA,Iowa,mean,9.5,18.556007215,79.399443228,38.2,7.5,17,12891,856,792.98823618415,146100,2171160
19189,Winnebago,IA,Iowa,mean,8.4,21.959459459,85.429347317,37.8,9,3,7185,208,199.09851891035,185097,2286191
19191,Winneshiek,IA,Iowa,mean,7.8,22.064146391,74.404583956,33.3,9.2,22,12419,472,297.6588252484,342623,2290927
19193,Woodbury,IA,Iowa,mean,10.7,15.254670618,90.916642282,38.2,8.6,71,17836,2358,3300.40298480955,-23601,2164305
19195,Worth,IA,Iowa,mean,8.2,22.125930941,37.820771194,34.3,9.2,1,7598,170,180.61512811515,217586,2286277
19197,Wright,IA,Iowa,mean,10,23.175596402,84.029977594,39.4,8.7,5,7514,277,316.3475935829,181331,2201745
20001,Allen,KS,Kansas,mean,10.3,21.245186136,75.706530417,40,7.7,8,7642,198,503.800935772,64434,1653565
20003,Anderson,KS,Kansas,mean,9.5,20.917973772,49.323634507,39.1,7.9,3,4766,115,331.785737413,57366,1689953
20005,Atchison,KS,Kansas,mean,9.6,18.055298972,82.273060925,36.2,7.4,7,5780,257,533.9113971507,69168,1844661
20007,Barber,KS,Kansas,mean,10.3,25.01216545,46.996215705,39.5,7.7,2,4861,44,216.431852986,-237364,1574450
20009,Barton,KS,Kansas,mean,10.7,20.126110406,80.8927941,35.7,7.2,14,8788,388,1309.55729455,-234110,1728452
20011,Bourbon,KS,Kansas,mean,10.7,20.086574042,47.311977716,40.3,7.1,8,7278,241,558.9775381851,116753,1654924
20013,Brown,KS,Kansas,mean,10.5,21.03648863,60.128313,37.8,6.9,9,6833,137,445.90445518,30943,1877591
20015,Butler,KS,Kansas,mean,9.3,16.033525313,64.194122885,38.2,8,50,26664,1141,2347.8028422444,-66913,1654598
20017,Chase,KS,Kansas,mean,9.1,24.28791378,64.930015552,36.4,5.7,0,2790,33,94.40410958905,-47832,1705175
20019,Chautauqua,KS,Kansas,mean,11.5,25.508100147,2.752293578,41,5.8,0,3669,59,183.9441164065,-17599,1560725
20021,Cherokee,KS,Kansas,mean,10.6,19.440669106,54.116310299,35.7,6.3,4,10599,290,817.6837437795,112533,1569438
20023,Cheyenne,KS,Kansas,mean,9.8,27.649069502,56.918960245,36.5,8,1,2726,23,119.5792715585,-490683,1896504
20025,Clark,KS,Kansas,mean,9.1,21.901871523,41.436464088,36.2,5.4,5,2215,21,83.10805501,-332960,1579072
20027,Clay,KS,Kansas,mean,9,23.511204655,56.264629789,39.3,7.9,11,4228,97,329.8539019965,-99400,1819511
20029,Cloud,KS,Kansas,mean,9.8,21.326164875,80.048715678,38.8,7.3,5,4193,108,299.58145674795,-136307,1841560
20031,Coffey,KS,Kansas,mean,9.1,22.115615255,48.911483254,35.7,6.8,7,6098,128,270.2322991249,25813,1700865
20033,Comanche,KS,Kansas,mean,8.9,27.065868263,44.404973357,37.6,8.3,2,1891,19,69.8660565725,-290081,1569407
20035,Cowley,KS,Kansas,mean,10.4,18.239795918,71.866045327,39.1,7.3,15,11256,572,1493.131056935,-76589,1562360
20037,Crawford,KS,Kansas,mean,10.1,15.914088468,77.979061891,37.4,6.6,29,13669,601,1971.3421876515,116295,1612933
20039,Decatur,KS,Kansas,mean,9.6,29.043984006,0,37.4,7.1,0,2961,31,109.8921568625,-376529,1899139
20041,Dickinson,KS,Kansas,mean,9,20.299041118,57.97195957,37.5,8.2,8,12700,269,799.5408234475,-93944,1770416
20043,Doniphan,KS,Kansas,mean,10,20.238254584,22.117177097,36.7,7.6,3,5577,113,309.4285714285,77952,1877498
20045,Douglas,KS,Kansas,mean,8.8,13.487429103,92.745717052,32,7.9,115,12205,2030,4589.638669405,63466,1770103
20047,Edwards,KS,Kansas,mean,10.6,22.563559322,54.076367389,39.5,8.7,0,3037,31,177.051453073,-285013,1663754
20049,Elk,KS,Kansas,mean,10.7,28.553871364,27.466774064,40.7,6.2,1,2882,33,121.5008479365,-21370,1606986
20051,Ellis,KS,Kansas,mean,9.2,16.755817992,89.790557821,32.1,8,19,7272,332,1112.29146837415,-288074,1774051
20053,Ellsworth,KS,Kansas,mean,9.4,21.433080808,61.213927227,35.7,7.9,2,3515,60,210.8293568465,-195703,1746626
20055,Finney,KS,Kansas,mean,12.7,11.7616186,77.990642059,42.6,8.1,22,6834,428,2698.7122684285,-401057,1686377
20057,Ford,KS,Kansas,mean,12.4,11.721654615,82.780645726,41.8,8.5,16,6532,377,2703.0355258965,-348663,1631761
20059,Franklin,KS,Kansas,mean,9.4,17.667205418,54.485305432,40.6,6.8,11,13542,452,996.28569359975,55375,1728388
20061,Geary,KS,Kansas,mean,11.5,9.0193131853,79.623832984,37.9,6.5,15,4011,486,1269.49362367235,-68692,1789321
20063,Gove,KS,Kansas,mean,9.2,23.121597096,42.862398823,35.2,5.5,6,2695,28,105.63278856,-382861,1789715
20065,Graham,KS,Kansas,mean,10.5,26.541666667,0,37.9,8,2,2597,33,99.96875,-331401,1822024
20067,Grant,KS,Kansas,mean,11.4,14.909885309,83.827529924,40,8.6,4,1550,90,531.3260135135,-467623,1629691
20069,Gray,KS,Kansas,mean,8.8,15.715804394,48.222182912,35,8.6,1,6006,55,530.0247163695,-381797,1656417
20071,Greeley,KS,Kansas,mean,10.1,19.325153374,0,38.2,8.4,1,1247,10,78.4579831935,-515355,1745650
20073,Greenwood,KS,Kansas,mean,9.8,26.704832463,44.597739362,38.7,6.5,3,4098,85,241.0634301915,-20623,1662743
20075,Hamilton,KS,Kansas,mean,10.8,15.861513688,83.042096902,38.2,8.8,1,2690,22,234.499015748,-507083,1685427
20077,Harper,KS,Kansas,mean,10.2,23.691615082,70.173199635,36.9,7.3,3,6034,73,281.8595659765,-184060,1567222
20079,Harvey,KS,Kansas,mean,9.4,19.8243487,73.330590172,38.3,8.6,29,10724,497,1414.314975481,-123215,1676109
20081,Haskell,KS,Kansas,mean,11.3,16.41221374,59.497354497,39.8,8.6,0,4256,40,358.149708857,-422548,1629763
20083,Hodgeman,KS,Kansas,mean,8.8,22.105263158,51.189785258,35.5,8.1,2,1916,19,105.6793002915,-338155,1690130
20085,Jackson,KS,Kansas,mean,9.6,19.319809969,48.768137848,37.1,8,8,10217,188,646.546445766,21261,1836543
20087,Jefferson,KS,Kansas,mean,8.8,20.042365977,37.363893728,36.5,9.1,10,18900,307,731.30711969825,49520,1803471
20089,Jewell,KS,Kansas,mean,10.4,30.915900579,3.0695770805,40.7,7.2,0,3077,27,117.2831950205,-186746,1885958
20091,Johnson,KS,Kansas,mean,7.9,15.510771845,96.720574949,28.6,9.1,751,20862,9240,15441.492920203,112331,1768530
20093,Kearny,KS,Kansas,mean,11.7,16.448213827,64.574441376,37.8,8.3,5,3977,33,317.4772874755,-461927,1685177
20095,Kingman,KS,Kansas,mean,8.5,21.32034632,53.105756359,37.5,7.9,3,4880,100,248.5386904762,-182497,1615620
20097,Kiowa,KS,Kansas,mean,9.4,23.369565217,36.666666667,37.6,7.6,1,2553,26,150.5782312925,-289156,1618835
20099,Labette,KS,Kansas,mean,10.7,20.043190036,52.48216409,40.5,7.3,9,11309,320,782.047421073,62993,1567302
20101,Lane,KS,Kansas,mean,9.6,23.38658147,0,37.5,8,0,1750,15,91.8734729495,-385650,1724759
20103,Leavenworth,KS,Kansas,mean,9.8,15.420276453,84.553193048,37.2,7.8,39,22154,1218,2581.5528641288,88345,1810496
20105,Lincoln,KS,Kansas,mean,9.3,25.869789873,0.9186798231,38.1,7.8,1,3241,37,125.96981389,-193824,1793398
20107,Linn,KS,Kansas,mean,10.5,22.26326049,43.280158482,39.2,7.6,1,9656,186,430.2614006515,117349,1696275
20109,Logan,KS,Kansas,mean,9.7,22.079353417,75.126719768,37.8,8.2,2,2756,26,136.629638328,-439848,1788105
20111,Lyon,KS,Kansas,mean,10.6,16.282267642,74.536188197,40,8.1,19,8860,481,1726.517373347,-15744,1717036
20113,McPherson,KS,Kansas,mean,8.8,20.394082134,79.919266784,32.2,8.2,22,12692,362,1044.694623753,-149916,1710146
20115,Marion,KS,Kansas,mean,9.2,23.574112022,34.796582932,32.5,7.9,2,9845,145,478.6437179335,-92919,1714200
20117,Marshall,KS,Kansas,mean,8.9,22.707686141,37.607093046,35.3,7.8,5,7180,105,345.61371938845,-42128,1886732
20119,Meade,KS,Kansas,mean,10.2,18.995524615,27.348951911,36.9,7.6,0,4575,48,328,-380943,1586515
20121,Miami,KS,Kansas,mean,8.4,17.809961553,69.954081483,37.1,8.4,19,16705,519,984.0103107547,115790,1731745
20123,Mitchell,KS,Kansas,mean,9.3,23.208072373,70.134575569,39.3,7.7,6,3078,67,200.03385899815,-176398,1826542
20125,Montgomery,KS,Kansas,mean,11.1,20.618821415,75.760655529,41.1,6.7,10,15403,575,1448.5239706005,22982,1564378
20127,Morris,KS,Kansas,mean,9.2,25.522778193,64.779056814,36.5,7.7,3,5923,72,241.72815534,-56754,1749568
20129,Morton,KS,Kansas,mean,11,20.72808321,88.707885968,38.4,7.4,3,3233,29,169.2437275985,-522408,1586307
20131,Nemaha,KS,Kansas,mean,8.4,19.812059514,65.414192544,35.1,8.1,13,7658,98,315.38307155325,-5482,1884221
20133,Neosho,KS,Kansas,mean,9.9,20.083628991,71.573189135,39.1,7.5,10,7453,259,657.823054332,63356,1621165
20135,Ness,KS,Kansas,mean,9.6,25.636227545,0,36.7,7.9,3,3107,29,157.917447018,-333755,1728731
20137,Norton,KS,Kansas,mean,9.6,20.853612879,61.952738597,36.5,8.3,3,2778,47,181.563109581,-326891,1895143
20139,Osage,KS,Kansas,mean,9.5,20.471841705,62.603069897,41.8,7.9,1,13612,237,631.5410363695,28390,1743595
20141,Osborne,KS,Kansas,mean,9.6,26.129216695,41.6,37.4,7.8,1,3858,36,150.2546794105,-226078,1818092
20143,Ottawa,KS,Kansas,mean,9.3,20.640630353,2.1447253705,36.8,7.9,2,6091,82,210.6438232642,-148933,1805519
20145,Pawnee,KS,Kansas,mean,10.4,22.168674699,66.687989765,39.6,7.6,6,2209,63,186.0375,-280373,1694856
20147,Phillips,KS,Kansas,mean,9.1,24.942886812,55.551094158,35.7,7.4,2,3033,56,207.778936392,-280507,1894313
20149,Pottawatomie,KS,Kansas,mean,8.6,15.122140364,45.759034243,33.8,9,16,12728,307,901.27244582045,-26629,1819488
20151,Pratt,KS,Kansas,mean,9.4,21.054351378,80.659604674,36.4,7.9,8,3110,110,459.5566652195,-233011,1640685
20153,Rawlins,KS,Kansas,mean,9.9,27.657905061,56.306130418,36.8,7.3,1,2519,26,100.2836484985,-435756,1900651
20155,Reno,KS,Kansas,mean,10.5,20.337382356,66.423793984,41.6,7.6,37,20191,947,2658.217703865,-184189,1661655
20157,Republic,KS,Kansas,mean,9.1,27.498927499,49.636285837,36.5,8.4,3,4980,54,153.5860264697,-141510,1892633
20159,Rice,KS,Kansas,mean,10,19.8828541,66.74445741,38.8,7.7,5,6431,128,394.6230124315,-198211,1712761
20161,Riley,KS,Kansas,mean,10.4,10.375581653,86.438110591,34.2,5.7,55,9846,942,2964.675036721,-58240,1808147
20163,Rooks,KS,Kansas,mean,9,23.39060236,40.739987802,33.7,8.6,5,5181,59,256.3356164385,-289469,1820459
20165,Rush,KS,Kansas,mean,9.3,25.905858449,29.803788904,36.1,7.7,1,3307,38,116.6477377655,-285242,1739893
20167,Russell,KS,Kansas,mean,9.4,25.018648366,68.076520699,37.5,7.7,4,2862,81,315.1652035115,-236957,1772238
20169,Saline,KS,Kansas,mean,10.1,18.891033254,80.247868442,38.1,7.9,52,8113,879,2329.9460896865,-153636,1764475
20171,Scott,KS,Kansas,mean,10.3,19.547846424,84.274898078,35.5,8.8,4,1289,45,272.5405727925,-424721,1728828
20173,Sedgwick,KS,Kansas,mean,10.6,15.448964164,82.182946944,34.6,7.2,463,38168,11695,26043.0168185295,-138720,1634140
20175,Seward,KS,Kansas,mean,13.4,10.994619948,90.534511018,41.3,8.4,8,2623,275,1883.406133674,-426624,1573952
20177,Shawnee,KS,Kansas,mean,10.7,19.12893237,87.528296508,37.3,7.6,127,28157,2837,6482.1654086329,22302,1789270
20179,Sheridan,KS,Kansas,mean,8.7,23.607748184,57.335512873,37.8,8.2,2,2556,27,74.2066246057,-378480,1838398
20181,Sherman,KS,Kansas,mean,8.9,20.339270568,78.522017884,36.6,6.7,1,1457,72,265.7932263815,-498211,1841761
20183,Smith,KS,Kansas,mean,9.3,28.803131991,62.745098039,35.9,7.7,5,3853,35,123.74860335195,-233425,1892655
20185,Stafford,KS,Kansas,mean,9.9,21.864154685,45.776031434,36.5,8,1,4437,44,236.867576244,-239152,1673047
20187,Stanton,KS,Kansas,mean,11.8,17.612524462,74.088291747,39.4,8.5,0,2235,21,152.6226954865,-517759,1634813
20189,Stevens,KS,Kansas,mean,11.7,15.416587946,28.361904762,40.8,7.8,2,1788,60,449.8170459615,-472086,1585597
20191,Sumner,KS,Kansas,mean,9.9,19.812374358,56.335448128,37.3,7.7,6,15168,442,932.181086519,-139112,1568162
20193,Thomas,KS,Kansas,mean,9.2,18.509584867,78.095838588,37.7,7.4,4,2437,78,357.327254642,-417263,1829522
20195,Trego,KS,Kansas,mean,9.1,26.423200859,71.403133903,36.4,8.9,2,3001,30,111.7958727,-321953,1782309
20197,Wabaunsee,KS,Kansas,mean,8.6,21.346540339,14.395812127,36.5,7.8,3,7053,91,262.7786627153,-22321,1779522
20199,Wallace,KS,Kansas,mean,9.5,23.342175066,35.251322751,35.3,7.6,0,1485,15,67.7742616035,-505977,1781037
20201,Washington,KS,Kansas,mean,9.2,24.042823444,32.730560579,40.1,7.5,3,5799,53,251.5482877555,-96957,1884250
20203,Wichita,KS,Kansas,mean,10,21.517771374,73.605947955,36.8,9,1,2234,23,143.921379739,-470736,1734585
20205,Wilson,KS,Kansas,mean,10.1,23.176167019,36.653525046,38.7,7.2,4,6839,154,327.592373283,16082,1617727
20207,Woodson,KS,Kansas,mean,10,25.596389426,11.011235955,36.6,7.2,0,3309,53,134.2935076645,16190,1654467
20209,Wyandotte,KS,Kansas,mean,13.6,13.120936748,92.715885255,46,6.8,85,9549,3627,10987.360466781,111945,1797202
21001,Adair,KY,Kentucky,mean,11.3,18.899218255,43.548643073,39.7,7.4,6,14077,361,538.27525074165,941486,1627177
21003,Allen,KY,Kentucky,mean,11,17.892003654,25.845152516,37.9,7.2,3,15705,360,639.71734174995,868966,1564589
21005,Anderson,KY,Kentucky,mean,9.9,16.575826919,29.414724132,36,7.9,6,8932,475,682.08255451715,951414,1722947
21007,Ballard,KY,Kentucky,mean,11.3,21.585445094,33.398033126,39.5,8.1,0,8249,173,247.5800938338,608052,1587327
21009,Barren,KY,Kentucky,mean,12.2,18.024874282,53.137012476,37.7,6.4,37,26685,959,1510.7506066249,879726,1605601
21011,Bath,KY,Kentucky,mean,12,17.224917828,36.839215686,39.3,7,3,11591,267,361.5526446363,1061817,1745431
21013,Bell,KY,Kentucky,mean,13.7,19.754380082,87.521268208,44,5.4,11,17926,469,671.4962838899,1091826,1603740
21015,Boone,KY,Kentucky,mean,9,14.369924024,90.605142386,38.3,8.3,83,15769,2701,3458.9717017636,961341,1839734
21017,Bourbon,KY,Kentucky,mean,11.2,19.966384893,53.318190796,39.6,7,15,8943,375,648.13270872105,1015580,1758207
21019,Boyd,KY,Kentucky,mean,11,20.401260987,74.066016038,39.8,6.3,46,12543,1076,1093.5951975477,1151646,1790150
21021,Boyle,KY,Kentucky,mean,10.8,19.26692035,73.433723133,38.3,7.3,21,9900,630,706.2867361728,971308,1683882
21023,Bracken,KY,Kentucky,mean,11,17.798317336,0,40,7.9,2,8488,178,239.5166145135,1022448,1816574
21025,Breathitt,KY,Kentucky,mean,13,18.350180772,21.803469894,41.5,4.7,7,11311,282,288.89356535815,1110386,1688206
21027,Breckinridge,KY,Kentucky,mean,11.2,20.086194373,29.473375098,39.1,7.5,5,20059,420,600.7436508434,825170,1690714
21029,Bullitt,KY,Kentucky,mean,9.7,16.845558262,68.764367467,38.1,7.7,16,22603,1984,1875.2420228734,893609,1718423
21031,Butler,KY,Kentucky,mean,11.1,19.269562388,20.653140409,38.8,7.3,1,12690,226,485.2877640494,815908,1623509
21033,Caldwell,KY,Kentucky,mean,11.2,21.229404309,28.745355364,38.6,7.6,4,7094,249,361.1498213374,714448,1613860
21035,Calloway,KY,Kentucky,mean,10.6,17.390841321,70.366277659,39.6,7.3,17,18119,801,1411.8510550269,689555,1537470
21037,Campbell,KY,Kentucky,mean,8.8,16.841483074,91.469336886,38.3,7.7,55,13818,2034,2135.80252266455,993097,1841751
21039,Carlisle,KY,Kentucky,mean,11.7,20.851596744,7.0451719851,39.2,8,2,5104,86,182.3444323144,612383,1565008
21041,Carroll,KY,Kentucky,mean,12,16.118935837,49.195189639,39.9,0,3,5646,222,363.12217246525,930058,1800830
21043,Carter,KY,Kentucky,mean,12,19.502498864,29.755511323,39.9,6.7,5,22004,755,876.24868446695,1112748,1781279
21045,Casey,KY,Kentucky,mean,13.2,20.477751166,0,40.2,6.7,1,15955,280,552.0188180918,967698,1647022
21047,Christian,KY,Kentucky,mean,13.1,12.61384524,63.277340958,38.1,6.2,45,21118,1444,2108.81900977885,748758,1567959
21049,Clark,KY,Kentucky,mean,10.4,18.290797646,77.445093584,35.2,7.5,16,9782,750,1004.4210526316,1027942,1729045
21051,Clay,KY,Kentucky,mean,14.2,15.90121746,98.84000983,43.9,4.7,7,17073,352,531.6119852237,1082918,1644721
21053,Clinton,KY,Kentucky,mean,12.8,19.848893686,52.01556252,40.3,7.5,5,10272,176,377.2842281017,958366,1578283
21055,Crittenden,KY,Kentucky,mean,11.1,21.280876271,56.863181313,38.2,7.6,4,6597,165,294.3097042651,690798,1630690
21057,Cumberland,KY,Kentucky,mean,11.9,22.401769008,6.691576087,39.6,7.7,3,6856,116,188.26070118225,937565,1589307
21059,Daviess,KY,Kentucky,mean,10.5,17.482510697,87.071201796,39.5,7.6,53,26113,2007,2898.0347059398,773604,1683799
21061,Edmonson,KY,Kentucky,mean,11.4,21.015377105,40.879102754,40.6,7.4,1,12161,237,463.32784037065,856723,1621874
21063,Elliott,KY,Kentucky,mean,12.9,21.108250915,12.088659233,41.6,0,1,7852,158,132.7265100671,1117200,1761231
21065,Estill,KY,Kentucky,mean,12.6,19.209480556,61.004024571,39.7,6.7,3,11169,266,416.743315508,1050016,1699698
21067,Fayette,KY,Kentucky,mean,10.3,14.429773177,99.175062777,33.3,7.8,403,9072,6796,10124.3047850704,997538,1735721
21069,Fleming,KY,Kentucky,mean,11.6,18.359169732,49.774565707,39.7,7.2,5,11553,299,441.2287991136,1058953,1776342
21071,Floyd,KY,Kentucky,mean,12.5,19.08771333,26.005787101,42.8,6.3,20,33088,764,898.74974597185,1154858,1695701
21073,Franklin,KY,Kentucky,mean,10,18.42227468,75.745522982,37,7.4,17,13580,1109,1611.5221688435,964935,1756221
21075,Fulton,KY,Kentucky,mean,14.1,21.529484029,75.272448196,42.6,7.3,1,4390,110,164.3843175218,588278,1526719
21077,Gallatin,KY,Kentucky,mean,11.3,14.518518519,40.368239356,39.1,0,4,8589,172,356.77417604775,955276,1812302
21079,Garrard,KY,Kentucky,mean,10.5,18.719041585,60.22532885,38.8,0,4,13173,340,633.43269908385,993154,1693808
21081,Grant,KY,Kentucky,mean,10.4,14.213278403,62.643839461,37.5,8,11,16028,524,830.40761666115,976046,1805683
21083,Graves,KY,Kentucky,mean,11.4,18.937593882,31.845343666,39.4,7.1,10,25765,706,1206.1266135677,653686,1535448
21085,Grayson,KY,Kentucky,mean,12.1,18.31925803,20.968962907,41.2,6.3,14,18944,589,789.2987232808,844262,1651450
21087,Green,KY,Kentucky,mean,12.5,20.706757595,0,41.7,6.9,3,11258,193,456.297779866,913214,1639997
21089,Greenup,KY,Kentucky,mean,10.2,21.725714606,80.01501585,37.7,7,20,14501,890,804.9711406661,1126212,1818674
21091,Hancock,KY,Kentucky,mean,10.6,17.762577229,22.374931281,36.3,7.8,0,7649,168,253.00766202725,800766,1696716
21093,Hardin,KY,Kentucky,mean,10.5,14.706962825,78.528843201,39.4,7.5,66,36109,2233,3211.51457650885,873211,1690313
21095,Harlan,KY,Kentucky,mean,14,19.224889161,54.731467333,45.3,5.4,9,15856,558,583.92768959435,1138890,1623141
21097,Harrison,KY,Kentucky,mean,10.8,17.984168865,35.400171196,38.4,7.5,9,12425,340,553.0814377892,1005344,1778195
21099,Hart,KY,Kentucky,mean,12.7,16.963001028,27.638946495,40.5,7.1,6,15867,338,682.4278996865,882002,1638334
21101,Henderson,KY,Kentucky,mean,10.9,18.813869025,70.903935883,40.5,7.4,22,17667,932,1164.28429985855,728056,1687556
21103,Henry,KY,Kentucky,mean,11.1,18.16439931,18.15920398,40.7,7.8,8,15416,326,575.8958157065,941805,1774026
21105,Hickman,KY,Kentucky,mean,11.9,25.768535262,8.2946250829,41,7.8,1,4902,77,156.45259888855,616886,1540078
21107,Hopkins,KY,Kentucky,mean,11.7,18.990650893,57.728463554,41.9,6.9,50,22111,925,1211.43914590745,739640,1625336
21109,Jackson,KY,Kentucky,mean,13.1,17.975970425,67.086067156,42.7,6,3,13494,257,408.80639097745,1051991,1676915
21111,Jefferson,KY,Kentucky,mean,10.6,16.964315558,91.495065577,36.4,7.8,724,10176,18941,17702.3546843953,885239,1737625
21113,Jessamine,KY,Kentucky,mean,9.8,16.201096483,88.350852031,35.4,7.7,41,12583,1054,1714.400264502,986082,1710973
21115,Johnson,KY,Kentucky,mean,11.8,19.06366377,60.462962963,41.1,6.9,15,17054,489,565.27124563445,1142648,1729723
21117,Kenton,KY,Kentucky,mean,9.3,15.360925101,85.292551933,35.2,7.9,147,11142,3636,4257.51037303295,980864,1836206
21119,Knott,KY,Kentucky,mean,13.6,20.166512488,13.107852081,41,6.3,4,16346,309,372.92891610985,1143726,1678381
21121,Knox,KY,Kentucky,mean,13.3,17.442910161,33.55744709,46.3,4.8,8,20062,622,833.3930177418,1069559,1612923
21123,Larue,KY,Kentucky,mean,10.8,18.099547511,56.205017825,40.9,7.3,1,10780,286,442.83506595615,903632,1667531
21125,Laurel,KY,Kentucky,mean,11.6,17.026582056,69.557440148,39.8,6.4,24,33451,1139,1877.76343006325,1040946,1630679
21127,Lawrence,KY,Kentucky,mean,12.2,18.661755678,16.123488615,37,6.5,5,12229,342,482.87760058285,1154945,1755655
21129,Lee,KY,Kentucky,mean,14.6,17.78284794,79.864773496,42.1,6.4,2,7887,113,163.3044196613,1065991,1690895
21131,Leslie,KY,Kentucky,mean,13,19.05039891,100,41.1,5.7,2,11310,206,242.6856876829,1102820,1637350
21133,Letcher,KY,Kentucky,mean,12.9,20.448877805,69.607388157,43.8,0,13,24519,459,595.60272638755,1154553,1641951
21135,Lewis,KY,Kentucky,mean,13.6,19.527219527,22.278287462,42.4,6.8,2,13870,359,404.3413581431,1083754,1808692
21137,Lincoln,KY,Kentucky,mean,11.8,18.648682094,40.267765191,40.6,6.8,6,20204,519,756.37906593125,989479,1662536
21139,Livingston,KY,Kentucky,mean,10.3,22.2346244,42.641764176,38.2,7.3,3,9079,223,256.6912751678,664025,1604517
21141,Logan,KY,Kentucky,mean,11.1,18.508516078,42.833187518,40.2,7.8,7,20121,467,895.5875745071,807295,1572739
21143,Lyon,KY,Kentucky,mean,10.5,25.627626945,63.629032258,37.1,7.9,4,8314,139,177.52869600485,691841,1593052
21145,McCracken,KY,Kentucky,mean,10.9,20.701515107,89.107918969,38.3,6.7,67,18243,1495,1643.72583816735,638505,1592308
21147,McCreary,KY,Kentucky,mean,14.6,16.108216907,100,45.2,6.5,2,18306,280,428.9372728007,1020923,1594025
21149,McLean,KY,Kentucky,mean,10.2,20.043956044,1.5297202797,37.6,8.2,0,9531,172,297.08647140865,761337,1655771
21151,Madison,KY,Kentucky,mean,10.2,14.236367862,73.735989903,35.6,6.9,50,31937,1922,2562.94616337465,1018430,1697711
21153,Magoffin,KY,Kentucky,mean,13.7,18.630947204,5.8262438773,42.1,5.6,4,13333,406,404.19111483655,1127314,1703381
21155,Marion,KY,Kentucky,mean,11.9,17.044359949,48.516418978,39.2,6.8,9,14174,405,548.0122234406,936278,1671553
21157,Marshall,KY,Kentucky,mean,9.5,22.473856621,52.796992956,37.5,8.3,14,27001,672,929.88341371355,672289,1573344
21159,Martin,KY,Kentucky,mean,12,17.603231598,35.775671126,40,6.9,2,12929,218,234.0271261958,1172643,1734365
21161,Mason,KY,Kentucky,mean,10.8,19.012462347,65.210280374,39.2,7.1,11,9689,375,512.2784217566,1049893,1809340
21163,Meade,KY,Kentucky,mean,9.9,15.409379045,59.467386595,37.7,7.7,7,24569,618,849.5280870762,842427,1716774
21165,Menifee,KY,Kentucky,mean,12,20.778172425,83.935874366,39.6,7.2,3,6306,159,189.7282020445,1065990,1737878
21167,Mercer,KY,Kentucky,mean,10.4,18.989059081,40.665164966,39.6,7.7,5,12616,452,646.1603429613,973108,1709247
21169,Metcalfe,KY,Kentucky,mean,12,19.383515315,59.790005833,41.3,7.4,2,10099,216,297.7323854259,908657,1613297
21171,Monroe,KY,Kentucky,mean,12.1,19.433811092,43.976009878,39.8,7.2,5,10963,185,384.07504520795,910889,1568867
21173,Montgomery,KY,Kentucky,mean,11.1,16.687338318,42.338336772,39.6,7,12,15664,615,865.2417477415,1044435,1743825
21175,Morgan,KY,Kentucky,mean,12.1,17.301013025,51.070960221,41,7,3,13923,249,336.7070021151,1111836,1737063
21177,Muhlenberg,KY,Kentucky,mean,11.5,19.671597055,51.29009312,39.9,7.3,12,21556,651,849.1929460581,778394,1614775
21179,Nelson,KY,Kentucky,mean,9.4,16.743810778,61.562326159,37.5,8.6,26,24735,1010,1270.79237882485,917009,1697444
21181,Nicholas,KY,Kentucky,mean,11.9,16.156639004,8.1862810137,39.4,7.3,1,7135,143,241.5411774715,1034170,1773908
21183,Ohio,KY,Kentucky,mean,11.1,18.549476528,25.403836446,37.5,7.8,5,17521,498,723.78310214375,801833,1651115
21185,Oldham,KY,Kentucky,mean,8.4,14.171944384,92.176845593,35.6,9.2,42,12261,1185,1210.2181417554,907170,1766250
21187,Owen,KY,Kentucky,mean,10.9,19.107490703,46.196134066,37.9,7.6,4,10841,217,410.1163479053,959990,1782230
21189,Owsley,KY,Kentucky,mean,12.7,20.440172021,84.102690694,41.2,6.3,0,4755,74,101.9765484065,1077419,1672305
21191,Pendleton,KY,Kentucky,mean,10.5,16.991853221,33.413001912,40,8,4,14877,285,483.4878576181,1001220,1818803
21193,Perry,KY,Kentucky,mean,11.7,17.966987719,42.036315106,40.7,7.1,29,21268,503,583.8609415009,1116945,1651823
21195,Pike,KY,Kentucky,mean,12,19.891620637,40.292147471,38.4,6.9,50,57090,1214,1610.64233907525,1189401,1696033
21197,Powell,KY,Kentucky,mean,11.2,16.294829818,86.541244573,36.6,7.3,1,8464,247,334.85322678535,1060434,1714615
21199,Pulaski,KY,Kentucky,mean,11.5,19.398376718,49.80625519,41.1,6.6,51,34021,1279,1741.3635888603,994270,1630294
21201,Robertson,KY,Kentucky,mean,11.4,22.773593265,1.7327861377,39.5,4.5,0,2282,34,62.69905956115,1029897,1790684
21203,Rockcastle,KY,Kentucky,mean,11.7,18.814768849,27.436552971,40.4,7.5,8,14279,320,392.45321859125,1018959,1662148
21205,Rowan,KY,Kentucky,mean,11.7,14.392019629,97.433298192,40.4,7.1,17,16051,526,658.1431951016,1087626,1762122
21207,Russell,KY,Kentucky,mean,11.6,20.593743115,75.765660608,39.6,7.2,6,17565,333,600.76619939925,960603,1612511
21209,Scott,KY,Kentucky,mean,9.1,12.713726567,78.547808591,34,8,34,15314,1091,1483.952610698,985298,1761900
21211,Shelby,KY,Kentucky,mean,9.9,16.446214482,70.136273796,37.6,8.9,19,19778,980,1627.02759510635,927580,1745713
21213,Simpson,KY,Kentucky,mean,10.5,16.837407445,61.401449423,37.1,7.7,5,7835,371,611.03161530285,834185,1565159
21215,Spencer,KY,Kentucky,mean,9.3,15.289214702,39.769112365,35.1,0,8,17061,447,572.41639147405,923476,1725492
21217,Taylor,KY,Kentucky,mean,10.5,18.254240518,67.524881835,37.7,7.5,19,12793,484,644.2851578516,930523,1653515
21219,Todd,KY,Kentucky,mean,11.6,16.54049654,2.3441966838,38.3,7.6,3,12460,201,661.0384615385,776633,1563787
21221,Trigg,KY,Kentucky,mean,10.6,22.907271702,60.19486523,38.5,7.8,1,11379,307,408.6463491492,714619,1561312
21223,Trimble,KY,Kentucky,mean,10.7,17.842907386,42.128864763,38.1,0,2,8342,185,252.626565686,912576,1790272
21225,Union,KY,Kentucky,mean,11.1,18.21470762,69.000585309,39.8,5.9,3,9797,262,459.91920928235,696139,1666748
21227,Warren,KY,Kentucky,mean,10.7,13.335568318,63.986206281,37.2,7.6,90,35486,2749,4502.5982635789,843313,1599834
21229,Washington,KY,Kentucky,mean,10.6,18.629887343,18.200715058,39.3,7.7,4,11717,240,476.34484175915,939509,1695562
21231,Wayne,KY,Kentucky,mean,12.4,22.149437052,30.851444643,40.1,6.6,11,14097,375,578.7881283352,987135,1587084
21233,Webster,KY,Kentucky,mean,11.8,18.403184266,27.794422678,39.8,6.3,2,13621,241,525.1546391755,722082,1639544
21235,Whitley,KY,Kentucky,mean,11.5,16.099515417,74.082044018,36.1,7.1,34,23220,698,972.9115701316,1051370,1590579
21237,Wolfe,KY,Kentucky,mean,15.4,19.870908253,31.438585797,44.3,5.3,1,7355,130,193.44265265445,1091184,1710440
21239,Woodford,KY,Kentucky,mean,9.4,20.221606648,82.974210115,35.9,7.6,18,9017,510,792.770609319,977027,1731993
22001,Acadia,LA,Louisiana,mean,12.6,16.174416981,52.485410588,38.3,7,20,31936,1163,2519.46211074715,341807,810382
22003,Allen,LA,Louisiana,mean,12.3,14.995371799,67.054945055,39.1,6.7,3,17886,450,789.50916192775,301320,847269
22005,Ascension,LA,Louisiana,mean,10.2,12.856686583,68.556521739,31.2,7.9,56,14170,2706,3753.8847445084,492713,806886
22007,Assumption,LA,Louisiana,mean,13.4,19.913963942,35.61481059,40.6,7.4,3,10538,625,834.89646628515,471112,772958
22009,Avoyelles,LA,Louisiana,mean,14,17.557855031,34.575365934,40.1,6,11,26835,771,1522.6379718975,380646,904144
22011,Beauregard,LA,Louisiana,mean,11.1,15.922261098,19.579195053,37.4,6,17,23708,598,1557.0998948475,242171,842697
22013,Bienville,LA,Louisiana,mean,15.7,21.391671885,33.109929898,44.1,5,2,11459,299,454.5871559633,272205,1038348
22015,Bossier,LA,Louisiana,mean,11.4,15.245772161,71.568048716,38.5,7,61,28475,2199,4737.520448511,221192,1070605
22017,Caddo,LA,Louisiana,mean,14.6,18.413330359,84.915996771,43.9,6,300,36805,6303,8718.72349605925,189689,1067925
22019,Calcasieu,LA,Louisiana,mean,12.4,16.008222835,77.896994718,38.5,6.6,168,39518,5393,6730.04085310905,241107,803649
22021,Caldwell,LA,Louisiana,mean,12.6,18.733674642,73.478486262,38.3,7.2,3,10132,170,455.098057857,366385,1011639
22023,Cameron,LA,Louisiana,mean,10.6,17.933070866,78.921132277,35.7,8.1,2,6839,122,287.9570853039,253588,755076
22025,Catahoula,LA,Louisiana,mean,13.4,18.648495173,15.371659555,41.4,6.2,1,10407,179,347.7266137645,396341,961434
22027,Claiborne,LA,Louisiana,mean,17.4,20.031343496,63.323923783,47.4,5.7,6,14161,266,474.5603578355,281164,1104196
22029,Concordia,LA,Louisiana,mean,15.7,18.921419242,51.784663135,43.4,5.1,5,6966,406,642.7029338051,420231,941164
22031,De Soto,LA,Louisiana,mean,13.6,18.351350347,45.095479636,42.4,6.7,5,20595,520,1134.1481988145,203723,1005048
22033,East Baton Rouge,LA,Louisiana,mean,12.1,15.317416022,96.930695454,37.5,7,402,30266,11943,16889.7467108962,469444,835864
22035,East Carroll,LA,Louisiana,mean,21.5,15.983379501,84.729856549,51.2,3.4,3,2683,172,183.19596812,450843,1095692
22037,East Feliciana,LA,Louisiana,mean,12.7,19.241907126,42.371666923,40.2,8.4,5,20267,348,518.0237983404,464833,878388
22039,Evangeline,LA,Louisiana,mean,14.8,15.731801956,55.737248841,42.2,6,21,20762,652,1390.7746792555,333686,847845
22041,Franklin,LA,Louisiana,mean,14.3,18.761439902,40.472337413,40.7,5.9,9,15406,431,827.418589321,407229,1017412
22043,Grant,LA,Louisiana,mean,12,15.600827487,70.539943164,41.7,7.1,1,19095,330,731.0893872394,322125,958369
22045,Iberia,LA,Louisiana,mean,13.1,16.224719101,68.671080668,37.7,6.9,34,20607,1912,2825.527450002,404572,752172
22047,Iberville,LA,Louisiana,mean,13.6,16.986319742,58.943156642,39.4,7.7,11,19770,980,943.19364923405,448281,814283
22049,Jackson,LA,Louisiana,mean,13,20.314600699,16.65890493,42.4,6.5,2,10665,253,607.3439857965,325758,1040013
22051,Jefferson,LA,Louisiana,mean,12.2,18.367582225,96.311547004,38.1,7.5,424,4942,12446,19567.643139642,566075,768205
22053,Jefferson Davis,LA,Louisiana,mean,11.5,16.695006956,49.426356589,40.8,6.9,13,16018,601,1309.6241260115,308263,816148
22055,Lafayette,LA,Louisiana,mean,11.1,14.333449356,84.035772048,35.1,7.3,264,18432,5167,9802.7826850984,380190,799948
22057,Lafourche,LA,Louisiana,mean,11.8,16.366508041,67.236589891,38.6,7.1,50,23325,1852,4412.518269014,561361,712112
22059,La Salle,LA,Louisiana,mean,11.6,17.399218013,61.368399703,40,7.1,10,10898,219,658.8070253445,356342,959326
22061,Lincoln,LA,Louisiana,mean,13.7,14.32339259,76.260434747,40.7,5.5,31,19011,903,1854.3453210375,314948,1068266
22063,Livingston,LA,Louisiana,mean,10,13.698141672,62.307248984,39.2,7.8,26,52640,2610,5310.32236043565,506992,827907
22065,Madison,LA,Louisiana,mean,17.7,15.460761302,83.557951482,47,6.3,2,2714,234,321.42923012435,457847,1050815
22067,Morehouse,LA,Louisiana,mean,15.3,20.047952048,59.073705568,44.3,5.8,8,14000,728,811.93656941925,397852,1101246
22069,Natchitoches,LA,Louisiana,mean,14.4,17.322962243,70.864987338,42,5.9,20,19803,766,1396.39086499595,269269,972093
22071,Orleans,LA,Louisiana,mean,13.5,16.62329463,94.947616778,33.7,6.4,426,2035,14796,15072.9208381231,600046,799552
22073,Ouachita,LA,Louisiana,mean,13.2,15.755693843,74.516736506,42.5,6.1,147,37187,3480,5420.97759343305,356771,1058815
22075,Plaquemines,LA,Louisiana,mean,12,14.440200833,40.382734425,37.1,6,5,4502,413,1176.518304283,636214,718748
22077,Pointe Coupee,LA,Louisiana,mean,13.1,21.934564747,42.292128336,40.8,6.3,6,13182,547,798.33752972015,422777,863739
22079,Rapides,LA,Louisiana,mean,12.6,16.953223374,72.038793137,43.5,6,113,52023,2228,5092.492590848,328258,910049
22081,Red River,LA,Louisiana,mean,14.2,19.513484929,52.427821522,41.3,7,2,9091,159,342.8166351605,244324,1013622
22083,Richland,LA,Louisiana,mean,14.6,18.263064883,51.888439854,43.1,6.5,13,13688,422,848.062157523,400749,1053595
22085,Sabine,LA,Louisiana,mean,12.7,21.477298396,38.149401941,38.7,6.5,3,21373,342,1110.0094714495,225342,935543
22087,St. Bernard,LA,Louisiana,mean,13.4,12.62144697,69.865642994,41.4,5.7,13,1527,1359,2001.41555052195,657468,782015
22089,St. Charles,LA,Louisiana,mean,10.4,14.708695153,85.390778131,35.8,7.5,17,6064,1220,1484.84424379235,546892,780454
22091,St. Helena,LA,Louisiana,mean,14.6,20.848607038,3.5256410256,42.8,7,1,11203,390,395.104712042,503171,891173
22093,St. James,LA,Louisiana,mean,13.4,18.802552933,33.810419968,41.9,7.5,5,6123,652,588.58675659105,497631,788283
22095,St. John the Baptist,LA,Louisiana,mean,13.5,15.367985936,71.737646256,44,7,13,6175,1634,1454.69425729405,525354,803220
22097,St. Landry,LA,Louisiana,mean,14.2,16.87319516,48.400775382,39.7,6.5,54,40168,2016,3348.1184297155,372894,839594
22099,St. Martin,LA,Louisiana,mean,12.3,16.559953434,64.562365986,40.6,7.5,10,25856,1233,2042.73832275465,432665,788481
22101,St. Mary,LA,Louisiana,mean,13.6,18.12074971,85.100999879,37,6.4,24,7126,1295,1986.6647291875,431448,743369
22103,St. Tammany,LA,Louisiana,mean,9.6,18.000430606,80.923763087,31,7.7,209,54270,4492,8762.5886110813,602221,826834
22105,Tangipahoa,LA,Louisiana,mean,12.4,15.145284986,65.488108023,40.8,5.8,47,49564,3607,5039.55219427515,530695,878181
22107,Tensas,LA,Louisiana,mean,17.1,26.514964136,17.144924041,46.6,3.2,1,5252,78,170.6160653505,449884,1011857
22109,Terrebonne,LA,Louisiana,mean,13.3,15.321779446,89.087424713,41.9,6.7,50,23075,2597,5854.4117182705,498720,702965
22111,Union,LA,Louisiana,mean,12.8,21.54947608,51.764817359,39.9,6.3,3,18838,436,875.21114106,331508,1101714
22113,Vermilion,LA,Louisiana,mean,11.3,16.175442277,49.641730156,40.1,7.5,21,31680,1201,2787.1612798175,368316,747823
22115,Vernon,LA,Louisiana,mean,11.7,13.005184584,55.995897436,42.2,5.4,15,26113,729,2064.899276426,253350,903391
22117,Washington,LA,Louisiana,mean,14.1,19.028205526,47.805908101,43.8,6.8,9,31449,988,1578.50977021375,574737,896869
22119,Webster,LA,Louisiana,mean,15,20.478664603,58.352043715,41.4,5.4,22,21857,766,1360.2443211648,244823,1091128
22121,West Baton Rouge,LA,Louisiana,mean,12.2,14.788428325,87.609838597,38.8,7.7,5,7246,662,840.329952841,448538,845426
22123,West Carroll,LA,Louisiana,mean,12.3,19.804044194,33.288893447,39.8,7.3,4,11604,222,441.9589794895,427994,1108727
22125,West Feliciana,LA,Louisiana,mean,12.1,15.812572609,32.35793599,40.6,7.4,10,15625,193,198.494273352,436358,879542
22127,Winn,LA,Louisiana,mean,12.8,19.039145907,72.395492548,41.6,7.2,8,9937,221,454.7694753577,315019,990700
23001,Androscoggin,ME,Maine,mean,8.9,18.298899436,83.100441789,35,8.1,87,46707,2643,3790.93430806525,2030316,2639960
23003,Aroostook,ME,Maine,mean,9,25.058705634,51.018553014,35.3,7.6,74,57687,1648,2806.288429342,2072622,2955289
23005,Cumberland,ME,Maine,mean,7.2,19.552404572,85.115600738,26.3,8.6,511,101680,6491,8790.2358203371,2045319,2589284
23007,Franklin,ME,Maine,mean,7.6,23.239128238,39.241580663,31.1,8,31,25537,730,1093.9780581459,1977275,2735953
23009,Hancock,ME,Maine,mean,7,26.147850228,66.411911028,29.2,8.5,65,49038,1423,2252.616236347,2158297,2682712
23011,Kennebec,ME,Maine,mean,8.8,20.704336231,63.237411236,34.4,8.2,145,76748,2638,4173.41271420555,2058244,2673943
23013,Knox,ME,Maine,mean,7.7,27.017817155,42.298125939,30.1,8.6,45,26993,873,1409.539468963,2131202,2650209
23015,Lincoln,ME,Maine,mean,7.3,28.745673775,51.681471181,25.1,8.5,40,34457,740,1485.097209053,2095880,2623609
23017,Oxford,ME,Maine,mean,8.7,22.836821368,28.504422175,33.6,7.7,40,48066,1470,2153.89254166285,1971507,2674036
23019,Penobscot,ME,Maine,mean,8.8,19.38794881,59.552296664,34.3,7.7,204,88737,3543,5544.78861795645,2111580,2785844
23021,Piscataquis,ME,Maine,mean,8.7,26.827847364,44.303571429,33.5,7.6,11,17535,373,683.1149511025,2049411,2815463
23023,Sagadahoc,ME,Maine,mean,7.6,23.533220037,71.993787297,30.6,8.6,23,21767,711,1223.9434323192,2065541,2613377
23025,Somerset,ME,Maine,mean,9.8,22.321710942,36.856390039,33,7.3,27,42031,1398,2100.971993733,1999348,2791903
23027,Waldo,ME,Maine,mean,7.6,24.173180998,39.121872396,31.5,8.1,30,35428,951,1864.763269639,2113497,2688488
23029,Washington,ME,Maine,mean,9.1,25.619356704,36.742241518,34.9,7.3,14,30352,869,1525.133611463,2216896,2749579
23031,York,ME,Maine,mean,7.2,21.621596432,76.37754043,29.9,8.5,153,112056,5049,6831.2068226073,2013944,2542178
24001,Allegany,MD,Maryland,mean,10.1,20.441760546,68.775144627,35.7,6.7,36,20463,1966,1332.7261919403,1465413,1980654
24003,Anne Arundel,MD,Maryland,mean,8.3,15.421048352,92.153992871,31.3,8.7,399,28518,14844,11821.4739397999,1659740,1947060
24005,Baltimore,MD,Maryland,mean,8.8,17.890985216,97.220476633,31.7,8.3,752,52599,25203,21286.7474903987,1650824,1986116
24009,Calvert,MD,Maryland,mean,8.4,15.787624563,81.829645517,34,8.8,45,34350,2237,1514.95094904065,1668033,1890947
24011,Caroline,MD,Maryland,mean,11.1,17.031090876,24.176253266,37.9,7.9,10,25130,826,1257.08052954945,1711826,1946820
24013,Carroll,MD,Maryland,mean,7.7,17.520834172,85.405255334,29.4,8.8,75,66028,3920,2955.15892558175,1605093,2009525
24015,Cecil,MD,Maryland,mean,9.2,16.658486117,79.047481321,37.7,7.9,39,42569,2743,2512.9303943774,1702856,2007953
24017,Charles,MD,Maryland,mean,11,13.285279019,72.199115336,40.2,8.8,61,43238,4940,3456.99380969225,1630087,1883269
24019,Dorchester,MD,Maryland,mean,11.6,22.515312875,69.343088131,39.8,7.5,14,18338,914,838.46746397575,1713080,1880010
24021,Frederick,MD,Maryland,mean,9,15.070666643,90.353198364,31.4,8.7,162,58831,6468,5428.4503030139,1575109,1981297
24023,Garrett,MD,Maryland,mean,9.1,23.395582189,53.415955009,33.1,7.7,14,25251,804,767.99853560315,1414878,1955835
24025,Harford,MD,Maryland,mean,8.5,16.887788666,93.287700633,32.2,8.5,139,43474,6671,4411.0939698039,1671413,2004512
24027,Howard,MD,Maryland,mean,8.1,14.703060123,98.125885826,25.5,9.1,630,26560,8105,5461.44146619015,1622202,1970449
24029,Kent,MD,Maryland,mean,9.4,26.974571873,43.223252422,32.4,8.3,13,14660,524,534.1725712486,1699801,1999278
24031,Montgomery,MD,Maryland,mean,7.9,16.59390592,99.844453379,21.6,8.9,1453,23165,30031,31410.0827016421,1599081,1948521
24033,Prince George's,MD,Maryland,mean,12.5,14.514197545,97.324237671,36.9,8.8,473,16981,37514,41421.5928040045,1636982,1922394
24035,Queen Anne's,MD,Maryland,mean,7.9,19.754714753,71.794923206,30.2,8.6,18,26044,1211,1065.61893616495,1681240,1953634
24037,St. Mary's,MD,Maryland,mean,9.4,13.673690464,77.625530643,36.5,8.4,47,53015,2579,2437.52438860035,1671635,1875408
24039,Somerset,MD,Maryland,mean,12.7,17.425968109,9.7684809098,40.4,7.3,8,12121,670,469.46567069295,1726876,1858703
24041,Talbot,MD,Maryland,mean,8.3,29.89422208,71.582369557,32,8.3,39,20650,929,941.6844999607,1691156,1933238
24043,Washington,MD,Maryland,mean,9.9,17.640073062,80.923693481,37.4,7.6,84,43477,3884,3710.1675638725,1521377,1996148
24045,Wicomico,MD,Maryland,mean,11,16.491633006,70.252345832,38.7,7.2,60,25479,3066,3389.63925907815,1735591,1899793
24047,Worcester,MD,Maryland,mean,9.2,28.1581721,81.505909264,32.2,7.4,44,18280,2052,1411.81396104775,1789138,1898798
24510,Baltimore City,MD,Maryland,mean,13.4,14.965533272,98.811694565,37.4,7.5,729,0,21223,14790.1713044877,1645491,1981728
25001,Barnstable,MA,Massachusetts,mean,6.7,31.781628236,92.854897029,26.2,8.1,208,16155,7553,2378.1699106898,2098441,2373596
25003,Berkshire,MA,Massachusetts,mean,7.6,24.628275181,88.524793452,24.7,8.1,146,41457,4175,1456.12921725885,1847846,2377565
25005,Bristol,MA,Massachusetts,mean,8,17.476092967,91.031077348,27.4,8.2,293,53920,19607,8584.38436280765,2044627,2350507
25007,Dukes,MA,Massachusetts,mean,7.1,25.553396217,96.72815534,25,8.2,14,6453,630,332.56489973575,2069523,2331503
25009,Essex,MA,Massachusetts,mean,7.8,17.879277489,96.476293143,27.3,8.5,580,31540,27018,11386.7898157363,2022339,2456169
25011,Franklin,MA,Massachusetts,mean,7.4,24.097725833,69.695476496,26.2,8.3,46,38849,2028,833.5754293613,1882838,2415629
25013,Hampden,MA,Massachusetts,mean,9.6,17.679018322,95.519132722,31.8,7.8,311,39725,17157,7071.4292275449,1896384,2367238
25015,Hampshire,MA,Massachusetts,mean,7.3,18.753249325,91.29186485,23.2,7.9,212,43383,4169,1532.39664294835,1905314,2390377
25017,Middlesex,MA,Massachusetts,mean,7,15.942299141,97.137503508,20.9,9.1,2065,45509,41897,19215.4486328687,1988528,2423546
25019,Nantucket,MA,Massachusetts,mean,7.4,15.913325512,95.398105928,25.2,8.9,5,1922,595,228.3734509557,2121922,2331594
25021,Norfolk,MA,Massachusetts,mean,7,17.319411184,94.742011155,23.4,9,892,8321,20099,6627.63914932975,2008128,2402513
25023,Plymouth,MA,Massachusetts,mean,6.9,19.119404581,91.535909604,24.7,8.8,331,51015,17400,5849.9089172404,2051933,2386693
25025,Suffolk,MA,Massachusetts,mean,9.5,12.893957173,99.782438692,23.3,8.3,1202,535,26998,12260.3864803142,2016163,2424418
25027,Worcester,MA,Massachusetts,mean,8.1,16.505477194,91.897911058,29.8,8.4,832,146856,26065,9372.89363314205,1956457,2402394
26001,Alcona,MI,Michigan,mean,10,35.515388373,68.623979542,37.2,6.9,6,10824,263,289.3558000917,999122,2485619
26003,Alger,MI,Michigan,mean,10.2,26.652306995,80.095001131,40.3,7.4,7,6629,248,238.5832317604,718748,2657395
26005,Allegan,MI,Michigan,mean,9.1,17.621331129,57.457967503,35.1,8.4,26,71822,2822,3414.99926147785,803796,2228925
26007,Alpena,MI,Michigan,mean,10,24.569965043,53.481855606,37,7.3,19,15340,725,664.66780001915,987955,2525516
26009,Antrim,MI,Michigan,mean,8.9,28.161088481,57.052622594,35.5,8.2,14,23580,693,700.7000844238,837583,2503481
26011,Arenac,MI,Michigan,mean,10.2,26.504173623,49.513398214,36.8,7.6,4,15899,475,453.65280857355,972719,2407759
26013,Baraga,MI,Michigan,mean,11.4,23.018867925,17.872027458,41.4,7.2,7,8860,237,262.2906976744,590688,2689470
26015,Barry,MI,Michigan,mean,8.8,19.188150876,56.616952085,35.2,8.7,22,45639,1408,1668.35360941025,871349,2237635
26017,Bay,MI,Michigan,mean,10.1,21.453609749,75.83095825,38.1,7.3,42,32667,2918,2765.4693698107,967293,2370236
26019,Benzie,MI,Michigan,mean,9,27.262251001,61.608235949,36.1,0,10,17525,504,535.1403508772,777421,2460569
26021,Berrien,MI,Michigan,mean,10.3,20.774521394,83.415199979,38.3,7,124,51524,4055,4451.77630808155,773829,2153773
26023,Branch,MI,Michigan,mean,10.7,18.750694676,60.958049128,37.8,7.4,18,28372,945,1543.63121783875,895074,2149136
26025,Calhoun,MI,Michigan,mean,10.6,18.350906822,83.483731666,39.1,6.6,79,42174,3898,3424.2556147697,890157,2195581
26027,Cass,MI,Michigan,mean,9.6,22.12186547,60.823043672,35.2,7.8,12,37223,1174,1453.15998384,821150,2140606
26029,Charlevoix,MI,Michigan,mean,8.6,26.013953845,79.220081369,35.5,8.2,23,18269,735,719.2215229377,829821,2554591
26031,Cheboygan,MI,Michigan,mean,9.9,28.405560733,59.431564956,39.1,7,14,21635,828,774.34145241315,892552,2577994
26033,Chippewa,MI,Michigan,mean,11.4,18.902107779,75.506320511,38.7,6.9,25,18851,1032,1367.7898241255,907010,2647937
26035,Clare,MI,Michigan,mean,11.4,24.712699179,64.632486388,39.5,6.8,9,21847,897,1045.6110914245,892320,2402426
26037,Clinton,MI,Michigan,mean,8.8,18.295016745,72.241178849,33.4,7.9,25,39897,1725,1755.6806330759,928751,2278668
26039,Crawford,MI,Michigan,mean,10.1,25.946682823,76.95565137,36.9,7.3,11,10216,378,346.41565425215,900730,2477103
26041,Delta,MI,Michigan,mean,9.9,25.338076359,78.373032003,39.3,7.4,29,16219,999,1035.94389880385,710971,2572531
26043,Dickinson,MI,Michigan,mean,9.1,23.965564044,65.271515011,36,7.6,21,8574,580,545.3608342562,621900,2576522
26045,Eaton,MI,Michigan,mean,8.8,19.479732707,70.814746966,36.2,7.6,42,40918,2873,2529.394076679,911419,2236735
26047,Emmet,MI,Michigan,mean,8.9,24.011687363,82.387429644,34.7,7.5,41,24484,1043,1073.7448898591,855970,2571255
26049,Genesee,MI,Michigan,mean,11.6,18.245556743,85.869412694,42.1,6.4,368,71342,13251,10006.6075262804,987752,2297576
26051,Gladwin,MI,Michigan,mean,10.7,27.18854228,44.839675412,38.8,7.1,5,22758,677,761.6938877201,921493,2405153
26053,Gogebic,MI,Michigan,mean,10.3,28.786296219,71.251738526,38.6,7.5,12,11198,309,393.5594059406,462498,2634693
26055,Grand Traverse,MI,Michigan,mean,8.4,21.332151054,79.852579853,33.9,7.9,126,41774,2410,2586.53259754645,823443,2482721
26057,Gratiot,MI,Michigan,mean,10.4,17.542846139,70.661622088,39.5,6.4,19,25552,947,915.767564277,922942,2317525
26059,Hillsdale,MI,Michigan,mean,10,20.724103105,53.239627508,35.6,7.7,11,32274,1074,1266.15348998725,934326,2150490
26061,Houghton,MI,Michigan,mean,10.1,17.988368665,75.865207034,34.5,7.6,25,13851,790,1209.60521287165,570872,2711209
26063,Huron,MI,Michigan,mean,9.9,26.468706003,54.17900468,34.6,7.3,18,29628,796,773.9727543156,1029673,2402224
26065,Ingham,MI,Michigan,mean,10.3,14.439820585,90.625482625,32.9,6.7,333,37096,7915,7331.6514737123,947877,2253234
26067,Ionia,MI,Michigan,mean,9.9,15.555753977,71.353511766,39.4,7.8,17,38687,1408,1667.3601906262,880148,2275188
26069,Iosco,MI,Michigan,mean,10.6,30.107611652,74.862305345,40.3,7,10,15249,709,675.435415812,994516,2444636
26071,Iron,MI,Michigan,mean,10,31.070047271,82.262918064,35.3,7.3,8,8609,288,318.2012309339,573737,2593041
26073,Isabella,MI,Michigan,mean,10.9,13.730270162,73.227319315,37,7.2,29,32757,1676,2696.3466677471,890129,2348173
26075,Jackson,MI,Michigan,mean,10,18.699781318,75.003429655,38.5,7.1,69,67021,4130,3711.0932995195,949856,2204844
26077,Kalamazoo,MI,Michigan,mean,9.4,15.802656372,88.81224443,39.7,7.6,272,43926,6441,7361.8895611558,861369,2201603
26079,Kalkaska,MI,Michigan,mean,10.3,20.957784081,43.257706673,39.6,7.4,5,14485,554,607.8134872418,860305,2467850
26081,Kent,MI,Michigan,mean,9.6,14.552782024,93.703550596,34.7,8.2,618,94463,16429,19631.5395868198,837916,2284352
26083,Keweenaw,MI,Michigan,mean,8.2,36.16516374,6.3538611926,34.9,7.9,0,2156,59,43.0303030303,567452,2777802
26085,Lake,MI,Michigan,mean,12.1,30.679233019,79.819775132,39.1,7.1,1,11539,316,338.78846153845,806590,2389687
26087,Lapeer,MI,Michigan,mean,9.4,19.519166676,67.966237489,38.3,7.9,32,68313,2429,2443.507057234,1032493,2313546
26089,Leelanau,MI,Michigan,mean,8,33.023913716,71.893637057,32.7,8.8,9,19811,523,654.47689234795,787615,2501384
26091,Lenawee,MI,Michigan,mean,10.1,19.721896601,74.193094153,41,7.3,21,51766,2429,2559.44929961405,984805,2164570
26093,Livingston,MI,Michigan,mean,7.7,18.842749751,87.701814655,33.5,8.5,97,66786,4234,3243.0578561723,980976,2251208
26095,Luce,MI,Michigan,mean,11,22.075720475,65.761378535,39.9,6.6,7,3406,150,178.1365579904,794894,2683469
26097,Mackinac,MI,Michigan,mean,11.2,28.919860627,69.24496954,38.5,5.8,8,8582,410,483.270540292,869187,2605189
26099,Macomb,MI,Michigan,mean,9.9,17.86159089,96.909274333,36.5,7.5,475,23592,26105,23470.3071163529,1065619,2262015
26101,Manistee,MI,Michigan,mean,9.6,26.950690335,75.479386385,37,7.9,11,15127,710,725.28732829875,771009,2417941
26103,Marquette,MI,Michigan,mean,9.2,20.328880686,83.976854447,34.4,7.6,81,27830,1644,1638.31629548495,638117,2676987
26105,Mason,MI,Michigan,mean,10,25.365006977,86.586121437,37.1,7,22,17995,838,831.85995990865,761833,2380404
26107,Mecosta,MI,Michigan,mean,10.4,19.022757363,63.146497457,38,6.2,21,28557,1130,1326.13577350225,851083,2346407
26109,Menominee,MI,Michigan,mean,9.5,26.181381175,61.620287635,37.7,7.8,7,15459,472,639.3489491854,660066,2522459
26111,Midland,MI,Michigan,mean,8.6,19.42557245,75.947972309,35.5,8,88,35777,1880,1799.69977914995,932745,2353532
26113,Missaukee,MI,Michigan,mean,10,21.269001983,17.55248472,37.6,7.8,3,14849,379,526.46268273915,869309,2432064
26115,Monroe,MI,Michigan,mean,9.4,19.254350374,76.539477679,39.1,8,56,57093,4340,3153.5970065605,1035945,2173144
26117,Montcalm,MI,Michigan,mean,10,18.372508182,55.923679707,39.4,7.9,22,53599,1512,1786.1621946459,866482,2312892
26119,Montmorency,MI,Michigan,mean,10.2,33.462407228,15.175352343,38.4,7.1,7,9765,275,245.45836748075,925798,2515056
26121,Muskegon,MI,Michigan,mean,10.8,17.99094674,87.891869142,38.7,6.2,99,40145,5641,4045.44499042015,777117,2305985
26123,Newaygo,MI,Michigan,mean,10.1,20.21234293,78.8206811,39,7.7,20,40629,1284,1500.87231951165,823042,2325546
26125,Oakland,MI,Michigan,mean,8.8,17.840076156,96.406216283,32.1,8.2,1802,57553,30873,24861.9043395042,1026877,2254893
26127,Oceana,MI,Michigan,mean,10.8,21.596121574,86.646160771,37.6,7.6,13,23884,860,1091.789936219,761814,2340689
26129,Ogemaw,MI,Michigan,mean,10.7,27.062626653,49.094848339,38.4,7.4,4,21699,618,667.9268748332,934595,2435680
26131,Ontonagon,MI,Michigan,mean,10.2,37.252897069,61.262035763,38.4,6.3,2,6780,153,165.15217391305,503573,2678332
26133,Osceola,MI,Michigan,mean,10.3,21.506167496,38.290157704,37.9,7.8,7,23528,624,813.02282389795,852291,2396208
26135,Oscoda,MI,Michigan,mean,10.3,28.696907713,74.814454313,38.3,7.5,2,8640,239,308.1574468085,930876,2480728
26137,Otsego,MI,Michigan,mean,9.5,21.815809245,67.330915468,35.9,6.8,20,15866,772,754.95721361575,892696,2511102
26139,Ottawa,MI,Michigan,mean,8.8,15.905695003,89.011141121,32.4,8.2,192,53593,6384,6262.09041305075,801084,2272445
26141,Presque Isle,MI,Michigan,mean,9.7,33.178034064,41.411184717,38.6,7.1,1,10816,379,348.63664745435,955811,2560355
26143,Roscommon,MI,Michigan,mean,10.1,33.54631236,68.323457948,37.8,6.6,11,16149,709,546.4991622632,902812,2428462
26145,Saginaw,MI,Michigan,mean,11.3,19.891767014,67.718962361,42.9,6.6,162,62289,5755,4488.10634289595,964961,2335303
26147,St. Clair,MI,Michigan,mean,9.6,19.840927693,74.693701951,37.4,6.6,73,63008,4393,4251.8567466776,1084806,2288508
26149,St. Joseph,MI,Michigan,mean,10.4,18.705355673,65.012553537,36.6,7.4,16,33361,1422,2522.6855895195,858847,2141808
26151,Sanilac,MI,Michigan,mean,10,22.69540315,41.929526483,37.9,7.3,12,38888,1155,1272.1039583131,1068663,2351461
26153,Schoolcraft,MI,Michigan,mean,10.6,28.281444583,71.84043743,38.9,5.8,6,5003,251,308.222337125,757097,2597077
26155,Shiawassee,MI,Michigan,mean,9.4,19.40421645,75.034511117,37,7.2,26,38839,1796,1463.71728011605,950988,2287382
26157,Tuscola,MI,Michigan,mean,10,21.516714855,49.12701836,35.3,7.2,17,46902,1422,1369.8912396079,999673,2360163
26159,Van Buren,MI,Michigan,mean,10.6,19.202199371,57.281013931,39.9,8,37,54036,2049,2607.3314030884,799936,2191815
26161,Washtenaw,MI,Michigan,mean,8.9,15.139825117,87.835587147,30.8,8.1,644,56706,8161,7474.53069380705,1000675,2213278
26163,Wayne,MI,Michigan,mean,12.2,16.221794259,95.533968457,38.4,6.8,1331,12664,63563,46007.7665275452,1049053,2218994
26165,Wexford,MI,Michigan,mean,9.7,20.034807233,73.735633891,36.4,7,27,21045,867,982.6953157438,826842,2417659
27001,Aitkin,MN,Minnesota,mean,8.8,33.398376031,49.461680576,35.2,7.4,13,16202,340,384.21255732265,193134,2633504
27003,Anoka,MN,Minnesota,mean,7.9,14.903356239,94.59090322,32.7,9,174,44666,6593,8114.1638927021,215801,2475599
27005,Becker,MN,Minnesota,mean,8.5,21.925665124,58.352045022,36.3,7.8,28,24531,626,1122.1774091096,30016,2669480
27007,Beltrami,MN,Minnesota,mean,10.4,16.759379043,78.394046898,38.5,6.9,47,29816,883,1889.4346670507,77432,2778372
27009,Benton,MN,Minnesota,mean,8.4,14.081381606,67.855675584,37.7,8.4,12,15385,907,1055.53786872945,153507,2533418
27011,Big Stone,MN,Minnesota,mean,8.5,26.336248785,67.092528068,36.9,8,9,5269,83,112.0738860688,-40082,2497562
27013,Blue Earth,MN,Minnesota,mean,8.9,14.722863741,81.778851719,30.8,7.4,66,17215,1198,1645.4917487842,155471,2350992
27015,Brown,MN,Minnesota,mean,8,21.542275069,78.585211485,36.5,9.1,25,9047,416,519.2800204532,96655,2376141
27017,Carlton,MN,Minnesota,mean,8.8,17.981817682,63.004391416,36.4,8.6,28,19521,685,857.5476496184,269804,2634107
27019,Carver,MN,Minnesota,mean,6.9,13.49216578,96.580684985,29.7,9.7,92,17141,1581,1648.77401981905,181103,2437826
27021,Cass,MN,Minnesota,mean,9,26.649042071,56.775094791,32.7,8.1,10,28567,689,1080.42693206285,129888,2662656
27023,Chippewa,MN,Minnesota,mean,9,21.42914947,50.34132402,38.6,8.6,11,6263,191,367.49231191655,34720,2447457
27025,Chisago,MN,Minnesota,mean,7.6,16.403626303,69.896328217,34.7,9.1,29,29955,1088,1016.18012943175,244678,2517164
27027,Clay,MN,Minnesota,mean,8.2,13.662427182,88.007899813,37.5,8.8,13,16472,984,1619.54833204475,-48993,2660131
27029,Clearwater,MN,Minnesota,mean,9.5,20.394123134,59.432191459,34,6.8,3,8695,256,441.1224489795,43807,2751479
27031,Cook,MN,Minnesota,mean,8,29.873598006,83.803571429,32.5,8,8,5176,129,216.5467928495,434335,2791600
27033,Cottonwood,MN,Minnesota,mean,9.2,22.413346011,66.553790049,37.8,8.9,7,7278,216,331.8661008958,68165,2343060
27035,Crow Wing,MN,Minnesota,mean,8.2,23.367028393,79.113167884,37.2,8.6,68,39210,1279,1763.54910264165,151895,2609670
27037,Dakota,MN,Minnesota,mean,7.6,15.281265412,96.875298375,32.4,9.2,268,19652,7469,8447.8025499674,232229,2431863
27039,Dodge,MN,Minnesota,mean,7.7,15.447814664,55.225954857,33.1,9.5,9,10398,364,458.57947731645,250159,2349409
27041,Douglas,MN,Minnesota,mean,7.4,23.331974107,76.475414039,33,8.7,47,19026,590,756.59240158155,42514,2552213
27043,Faribault,MN,Minnesota,mean,8.5,23.704076497,51.950290927,35.8,8.6,8,11296,258,365.5923389898,166917,2297334
27045,Fillmore,MN,Minnesota,mean,8.3,21.60688261,78.660260034,34.2,9.3,8,19464,333,760.10670731705,316383,2299303
27047,Freeborn,MN,Minnesota,mean,9.1,22.797489349,59.954685224,34.1,8.4,17,13387,533,897.39205906695,204545,2296987
27049,Goodhue,MN,Minnesota,mean,7.8,20.513675784,85.210793998,33.1,9.1,38,21726,834,1070.43180632225,274552,2404253
27051,Grant,MN,Minnesota,mean,8.4,23.663253697,47.760948304,35,7.8,2,6018,118,160.46731448765,-11859,2565103
27053,Hennepin,MN,Minnesota,mean,7.5,15.064114703,99.326058374,27.7,8.9,1550,25641,23706,29324.7504760475,203801,2457917
27055,Houston,MN,Minnesota,mean,7.7,22.781978911,86.525500186,32.6,9.3,11,10920,290,389.2039317196,360005,2300869
27057,Hubbard,MN,Minnesota,mean,8.2,25.853096938,57.290104948,34.2,8.3,11,17030,407,660.11646586345,83726,2701728
27059,Isanti,MN,Minnesota,mean,7.9,16.789958478,42.299744743,34.4,8.6,26,23546,868,993.3852315759,208089,2523834
27061,Itasca,MN,Minnesota,mean,8.9,24.954515199,66.194961568,33.3,7.8,42,35773,993,1158.9553392542,163250,2731030
27063,Jackson,MN,Minnesota,mean,8.1,22.862862863,61.34748223,31.5,9,1,7097,170,244.2379416902,71613,2290340
27065,Kanabec,MN,Minnesota,mean,8.6,21.418404604,44.217814371,35.7,8.5,17,12569,470,445.98534971645,210593,2559405
27067,Kandiyohi,MN,Minnesota,mean,8.7,19.606095917,57.575688283,35.5,8.1,37,18807,815,1362.515785273,75413,2481382
27069,Kittson,MN,Minnesota,mean,8.1,24.722624216,31.613976705,33.6,8.4,0,4552,64,91.361299709,-79179,2877821
27071,Koochiching,MN,Minnesota,mean,8.7,27.68612344,70.378046758,33.3,7.3,4,6256,246,348.0158767219,164820,2847934
27073,Lac qui Parle,MN,Minnesota,mean,8.2,27.663076002,29.498437267,33.2,9,6,7259,94,151.70250161745,-22550,2460871
27075,Lake,MN,Minnesota,mean,7.7,26.979792463,79.880788629,36.3,8.8,9,7278,189,256.8072407045,347183,2743083
27077,Lake of the Woods,MN,Minnesota,mean,8.3,26.209782893,56.364602711,33.7,8.5,2,4045,87,124.88660356755,78961,2900780
27079,Le Sueur,MN,Minnesota,mean,7.9,18.133906591,78.625235405,36,9.2,4,17220,638,700.99236903025,177679,2378839
27081,Lincoln,MN,Minnesota,mean,8.6,24.770971798,39.007092199,32.9,8.9,2,5896,99,158.23549323015,-33614,2386303
27083,Lyon,MN,Minnesota,mean,8.5,16.963259482,81.993747279,35.4,7.7,18,12393,383,799.422197022,10299,2384059
27085,McLeod,MN,Minnesota,mean,8.2,19.142507146,74.33031465,36.6,8.2,31,17063,645,813.34136722175,130493,2435511
27087,Mahnomen,MN,Minnesota,mean,13.2,17.417805689,46.996858252,43.8,5.9,1,5413,127,266.727452271,17084,2721010
27089,Marshall,MN,Minnesota,mean,8.2,22.607921673,29.413716814,34.3,7.8,1,9439,215,277.84022424665,-70637,2828607
27091,Martin,MN,Minnesota,mean,8.8,24.418779814,63.560549313,35.1,8.1,16,11262,304,480.2797029703,119140,2295632
27093,Meeker,MN,Minnesota,mean,8.1,20.854722793,56.085470085,31.9,8.8,13,15266,437,625.40784571555,121516,2467028
27095,Mille Lacs,MN,Minnesota,mean,9,18.197044702,61.071847009,37.8,8.4,19,18483,642,851.55774202815,183421,2559215
27097,Morrison,MN,Minnesota,mean,8.7,20.628383149,42.799176713,36.2,8.1,18,24174,761,872.8387090581,136284,2575594
27099,Mower,MN,Minnesota,mean,9.2,18.29772399,79.632266607,34.5,8.5,14,14060,631,1285.47475264415,259740,2299358
27101,Murray,MN,Minnesota,mean,8.2,26.731335953,51.815625382,36.3,9.1,1,8725,175,235.9063815457,20954,2342505
27103,Nicollet,MN,Minnesota,mean,7.9,16.794826984,83.917687351,33.5,8.4,28,8369,556,716.20244678435,129550,2383950
27105,Nobles,MN,Minnesota,mean,10.7,16.92055841,67.200538358,39.2,8.5,14,8762,316,1090.7338334195,25600,2295593
27107,Norman,MN,Minnesota,mean,8.5,21.35286783,10.262381618,39.5,8.3,0,6852,124,217.8615934627,-48766,2710812
27109,Olmsted,MN,Minnesota,mean,7.5,16.091925891,86.602762102,32.2,9.3,378,23935,2524,3108.3369021375,284740,2346689
27111,Otter Tail,MN,Minnesota,mean,7.7,24.785997402,49.290124998,31,8.7,35,42169,1036,1594.6571349761,22299,2613748
27113,Pennington,MN,Minnesota,mean,8.3,19.564586357,68.003144654,30.7,8.6,10,5047,316,291.62060210375,6213,2791695
27115,Pine,MN,Minnesota,mean,9.1,22.001911132,55.350464053,36.8,8.3,7,26567,693,901.19158878505,268186,2581390
27117,Pipestone,MN,Minnesota,mean,8.7,21.131751315,67.423599321,35.6,8.4,5,5498,127,333.1437659033,-32480,2341665
27119,Polk,MN,Minnesota,mean,8.8,18.811977761,71.172095409,39.3,8.2,15,15318,599,941.87459209385,-38009,2764721
27121,Pope,MN,Minnesota,mean,7.8,24.686486012,65.643792006,33.2,9,15,10995,176,250.9404790135,41857,2513305
27123,Ramsey,MN,Minnesota,mean,9.1,15.300861287,99.776410695,31.4,8.3,619,952,10653,15527.4280364091,230413,2457076
27125,Red Lake,MN,Minnesota,mean,8.6,22.34935164,54.282083863,37.1,6.5,0,4089,85,134.6786743516,-1364,2773058
27127,Redwood,MN,Minnesota,mean,8.7,21.352336327,47.059967585,40.4,8.2,7,11101,251,532.51397794305,62588,2388977
27129,Renville,MN,Minnesota,mean,8.8,21.3033954,39.271887523,36.7,8.4,4,15730,315,430.34372746935,86607,2421474
27131,Rice,MN,Minnesota,mean,8.9,16.220154025,82.239146311,34.9,8.9,59,16635,1164,1587.73037716615,216608,2387587
27133,Rock,MN,Minnesota,mean,8.1,20.154958678,55.12159934,33.6,9.1,10,5067,110,234.68870523415,-27661,2304273
27135,Roseau,MN,Minnesota,mean,7.9,18.816358632,53.342900007,34.4,8.5,10,12866,227,377.5689174793,38990,2878367
27137,St. Louis,MN,Minnesota,mean,8.3,20.616320752,81.801519245,32.2,7.8,255,74313,3733,4576.0120005796,282504,2728127
27139,Scott,MN,Minnesota,mean,7.3,11.893545946,94.839923672,33.5,9.5,77,22399,2497,3219.91316723045,193303,2420122
27141,Sherburne,MN,Minnesota,mean,7.5,12.180794154,76.949672268,36.4,9.4,36,39110,1807,1960.2959662289,176320,2500535
27143,Sibley,MN,Minnesota,mean,8.5,18.864382919,55.142895659,34.2,9.4,2,15226,288,465.41466621425,145628,2413060
27145,Stearns,MN,Minnesota,mean,8.3,15.806526704,79.335658151,34.1,8.5,158,55637,3162,4424.8966076175,115816,2516174
27147,Steele,MN,Minnesota,mean,8.3,18.50116469,66.874298241,33.9,9,23,11182,650,859.9195339647,228465,2343880
27149,Stevens,MN,Minnesota,mean,8.3,17.432989691,72.391686485,34.7,9.2,8,4603,122,248.89275843005,-1323,2514112
27151,Swift,MN,Minnesota,mean,8.8,22.504872295,41.675137223,36.8,8.2,4,6592,170,268.7857142857,10566,2482505
27153,Todd,MN,Minnesota,mean,9.2,22.708721322,47.359670652,37.7,7.9,21,19515,486,964.10758415,89355,2574137
27155,Traverse,MN,Minnesota,mean,8.8,26.262933658,49.880952381,37.3,8.8,0,3558,50,84.43949044585,-49436,2542776
27157,Wabasha,MN,Minnesota,mean,7.8,22.62308801,89.863000888,33,9.2,18,13990,361,474.33455572925,308506,2383456
27159,Wadena,MN,Minnesota,mean,9.3,20.998800875,23.796658372,34.3,8.3,7,9273,261,385.0895747083,81472,2633756
27161,Waseca,MN,Minnesota,mean,8.4,18.726315789,82.813159005,37.7,8.1,6,9599,342,490.4252356168,188897,2354064
27163,Washington,MN,Minnesota,mean,7.5,15.903047132,93.050364767,29.5,9.3,281,34454,4138,4703.60711484595,243568,2458152
27165,Watonwan,MN,Minnesota,mean,9.5,20.718455321,71.616457833,38.1,9.2,5,6626,192,493.326461097,110732,2336293
27167,Wilkin,MN,Minnesota,mean,8,20.031274433,56.778358438,35.6,8.7,1,3297,93,121.445540485,-40434,2588836
27169,Winona,MN,Minnesota,mean,8.3,18.214789442,92.281210364,35.6,9,20,17772,778,1202.15750664945,349715,2352470
27171,Wright,MN,Minnesota,mean,7.5,13.348752114,82.275695678,32.7,9.5,59,40537,2319,3836.64856185425,173551,2476632
27173,Yellow Medicine,MN,Minnesota,mean,8.6,22.218680268,24.002938707,36.2,8.4,7,8436,148,296.44843412525,-5430,2425253
28001,Adams,MS,Mississippi,mean,15,20.082109804,52.464621843,43.5,4.8,24,12023,872,1645.716587365,430002,950966
28003,Alcorn,MS,Mississippi,mean,11.4,18.812774753,34.703511802,37.8,6.5,15,24588,721,1989.3343215665,667873,1350334
28005,Amite,MS,Mississippi,mean,13.7,25.282899422,26.375786164,42.1,5.7,2,13131,319,736.7661976625,498795,905936
28007,Attala,MS,Mississippi,mean,13.3,19.366475031,35.122142098,40.9,5.4,8,12581,413,1085.7414721725,592380,1137124
28009,Benton,MS,Mississippi,mean,12.4,19.068794141,66.518441015,40.8,5.8,1,8729,195,546.771889401,616771,1336147
28011,Bolivar,MS,Mississippi,mean,15.8,17.061501914,41.100532516,42.5,3.8,17,18423,786,1817.930943826,454543,1207130
28013,Calhoun,MS,Mississippi,mean,12.8,20.2104778,36.197798884,44.9,7,2,14962,284,1013.0876176685,612642,1233899
28015,Carroll,MS,Mississippi,mean,11.9,25.245470189,11.832366473,36.5,5.7,2,10597,202,523.543859649,559132,1173304
28017,Chickasaw,MS,Mississippi,mean,14.3,18.382223267,52.63065591,41.8,6.5,11,14835,433,1034.8775791975,648127,1234685
28019,Choctaw,MS,Mississippi,mean,11.7,22.440167777,9.4712587921,39.9,6.8,2,8547,171,448.308584687,624777,1166157
28021,Claiborne,MS,Mississippi,mean,18.3,17.063313875,35.643130816,48.4,5.4,4,9604,348,434.3671497585,479642,1006188
28023,Clarke,MS,Mississippi,mean,12.6,21.561507036,15.107268652,40,6.5,4,16732,356,877.4403489265,696126,1024817
28025,Clay,MS,Mississippi,mean,14.6,19.411923388,66.677398583,46.7,6.1,7,11461,574,1112.952474046,663057,1206157
28027,Coahoma,MS,Mississippi,mean,17.5,16.367131187,48.293595138,47.2,4.5,12,8368,706,1224.3238249985,483002,1260947
28029,Copiah,MS,Mississippi,mean,13.2,18.953384533,55.67893401,42.7,6.3,9,19312,699,1526.575669383,520880,990799
28031,Covington,MS,Mississippi,mean,13.6,16.795229498,27.74263904,44,0,8,19568,423,1147.648440121,610799,969635
28033,DeSoto,MS,Mississippi,mean,10.4,13.418648911,62.598616402,38.3,7.4,53,32942,4092,8901.5440953765,541849,1337105
28035,Forrest,MS,Mississippi,mean,12.6,14.121348315,75.337137593,39,5.9,64,22207,1880,4436.7882387785,631322,932009
28037,Franklin,MS,Mississippi,mean,13,21.274101094,70.071661238,40.4,5.7,2,8118,182,427.6659850035,482462,950663
28039,George,MS,Mississippi,mean,10.7,14.659559002,35.453798768,38.2,6.5,10,19942,613,1420.5138440925,690401,897232
28041,Greene,MS,Mississippi,mean,11.5,15.597945708,14.205469327,41.2,7.2,0,14400,318,592.148120813,705259,933015
28043,Grenada,MS,Mississippi,mean,12.7,18.226070676,63.780110037,41.1,6.5,8,11425,453,1146.554853888,564724,1212575
28045,Hancock,MS,Mississippi,mean,9.6,21.361415699,68.853277745,32.8,6.2,17,18696,1114,2484.605533934,627032,828458
28047,Harrison,MS,Mississippi,mean,11.4,15.952071673,69.703433499,36.3,5.6,117,42744,4784,12155.7130884735,666955,829139
28049,Hinds,MS,Mississippi,mean,13.5,15.708710745,76.625743166,43.1,6.1,201,37471,6323,10807.5381018395,524864,1052077
28051,Holmes,MS,Mississippi,mean,19.5,16.549466537,39.664705882,53.2,3.4,9,16673,573,845.7238339475,537630,1142477
28053,Humphreys,MS,Mississippi,mean,19.2,17.944643094,0.9890815671,49.9,4.5,4,4673,263,503.2007952285,508270,1141612
28055,Issaquena,MS,Mississippi,mean,16.2,18.359375,8.0717488789,46.9,4.6,0,1406,30,69.268115942,459143,1094719
28057,Itawamba,MS,Mississippi,mean,10.4,17.925161507,53.228848007,39.3,7.2,4,20184,443,1524.8567531825,702489,1286715
28059,Jackson,MS,Mississippi,mean,10.7,16.641780161,74.93438137,37.5,6.2,68,38074,3528,7696.02448751,712271,833851
28061,Jasper,MS,Mississippi,mean,13.5,20.925664477,29.638907558,45.5,6.9,3,17062,422,871.9836912645,646064,1013785
28063,Jefferson,MS,Mississippi,mean,16.9,19.097848716,62.61707989,48.2,6.1,2,7726,318,403.2762485255,458966,982955
28065,Jefferson Davis,MS,Mississippi,mean,14.7,24.043470451,29.476194682,46.6,6.4,3,12487,301,611.604179781,585162,961032
28067,Jones,MS,Mississippi,mean,12.4,17.776878821,49.046783452,41.8,6.4,32,41630,1392,3782.5417412715,636067,981727
28069,Kemper,MS,Mississippi,mean,15.4,22.120285423,6.0525144637,44.8,4.5,1,10456,244,637.834011901,686067,1108508
28071,Lafayette,MS,Mississippi,mean,10.7,13.928345405,77.105692222,38.5,6.1,37,21583,1137,3119.8527674755,595863,1279037
28073,Lamar,MS,Mississippi,mean,10.2,14.88990559,61.807480303,37.3,6.7,87,28027,1287,3926.2866891025,612413,934772
28075,Lauderdale,MS,Mississippi,mean,13.2,18.112584619,54.920256495,40.9,5.4,67,38730,1573,3789.819656764,690941,1070649
28077,Lawrence,MS,Mississippi,mean,12.9,19.251608534,0,41.6,6.3,2,12929,319,758.601214575,560440,963944
28079,Leake,MS,Mississippi,mean,14.2,16.918286469,34.397179788,40.9,5.7,5,19327,443,1670.425283921,597025,1098842
28081,Lee,MS,Mississippi,mean,10.7,15.354173956,51.845985866,38.6,7.1,93,37612,1902,4855.875088615,665034,1274614
28083,Leflore,MS,Mississippi,mean,16.7,15.291940342,58.636507993,53.2,4.7,22,5714,810,1506.4550092765,529093,1185917
28085,Lincoln,MS,Mississippi,mean,12.4,17.837621269,45.821754949,42.3,6.6,14,24234,742,1929.6016955415,518879,960263
28087,Lowndes,MS,Mississippi,mean,11.8,16.744625967,62.952835476,40.3,6.1,26,25465,1464,3025.992012642,705548,1200814
28089,Madison,MS,Mississippi,mean,9.7,14.271534336,81.178249118,33.7,8.1,145,26639,2260,4413.93138121175,557106,1080430
28091,Marion,MS,Mississippi,mean,13.7,18.828451883,45.219099055,41.1,6.3,8,19794,543,1528.645390261,587009,924841
28093,Marshall,MS,Mississippi,mean,13.5,18.455151964,35.660109031,42.5,6.5,4,30984,826,1875.0870324,591242,1323384
28095,Monroe,MS,Mississippi,mean,12.4,19.930348552,21.565242832,40.7,7.1,14,25757,820,2030.419496809,692043,1233414
28097,Montgomery,MS,Mississippi,mean,14.4,22.62308562,0,42.1,5.8,6,6537,236,580.981613038,593500,1177462
28099,Neshoba,MS,Mississippi,mean,13.7,16.297037216,50.479595696,39.5,6.6,18,21917,563,2328.7273489935,643530,1107897
28101,Newton,MS,Mississippi,mean,12.6,17.026025836,62.697853553,43.1,6.3,4,18910,443,1365.2053452655,640304,1061349
28103,Noxubee,MS,Mississippi,mean,16.5,17.49481379,5.9893048128,46.3,5.9,0,8547,321,636.4376105075,687807,1151067
28105,Oktibbeha,MS,Mississippi,mean,12.9,12.138806373,73.449447749,36.7,5.4,22,17364,1232,2778.1931054175,655433,1179374
28107,Panola,MS,Mississippi,mean,14,16.912727162,34.124307396,43.3,6.2,7,27398,892,2142.378127999,549715,1276154
28109,Pearl River,MS,Mississippi,mean,10.3,19.383041608,58.585804613,35.6,7,15,39042,1313,3097.612282236,604552,879667
28111,Perry,MS,Mississippi,mean,12,19.427880045,36.521588046,42.6,6,1,12250,277,740.3133333335,671262,927677
28113,Pike,MS,Mississippi,mean,15,17.461786706,56.812320206,42.1,6,16,24016,1024,2245.4086334745,530340,904214
28115,Pontotoc,MS,Mississippi,mean,11,15.576403244,58.767316573,38.8,6.9,8,25150,666,2292.0021222725,635479,1269875
28117,Prentiss,MS,Mississippi,mean,11.7,18.254920787,64.167466411,37.7,6.8,8,19226,495,1561.9847908745,674197,1312889
28119,Quitman,MS,Mississippi,mean,17.7,19.056444819,2.606865285,48.2,0,1,4687,198,420.0453036515,520246,1267148
28121,Rankin,MS,Mississippi,mean,9.6,16.168657019,82.511733352,35.4,7.7,95,48018,2724,7082.672627588,564601,1047992
28123,Scott,MS,Mississippi,mean,14.7,15.881585622,67.445516256,44.2,5.6,6,20398,575,2047.452962361,594015,1069151
28125,Sharkey,MS,Mississippi,mean,16.4,21.485121485,1.2368421053,48.6,6.5,1,4916,131,279.6775536345,485292,1109078
28127,Simpson,MS,Mississippi,mean,12.2,18.92815534,32.159235423,37.2,6.9,9,23333,547,1513.2289156625,574561,1003805
28129,Smith,MS,Mississippi,mean,12.1,20.534141357,44.718136392,41.5,7.2,0,16491,296,1028.336057535,611272,1012561
28131,Stone,MS,Mississippi,mean,11.7,16.863334048,76.015927562,40.6,6,6,14018,376,1092.820383451,665092,882012
28133,Sunflower,MS,Mississippi,mean,16.7,14.876781356,21.165915829,47.8,4.1,9,13477,674,1152.986526855,497663,1189620
28135,Tallahatchie,MS,Mississippi,mean,15.9,16.39171923,30.066850177,43.9,4,3,12448,293,636.2116487045,531340,1226060
28137,Tate,MS,Mississippi,mean,11.3,16.958277254,42.203534778,40,6.4,7,22355,677,1561.9752837215,548830,1313742
28139,Tippah,MS,Mississippi,mean,12.5,17.162006009,58.959431584,40.1,6.7,3,18640,434,1421.623096374,643750,1335443
28141,Tishomingo,MS,Mississippi,mean,11.3,20.986666667,52.318302387,41,0,7,19593,379,1182.3646042585,704828,1336553
28143,Tunica,MS,Mississippi,mean,17.2,13.727310231,71.406665304,49.1,5.3,1,7116,379,528.816401149,504605,1314913
28145,Union,MS,Mississippi,mean,10.7,16.620756269,20.880584656,38.8,7.2,13,20502,573,1994.4561015075,632701,1301374
28147,Walthall,MS,Mississippi,mean,13.6,20.316565481,21.43474503,44.4,6.2,6,15443,340,866.838306415,567385,910581
28149,Warren,MS,Mississippi,mean,13,18.364349802,46.075756898,38.5,6.4,27,19945,1195,2500.5298844095,468476,1044108
28151,Washington,MS,Mississippi,mean,16,17.362144345,67.777480967,44.4,4.4,20,8961,1307,2574.698305593,463782,1149990
28153,Wayne,MS,Mississippi,mean,13.2,17.849713329,8.0337731938,41.6,6.5,7,16523,493,1319.110616184,690087,991621
28155,Webster,MS,Mississippi,mean,10.9,17.710107182,0,40.1,6.9,4,10253,212,565.645598772,622239,1198049
28157,Wilkinson,MS,Mississippi,mean,16.3,18.833433554,10.469314079,44,5.6,3,9878,305,441.303780378,440701,906045
28159,Winston,MS,Mississippi,mean,13.6,21.090020459,59.184825562,40.2,6.1,6,14574,445,1133.0247517245,639856,1148104
28161,Yalobusha,MS,Mississippi,mean,13,21.175996778,1.2418876693,40.8,6.5,1,10056,269,619.7466431875,575397,1246059
28163,Yazoo,MS,Mississippi,mean,16.5,14.063625678,62.005010657,44.4,4.2,5,12519,654,1228.283473094,512505,1093424
29001,Adair,MO,Missouri,mean,10.3,15.398054397,77.135182113,40.2,6.9,41,9693,427,1548.754742257,290367,1921992
29003,Andrew,MO,Missouri,mean,8.6,19.864459504,50.901571547,38.1,8.4,2,10596,292,881.231306082,97915,1890358
29005,Atchison,MO,Missouri,mean,9.3,25.372564005,38.680490104,36.1,8.2,2,5685,86,287.0013419215,39792,1953960
29007,Audrain,MO,Missouri,mean,10.7,18.293171083,72.8186844,39.7,7.1,11,10517,376,1495.4840051525,348569,1815074
29009,Barry,MO,Missouri,mean,10.8,21.658216179,57.213181213,38.4,7,22,26080,688,2365.0796985365,191360,1514172
29011,Barton,MO,Missouri,mean,10.5,21.024189398,47.675517745,39.6,4.7,3,7932,176,745.698999444,127443,1613375
29013,Bates,MO,Missouri,mean,10.2,19.838559454,42.432365042,41.2,7.2,4,13174,325,996.291440057,127574,1700769
29015,Benton,MO,Missouri,mean,10.4,31.037773759,33.097865319,39.9,6.9,6,16491,417,1025.258883636,230717,1704729
29017,Bollinger,MO,Missouri,mean,10.6,20.983327018,26.232610959,39.1,6.8,1,12363,222,798.441974781,522628,1598876
29019,Boone,MO,Missouri,mean,9.2,13.404003444,87.322041283,32.8,7.5,212,30554,2955,8065.3480548605,309912,1784142
29021,Buchanan,MO,Missouri,mean,10,17.193183309,66.446522708,36.9,6.9,54,11928,1640,4618.2950078095,93448,1857234
29023,Butler,MO,Missouri,mean,11.2,19.329707133,67.968193686,39,6.3,41,22331,850,2458.950009117,490886,1533128
29025,Caldwell,MO,Missouri,mean,10.8,20.186579746,38.44583097,40.8,7.3,1,9424,220,567.4882924045,167375,1863038
29027,Callaway,MO,Missouri,mean,8.9,17.191630449,68.6245286,34.2,7.9,17,27498,727,2146.8610698365,344586,1761655
29029,Camden,MO,Missouri,mean,9.2,29.104889953,60.970873786,39.7,7.4,31,32662,955,2449.554290664,286892,1677940
29031,Cape Girardeau,MO,Missouri,mean,9.4,17.412589967,75.136458206,40,7.4,72,23083,1453,3807.607514098,566626,1618729
29033,Carroll,MO,Missouri,mean,10,22.063037249,48.616833431,37,7.4,3,5999,198,489.3363774735,214974,1827662
29035,Carter,MO,Missouri,mean,10.2,20.07518797,66.013071895,39.7,4.8,1,6265,133,419.345076492,444204,1563219
29037,Cass,MO,Missouri,mean,8.6,17.52129736,64.520885888,34.5,7.9,24,32233,2120,5208.440147519,130480,1742779
29039,Cedar,MO,Missouri,mean,10.9,22.654525386,56.773329574,37.3,6.6,5,10528,212,872.0446927375,188583,1641221
29041,Chariton,MO,Missouri,mean,9.4,24.646547036,34.219762419,38.4,8.1,1,7831,123,390.101798628,257916,1842202
29043,Christian,MO,Missouri,mean,8.5,16.358648728,60.143850881,37.3,7.9,40,34682,1504,4958.070025874,245526,1553104
29045,Clark,MO,Missouri,mean,10.6,21.273752969,48.326801326,40.5,7.8,3,7139,145,442.258801142,361602,1956173
29047,Clay,MO,Missouri,mean,9,14.879969317,80.658416721,34.2,8.2,160,21785,6815,10769.509097297,131290,1808336
29049,Clinton,MO,Missouri,mean,8.8,18.349227228,43.089123867,36.8,8.3,13,15808,564,1083.97341544,133743,1847101
29051,Cole,MO,Missouri,mean,8.9,17.848584936,59.291657501,33.5,7.9,51,22094,1203,3065.2141019305,326676,1732687
29053,Cooper,MO,Missouri,mean,9.4,19.141104294,59.504180553,37.3,7.3,8,9364,256,785.5477926915,278390,1774427
29055,Crawford,MO,Missouri,mean,10.5,20.327092559,62.092297016,41.3,7.2,1,18104,495,1488.4850062025,407751,1671506
29057,Dade,MO,Missouri,mean,11,24.042637189,2.4177566389,40.2,7.6,5,7883,117,446.272066643,190710,1607167
29059,Dallas,MO,Missouri,mean,11,20.431347673,3.1456856657,39.5,6.2,1,13746,312,1161.627010849,254010,1630793
29061,Daviess,MO,Missouri,mean,9.9,21.169186808,10.972716489,39.5,8,1,8433,155,600.361634722,163673,1897759
29063,DeKalb,MO,Missouri,mean,9.6,18.498828618,49.460513192,39.7,8.1,3,8045,157,425.36795356,142527,1880669
29065,Dent,MO,Missouri,mean,10.8,22.055155211,65.869218501,37.4,6.9,4,10736,270,994.902896082,396847,1635683
29067,Douglas,MO,Missouri,mean,10.4,25.14490283,50.975988945,37.6,5.8,2,10827,221,720.851880474,314327,1558378
29069,Dunklin,MO,Missouri,mean,12.3,18.508496591,67.931266132,39.5,6.6,8,16122,686,2036.501109878,520548,1486835
29071,Franklin,MO,Missouri,mean,9.3,18.443234408,65.70470568,31.4,8.2,66,56428,2108,5104.520049119,429359,1736290
29073,Gasconade,MO,Missouri,mean,9.1,23.07484281,50.425848317,33.7,8.1,6,12310,278,787.5793650795,387130,1718752
29075,Gentry,MO,Missouri,mean,9.8,19.261299206,33.836416748,38.8,7.3,2,6738,89,402.748136524,134022,1912832
29077,Greene,MO,Missouri,mean,9.7,16.90990976,85.620995935,35.8,7.3,287,38518,5206,16696.122068212,233639,1596003
29079,Grundy,MO,Missouri,mean,10.1,21.718106996,48.307504078,37.6,6.6,2,4665,150,609.848369188,205512,1909980
29081,Harrison,MO,Missouri,mean,10.6,22.366487016,42.576927792,38.7,6.1,3,6305,132,439.889419252,171645,1955319
29083,Henry,MO,Missouri,mean,10.3,22.174187157,63.364622255,42.4,6.1,14,11035,398,1257.9456683535,190905,1721143
29085,Hickory,MO,Missouri,mean,10.6,32.090159173,28.989008334,39.8,7.8,1,9627,158,538.461047254,230728,1666210
29087,Holt,MO,Missouri,mean,9.4,25.153809749,65.687899597,38.2,7.3,1,4912,73,235.9429967425,68381,1895937
29089,Howard,MO,Missouri,mean,9.4,20.072777341,10.905329524,37.6,8.1,4,6498,157,461.736308872,278120,1803734
29091,Howell,MO,Missouri,mean,11,19.824890557,68.65408805,40.3,6.1,33,29158,778,2389.5828478655,364282,1521042
29093,Iron,MO,Missouri,mean,10.6,21.991921769,78.064380833,41,5.8,1,7957,202,627.6933606665,454897,1632555
29095,Jackson,MO,Missouri,mean,10.6,15.669961583,91.149937814,36.2,7.5,601,25867,19660,37853.0111809985,136646,1782493
29097,Jasper,MO,Missouri,mean,10.6,16.102472494,73.068808498,37.3,7,0,27815,2133,8018.072155598,128852,1580039
29099,Jefferson,MO,Missouri,mean,9,16.176774041,70.821958287,41.1,7.8,57,66049,4766,10803.7029380855,477877,1717133
29101,Johnson,MO,Missouri,mean,9.6,12.932594645,57.036269046,37.3,7.3,19,26531,1014,2858.030551484,177620,1762071
29103,Knox,MO,Missouri,mean,10.6,21.927521008,0,37.9,7.4,0,4131,53,236.201381867,321578,1910166
29105,Laclede,MO,Missouri,mean,10.1,18.099797969,61.511140709,41.5,6,19,21525,712,2028.041566496,303624,1637189
29107,Lafayette,MO,Missouri,mean,9.7,19.230886431,32.291414019,40,7.7,8,19010,711,1657.804397618,180844,1790188
29109,Lawrence,MO,Missouri,mean,10.7,18.097126902,53.969632378,35.2,7.3,20,22673,705,2702.3268064885,192511,1570673
29111,Lewis,MO,Missouri,mean,10.3,19.35,16.257974482,39.7,6.7,2,10211,169,496.71324839,371558,1912926
29113,Lincoln,MO,Missouri,mean,9.2,14.279219303,40.695605465,36.4,8.2,5,39335,1351,3062.4767305435,434187,1796299
29115,Linn,MO,Missouri,mean,9.6,21.210841848,61.824153613,38.1,7.3,3,8480,276,664.693654267,242103,1880498
29117,Livingston,MO,Missouri,mean,9.6,20,64.395136361,38.8,8.1,12,5562,219,779.4618209935,208541,1873328
29119,McDonald,MO,Missouri,mean,12.1,15.870504212,27.80328713,39.3,7.9,3,23081,409,2150.826698078,135073,1510670
29121,Macon,MO,Missouri,mean,9.5,22.564710532,57.41337366,36.8,7,5,10552,272,788.326519916,296338,1880064
29123,Madison,MO,Missouri,mean,9.7,19.340815681,84.34183431,39.8,6.7,3,8009,242,705.3558857625,495711,1631075
29125,Maries,MO,Missouri,mean,10.1,21.686890316,7.5426944972,38.9,7.7,0,9176,150,560.1935579635,353623,1689019
29127,Marion,MO,Missouri,mean,10.2,18.518128901,77.16739702,39.9,7.3,27,7128,492,1435.4713341185,382343,1877227
29129,Mercer,MO,Missouri,mean,9.8,23.07912844,6.3312605992,37.6,4.7,1,3785,53,236.988112927,200926,1959191
29131,Miller,MO,Missouri,mean,9.7,19.587297764,56.678262277,37.2,7.9,9,19744,517,1722.928374791,304119,1705063
29133,Mississippi,MO,Missouri,mean,13.7,18.256500239,81.490021468,44.1,7.1,2,4695,254,651.8825887745,597548,1554247
29135,Moniteau,MO,Missouri,mean,9.4,16.249031258,57.991339753,36.3,8.3,2,8225,239,1182.664661778,294444,1743952
29137,Monroe,MO,Missouri,mean,10,23.955463728,21.636279714,37.5,7.5,3,8840,165,487.926584235,337323,1853258
29139,Montgomery,MO,Missouri,mean,10.1,20.429259746,32.91821233,38.4,7.5,2,9607,215,648.409548029,387982,1779343
29141,Morgan,MO,Missouri,mean,11,23.677440479,43.887460726,37.2,7.5,6,20565,403,1715.6303382525,272880,1720976
29143,New Madrid,MO,Missouri,mean,12,19.925163704,45.679688451,44.4,7.3,1,10779,396,969.965870307,573668,1523276
29145,Newton,MO,Missouri,mean,10,18.677802849,59.400150048,34.8,7.7,0,37447,1031,3790.6065152165,131534,1550196
29147,Nodaway,MO,Missouri,mean,9.8,15.874291115,64.380208088,38.9,5.2,9,10150,318,996.570215025,88472,1950058
29149,Oregon,MO,Missouri,mean,11.9,22.986907658,65.940938043,39.5,5.9,0,8763,203,617.3665462055,405418,1520365
29151,Osage,MO,Missouri,mean,8.6,17.953509231,30.910049721,35.9,8.8,3,13878,184,639.3788047515,354665,1734872
29153,Ozark,MO,Missouri,mean,12,28.695058073,30.948205308,39.5,5.2,1,9723,188,509.057253136,325033,1513860
29155,Pemiscot,MO,Missouri,mean,13.9,17.84589131,45.105676521,42.6,5.8,5,9014,445,851.3966925275,562822,1484107
29157,Perry,MO,Missouri,mean,9.3,19.527534087,48.728634733,38.2,8.1,7,10552,310,931.065176054,541627,1656290
29159,Pettis,MO,Missouri,mean,10.2,17.115865518,63.066542578,38.9,7.3,23,15943,949,2752.029496108,229187,1751448
29161,Phelps,MO,Missouri,mean,10,16.968199924,85.781172992,35.3,6.9,36,20873,746,2796.1927710845,372815,1673327
29163,Pike,MO,Missouri,mean,10.6,18.636338044,29.362597373,42.8,7.1,4,10069,290,950.905227219,420091,1830161
29165,Platte,MO,Missouri,mean,8.2,15.641665669,85.506662419,31.8,8.4,83,14120,2406,3807.2193203377,103120,1819032
29167,Polk,MO,Missouri,mean,10,17.666885123,44.205082649,36.5,8,22,21444,509,1855.3409072855,219997,1630400
29169,Pulaski,MO,Missouri,mean,10.1,9.4451464249,66.079140024,37.4,5.8,17,23017,647,2383.341710688,324614,1660151
29171,Putnam,MO,Missouri,mean,9.4,24.129881154,50.010681478,36,7.4,3,4979,70,271.5993091535,253580,1958805
29173,Ralls,MO,Missouri,mean,9.5,22.777724158,7.6677933366,38.4,8.4,1,9771,190,505.288594833,380884,1851028
29175,Randolph,MO,Missouri,mean,10.6,17.019386107,49.704644765,38.3,7.4,8,11481,433,1226.7974147535,298458,1835641
29177,Ray,MO,Missouri,mean,9.2,19.145514604,47.983418257,39.1,8.2,6,17672,711,1231.1861417495,172112,1817648
29179,Reynolds,MO,Missouri,mean,10.6,23.426975522,44.028871391,38.4,5.7,3,6696,121,375.0306345735,437453,1604600
29181,Ripley,MO,Missouri,mean,11.7,20.28821701,58.357524113,41.8,6.5,2,14100,279,833.548946958,460596,1519556
29183,St. Charles,MO,Missouri,mean,7.4,16.287340145,86.79175447,30.4,8.8,180,21018,7884,11298.8222938254,471280,1776270
29185,St. Clair,MO,Missouri,mean,10.4,26.247866894,33.95088324,37.4,7.4,4,9805,172,565.112438101,194352,1670600
29186,Ste. Genevieve,MO,Missouri,mean,9.3,20.91134065,34.195573354,36.5,7.4,6,13816,316,868.1492366955,509392,1676651
29187,St. Francois,MO,Missouri,mean,10.1,16.889000755,56.391022384,36.9,6.9,43,25989,1255,3376.3709216965,483827,1660214
29189,St. Louis,MO,Missouri,mean,8.3,18.816330337,95.393601394,28.3,8.3,1261,11368,23679,33539.7356387023,481434,1754422
29195,Saline,MO,Missouri,mean,10.4,18.725578599,65.649509279,39.3,6.8,11,10705,368,1319.574620403,247003,1807311
29197,Schuyler,MO,Missouri,mean,9.8,19.229813665,26.93452381,37.2,4.2,3,4431,80,289.376329043,290532,1960216
29199,Scotland,MO,Missouri,mean,10.1,19.454506712,0.3816793893,38.1,8.3,8,4843,61,459.6454380035,321681,1961902
29201,Scott,MO,Missouri,mean,11,18.837209302,71.147428992,42.8,7,20,16285,785,2039.7277781455,568208,1581367
29203,Shannon,MO,Missouri,mean,11.4,22.811708415,56.748684398,39.4,6.3,0,8441,189,586.919344316,411542,1578954
29205,Shelby,MO,Missouri,mean,10.3,22.305890228,35.670981485,38.1,6.7,1,6373,99,342.9921840105,328871,1875431
29207,Stoddard,MO,Missouri,mean,11.2,20.348326837,61.893136161,40.2,7.2,14,20915,595,1913.93626865,533486,1561183
29209,Stone,MO,Missouri,mean,9.8,31.742107265,66.36954563,38.3,7.4,11,28559,892,1813.780210961,224212,1524046
29211,Sullivan,MO,Missouri,mean,11.1,20.306707112,46.274379063,40.8,7.5,2,6714,129,387.557324841,237986,1922498
29213,Taney,MO,Missouri,mean,10.1,22.771206129,58.736132415,37.4,5.4,42,22665,1970,3760.563564543,264081,1514771
29215,Texas,MO,Missouri,mean,11.6,21.259054708,65.434720464,40.9,6.8,11,25803,410,1454.157508744,350393,1606032
29217,Vernon,MO,Missouri,mean,10.4,20.311303904,64.68767443,36.5,6.5,5,12327,321,1169.039270414,124449,1654842
29219,Warren,MO,Missouri,mean,9.4,18.169122077,73.058088484,37.4,8,7,20496,776,2008.772207564,413355,1768930
29221,Washington,MO,Missouri,mean,11.1,17.624031997,58.926596921,41.4,6.5,7,20276,516,1417.939738383,449987,1682594
29223,Wayne,MO,Missouri,mean,11.9,24.372365769,65.955895754,40.7,4.9,5,13521,243,732.265273312,489032,1584458
29225,Webster,MO,Missouri,mean,10.2,15.663772493,53.301778176,39.1,7.9,10,26764,598,2917.949667733,270292,1594930
29227,Worth,MO,Missouri,mean,9.6,26.374180535,1.4191586417,37.9,7.7,1,2171,30,108.142857143,131434,1957039
29229,Wright,MO,Missouri,mean,11.5,19.887157442,33.362656697,41.3,6.4,3,14417,306,1160.613340373,313331,1598066
29510,St. Louis City,MO,Missouri,mean,12.1,15.050629027,98.169627758,39,7.2,286,1,9583,14208.9396707105,497190,1758258
30001,Beaverhead,MT,Montana,mean,8.5,23.498530029,74.911962437,31.1,8.1,15,4637,142,398.256820182,-1320694,2562822
30003,Big Horn,MT,Montana,mean,13.9,13.768619279,52.438281012,36.6,5.4,7,9251,363,927.217095851,-896734,2563099
30005,Blaine,MT,Montana,mean,12,15.687679083,38.884156729,35.9,5.5,4,6491,86,451.5724426645,-960581,2907150
30007,Broadwater,MT,Montana,mean,7.9,23.476948408,50.679067021,31.9,8.8,2,5612,107,307.706257719,-1182925,2700989
30009,Carbon,MT,Montana,mean,7.6,26.818475154,46.366848086,29,8.6,6,10078,194,424.736549744,-1016024,2549098
30011,Carter,MT,Montana,mean,8.1,27.521008403,19.858657244,30.6,5.5,0,1160,17,47.8206278027,-656608,2535604
30013,Cascade,MT,Montana,mean,8.5,19.331211322,76.593929917,35,7.8,61,16120,1251,3363.764189094,-1149263,2797771
30015,Chouteau,MT,Montana,mean,9,22.278566599,32.773536896,33.4,6.7,0,5813,67,322.6412403805,-1087983,2855179
30017,Custer,MT,Montana,mean,8,20.300436388,70.4643128,33.8,8.3,9,2095,192,480.978110599,-724879,2652361
30019,Daniels,MT,Montana,mean,7.8,27.046263345,0,30.6,9,0,1751,17,64.98753117205,-708353,2921302
30021,Dawson,MT,Montana,mean,8.1,20.687331536,83.825503356,33.5,7.6,4,2472,140,311.77449455675,-673540,2738834
30023,Deer Lodge,MT,Montana,mean,9.7,25.582130439,90.213353147,33.7,7.5,7,3128,166,326.666318496,-1317349,2687431
30025,Fallon,MT,Montana,mean,7.6,18.694066954,70.252541817,27.5,8.6,3,2890,42,158.6317626525,-641672,2622673
30027,Fergus,MT,Montana,mean,7.8,24.722389601,70.033199371,29.7,7.5,8,5496,191,533.5222772275,-1013367,2778770
30029,Flathead,MT,Montana,mean,7.1,20.477806259,79.502093774,28.3,8.6,96,46814,2055,4272.1198061025,-1338000,2947882
30031,Gallatin,MT,Montana,mean,6.6,13.297694621,83.153160726,19.1,9,96,30025,1771,4555.56758031655,-1179732,2579889
30033,Garfield,MT,Montana,mean,8,24.069478908,9.1219096334,31.2,7.8,0,1206,19,46.0010845987,-830790,2772261
30035,Glacier,MT,Montana,mean,14.1,12.803772216,74.865727972,39.9,5.8,9,5897,389,1018.544116403,-1269999,2991166
30037,Golden Valley,MT,Montana,mean,8.5,30.08423586,2.794653706,30.9,4.7,1,884,13,37.095026643,-1010186,2673109
30039,Granite,MT,Montana,mean,8,30.532296651,37.050468419,30.4,5.3,1,3079,72,152.5091395455,-1341884,2735186
30041,Hill,MT,Montana,mean,9.7,15.470671859,71.831504078,36.6,6.5,9,6439,235,870.8725490195,-1031471,2925670
30043,Jefferson,MT,Montana,mean,7.4,23.295910184,49.880016549,27.8,8.4,8,11406,191,445.14026124515,-1236969,2683544
30045,Judith Basin,MT,Montana,mean,7.9,28.913894325,11.863568957,29.8,6.4,0,2072,26,81.9332386365,-1079285,2767581
30047,Lake,MT,Montana,mean,9.5,23.372771829,51.458212886,32.4,8.3,22,23983,534,2203.297792092,-1356172,2874001
30049,Lewis and Clark,MT,Montana,mean,7.5,19.726402946,69.313682668,29,8.8,66,18340,1107,2335.6871700011,-1243880,2795179
30051,Liberty,MT,Montana,mean,9.3,23.381294964,44.767738642,33.7,6.3,1,2339,24,171.1267605635,-1118724,2934600
30053,Lincoln,MT,Montana,mean,9.2,29.880633374,49.717944809,33.3,7.6,17,15709,483,997.175472929,-1432526,2981074
30055,McCone,MT,Montana,mean,7.5,28.114086147,5.3209947947,30.1,8.6,0,1734,17,55.31107354185,-744968,2789654
30057,Madison,MT,Montana,mean,7.2,30.245598295,29.386524411,28,8.3,5,7691,151,414.6266038655,-1251201,2593674
30059,Meagher,MT,Montana,mean,7.8,30.549898167,14.53035807,28.9,4.8,2,1891,25,99.9476650565,-1145502,2729170
30061,Mineral,MT,Montana,mean,9,28.909465021,88.48952591,32.1,7,2,4223,99,200.727985911,-1437687,2830669
30063,Missoula,MT,Montana,mean,7.1,16.728434826,90.883804549,26.4,8.4,130,24403,2184,4709.2541331501,-1384884,2807066
30065,Musselshell,MT,Montana,mean,8.7,28.043300654,51.353065539,31.6,7.5,0,4538,99,184.929522081,-946190,2677424
30067,Park,MT,Montana,mean,7.5,24.042808905,75.370833576,25,7.7,20,7464,327,740.805687204,-1125978,2576005
30069,Petroleum,MT,Montana,mean,8.6,28.516377649,10.080645161,31,6.3,0,494,7,17.35714285715,-928117,2754930
30071,Phillips,MT,Montana,mean,8.9,23.616412214,60.825231207,30.7,7.7,1,4253,70,222.8249490145,-888461,2866783
30073,Pondera,MT,Montana,mean,9,21.121121121,44.320108511,32.5,7.2,3,3575,84,305.6965285555,-1199908,2916219
30075,Powder River,MT,Montana,mean,8.2,30.082256169,15.761511216,28.4,7,0,1743,26,83.5924657535,-761798,2520398
30077,Powell,MT,Montana,mean,8.8,20.445777968,81.284192341,32.2,8,5,3810,76,253.0645805595,-1284379,2782269
30079,Prairie,MT,Montana,mean,9.6,34.372135655,0,32.2,5.1,0,1179,18,59.0072886295,-712164,2693972
30081,Ravalli,MT,Montana,mean,7.8,26.669422746,69.552225291,29.9,8.7,27,34030,766,2088.919939577,-1407503,2693299
30083,Richland,MT,Montana,mean,7.7,16.40521138,54.520929423,36.1,8,5,4308,236,516.9132712455,-634609,2795464
30085,Roosevelt,MT,Montana,mean,14.4,11.819610018,28.886418381,38.3,6.8,4,4142,184,756.7826267665,-645206,2841180
30087,Rosebud,MT,Montana,mean,10.9,16.888232398,50.690358987,36.6,7.4,5,9233,143,547.8139377535,-837689,2640344
30089,Sanders,MT,Montana,mean,9.4,32.008642642,76.056451613,30.9,6.9,8,11413,251,612.5767063245,-1449527,2902202
30091,Sheridan,MT,Montana,mean,8.1,24.7235611,62.58830178,29.4,7.9,1,3384,59,151.4290953545,-605836,2889998
30093,Silver Bow,MT,Montana,mean,8.7,19.349919517,77.662027154,30.1,8.2,25,3913,635,1343.3658572052,-1283679,2666139
30095,Stillwater,MT,Montana,mean,7.3,24.436090226,37.163896017,27.9,9.2,3,9117,159,324.7455954431,-1047097,2596151
30097,Sweet Grass,MT,Montana,mean,7.5,28.176201988,70.33713975,30.9,9.1,2,3651,45,161.4396485865,-1072044,2611611
30099,Teton,MT,Montana,mean,8.1,22.714946562,20.141342756,29.8,7.1,2,6073,88,329.7714884695,-1214101,2871517
30101,Toole,MT,Montana,mean,9,18.798642985,67.109233555,30,8,2,2287,53,195.9171597635,-1169168,2953865
30103,Treasure,MT,Montana,mean,8.2,30.078125,0,29.9,4.2,0,718,11,41.613402062,-867597,2634832
30105,Valley,MT,Montana,mean,9,23.749502455,60.121404064,32.3,7.4,7,4068,126,301.3151373675,-791986,2878797
30107,Wheatland,MT,Montana,mean,9.5,26.080621661,60.60898985,32,6.6,0,2168,40,186.844537815,-1057149,2694334
30109,Wibaux,MT,Montana,mean,8.1,25.91006424,0,31,4.8,0,1017,16,45.83090379,-620295,2705618
30111,Yellowstone,MT,Montana,mean,7.8,17.558900602,82.188537677,31.6,8.6,182,24694,2657,6086.08444838115,-939413,2626722
31001,Adams,NE,Nebraska,mean,9.3,18.799755052,84.922288095,38.6,7.3,28,7052,403,1240.618061309,-209547,1965734
31003,Antelope,NE,Nebraska,mean,8.7,24.382863513,33.836378078,33.7,8.3,2,6685,61,264.596369922,-169417,2134666
31005,Arthur,NE,Nebraska,mean,8.9,21.412300683,0,38.2,4.6,0,460,6,14.16091954025,-470364,2091157
31007,Banner,NE,Nebraska,mean,8.2,23.843930636,5.0445103858,34.1,6.4,0,690,8,22.2367972743,-654898,2093728
31009,Blaine,NE,Nebraska,mean,7.8,20.390455531,7.656612529,34.7,6.2,0,478,6,17.39048991355,-331562,2120841
31011,Boone,NE,Nebraska,mean,8.6,22.98551801,43.353783231,36.6,8.7,7,5505,48,154.9038262668,-168526,2087203
31013,Box Butte,NE,Nebraska,mean,8.9,20.605431912,76.637151817,36.7,7.6,5,2822,134,546.882853094,-581802,2165052
31015,Boyd,NE,Nebraska,mean,8.6,29.904974846,1.9337016575,35.4,7.5,1,2099,21,66.8475371384,-231767,2230644
31017,Brown,NE,Nebraska,mean,8.9,25.894085282,79.60730279,35,8.4,3,3145,33,113.50230521,-326833,2184362
31019,Buffalo,NE,Nebraska,mean,9,15.788950913,83.437824455,33.7,7.8,42,14873,561,1929.275789761,-243816,1996634
31021,Burt,NE,Nebraska,mean,9.1,24.757788046,26.539720321,34.8,8.4,2,6858,90,306.2513023545,-16762,2102301
31023,Butler,NE,Nebraska,mean,8.4,20.748460445,46.03895328,35,8.5,6,5516,102,258.5929559344,-86813,2043645
31025,Cass,NE,Nebraska,mean,8.4,18.199652071,59.899240544,37.9,8.7,8,18415,362,820.8340607255,-102,2004614
31027,Cedar,NE,Nebraska,mean,7.6,22.424969988,39.522673031,35.6,8.7,1,8852,83,313.76631189265,-99247,2196454
31029,Chase,NE,Nebraska,mean,9,21.275483534,64.423323915,36.9,8.2,1,3966,36,222.2123448505,-495793,1962989
31031,Cherry,NE,Nebraska,mean,9.5,22.389153536,66.434463795,36.1,7.5,4,3000,55,236.739927569,-403596,2218019
31033,Cheyenne,NE,Nebraska,mean,8.6,21.817609403,66.44486692,34,7.8,5,3625,119,299.1713800905,-579164,2033975
31035,Clay,NE,Nebraska,mean,8.4,21.19118131,39.891874181,36.3,8.1,2,6542,74,280.673612544,-174738,1952446
31037,Colfax,NE,Nebraska,mean,10.9,14.097923414,69.107919108,36.3,8.2,0,4260,109,854.9786995515,-87611,2069770
31039,Cuming,NE,Nebraska,mean,8.8,22.050311665,71.663153223,37.4,8.7,4,5959,82,427.2039493075,-61580,2108722
31041,Custer,NE,Nebraska,mean,8.7,22.705544933,52.593646278,35.2,7,7,7402,102,398.889550757,-303030,2062709
31043,Dakota,NE,Nebraska,mean,11.3,14.095381573,87.336669447,39.8,8.2,3,4430,329,1306.2167647235,-38625,2167103
31045,Dawes,NE,Nebraska,mean,8.4,19.563082965,89.559702403,31.7,7.8,7,3667,95,317.6704169425,-581530,2231333
31047,Dawson,NE,Nebraska,mean,10.4,17.118587329,83.439094189,39.6,7.3,13,6484,290,1576.2848990805,-323898,1990058
31049,Deuel,NE,Nebraska,mean,8.6,27.506702413,57.290533188,35,7.9,0,1941,21,80.156795748,-526778,2027165
31051,Dixon,NE,Nebraska,mean,9.1,21.406672678,17.231537638,39.1,7.8,1,6000,64,308.4678761265,-67488,2183644
31053,Dodge,NE,Nebraska,mean,9.4,18.984987737,85.027040116,38.7,7.8,19,9220,480,1538.949731689,-55298,2066727
31055,Douglas,NE,Nebraska,mean,9.5,13.78835845,96.924174459,35.1,8.4,653,11224,9175,22394.6224802425,-2997,2039133
31057,Dundy,NE,Nebraska,mean,9.4,26.177370031,22.974607013,34.9,7,1,2008,19,106.45638126,-480897,1918829
31059,Fillmore,NE,Nebraska,mean,8,23.133790119,65.916051162,36.5,8.3,3,5890,64,187.97233731415,-134030,1944685
31061,Franklin,NE,Nebraska,mean,9.1,27.695487427,38.975424022,35.8,6.8,2,3225,33,92.74256951105,-250836,1901991
31063,Frontier,NE,Nebraska,mean,8.2,24.69667319,60.778086542,38.6,7.7,0,2756,27,78.64349276975,-368075,1956914
31065,Furnas,NE,Nebraska,mean,9.1,25.781928758,28.149266609,36.9,8.6,5,4959,49,210.5147058825,-328523,1909742
31067,Gage,NE,Nebraska,mean,8.7,21.604367135,58.970696646,38.7,7.4,16,9906,266,772.62567005965,-59586,1907685
31069,Garden,NE,Nebraska,mean,9.1,29.128316188,8.2710779082,37.1,7.7,0,2057,23,70.5,-521307,2093630
31071,Garfield,NE,Nebraska,mean,7.9,28.874388254,71.759514617,36.8,8.7,1,2049,23,52.63771343725,-254135,2105080
31073,Gosper,NE,Nebraska,mean,8.1,24.725877193,26.096143687,34.7,8,1,2044,20,92.258988016,-322175,1957063
31075,Grant,NE,Nebraska,mean,9.2,26.079447323,0,36.5,6.3,0,614,6,27.8319327731,-482703,2122270
31077,Greeley,NE,Nebraska,mean,8.6,25.772245274,0,35,6.5,0,2538,23,88.98516320475,-203660,2070600
31079,Hall,NE,Nebraska,mean,10,15.405217896,88.593687893,39.9,7.8,36,8571,942,3650.210577361,-201040,1994945
31081,Hamilton,NE,Nebraska,mean,7.6,20.498614958,62.551702195,36.8,9,10,4658,102,299.5568369028,-165840,2002384
31083,Harlan,NE,Nebraska,mean,8.3,27.240375283,40.058574683,36.3,8.5,3,3423,34,130.8268251275,-286110,1904855
31085,Hayes,NE,Nebraska,mean,9.3,27.283511269,0,35.6,3.9,1,967,8,42.709876543,-423113,1964453
31087,Hitchcock,NE,Nebraska,mean,9,25.715390565,0,37.9,4.5,0,2908,30,106.5397219465,-429660,1915966
31089,Holt,NE,Nebraska,mean,8.1,22.639068564,63.700997334,35.5,8.1,9,6753,100,333.3243953733,-226538,2177798
31091,Hooker,NE,Nebraska,mean,7.9,28.882833787,24.331926864,33.6,5.1,2,736,7,37.3080357145,-429895,2114839
31093,Howard,NE,Nebraska,mean,8.3,21.466850406,48.386100386,36.2,8.3,4,6274,75,196.80745709215,-210944,2032091
31095,Jefferson,NE,Nebraska,mean,8.8,24.219620959,61.58839779,34.1,7.4,3,3635,75,271.005645465,-99406,1901392
31097,Johnson,NE,Nebraska,mean,8.8,18.566591422,57.051039698,33.7,8.2,2,5217,58,166.731616456,-22170,1943429
31099,Kearney,NE,Nebraska,mean,8.8,20.332634102,61.767344498,36.9,8.8,2,3540,68,219.07814871015,-241720,1952717
31101,Keith,NE,Nebraska,mean,8.7,27.116801546,71.313737253,32.6,7.6,6,3944,95,302.1688130875,-473229,2048997
31103,Keya Paha,NE,Nebraska,mean,9.2,31.893265565,0,35.8,6.4,0,824,10,26.39121756485,-300761,2234121
31105,Kimball,NE,Nebraska,mean,10.1,25.762016413,76.266744321,36.2,8.1,0,3821,44,176.1863905325,-655572,2046106
31107,Knox,NE,Nebraska,mean,9,25.151767647,50.339649625,37.5,7.5,4,8701,97,367.922774869,-157527,2206882
31109,Lancaster,NE,Nebraska,mean,8.3,14.861608436,95.104895105,32.8,8.2,230,23555,4359,11218.3098445397,-61149,1989282
31111,Lincoln,NE,Nebraska,mean,9.1,20.607623121,85.032875764,40.1,8.3,17,11075,409,1282.2462475851,-394847,2027921
31113,Logan,NE,Nebraska,mean,9,23.580786026,10.195530726,35.3,8.3,0,763,8,33.5892857145,-367878,2076152
31115,Loup,NE,Nebraska,mean,8.7,27.98013245,36.902800659,34.5,7.5,0,632,8,21.19198312235,-278829,2123950
31117,McPherson,NE,Nebraska,mean,8.5,26.649076517,0,34.6,5.3,0,539,7,18.6076487252,-416761,2076638
31119,Madison,NE,Nebraska,mean,8.6,16.642612559,90.108191654,38,7.8,20,9732,481,1652.3577629145,-136445,2108279
31121,Merrick,NE,Nebraska,mean,8.9,21.278538813,51.212832551,34.9,7.4,3,4620,97,292.27020076325,-163990,2033552
31123,Morrill,NE,Nebraska,mean,9.2,22.081329252,73.523600439,36.4,6.9,1,5042,65,243.1978193145,-574781,2109018
31125,Nance,NE,Nebraska,mean,8.7,21.386430678,64.970414201,35.8,8.5,0,3735,38,115.09141172135,-166232,2053645
31127,Nemaha,NE,Nebraska,mean,8.4,20.215175538,58.213175007,37.3,8.2,6,3774,81,238.04545454545,20371,1937926
31129,Nuckolls,NE,Nebraska,mean,8.5,27.24137931,49.938949939,35.6,7.5,5,4500,46,151.9528301887,-172123,1901927
31131,Otoe,NE,Nebraska,mean,8.5,20.276208412,71.279537456,41.2,6.6,12,8674,198,545.7962551571,10080,1965057
31133,Pawnee,NE,Nebraska,mean,9.8,28.257456829,1.5330188679,40.3,7.6,1,2773,28,99.2193225985,-15695,1899610
31135,Perkins,NE,Nebraska,mean,7.9,24.258474576,50.069979006,36.5,8.4,3,2970,26,141.76155268,-485614,2005976
31137,Phelps,NE,Nebraska,mean,8.6,20.219312969,45.450490633,36.7,8.1,10,3848,87,329.11855963565,-292411,1959362
31139,Pierce,NE,Nebraska,mean,8.3,19.923424039,56.375563756,34.9,7.9,4,7266,89,206.55890603085,-132241,2148444
31141,Platte,NE,Nebraska,mean,9.1,17.823661692,82.458595755,36.1,8.7,26,10131,393,1500.5471040035,-126036,2064541
31143,Polk,NE,Nebraska,mean,8.4,23.096250483,46.720368239,33.9,8.8,3,5406,55,243.5080951175,-132743,2030928
31145,Red Willow,NE,Nebraska,mean,8.7,21.199284571,79.2188376,38.6,6.8,8,3492,117,399.9729321415,-381991,1906422
31147,Richardson,NE,Nebraska,mean,9.2,24.333032607,29.030618727,38.9,7.5,4,4230,102,358.052269601,24464,1902301
31149,Rock,NE,Nebraska,mean,8.1,28.560126582,3.5657686212,36.4,8.2,0,1526,12,43.5306122449,-277758,2188139
31151,Saline,NE,Nebraska,mean,10.9,15.374859076,72.369157571,37.1,7.8,7,7252,168,731.10317171,-87538,1953778
31153,Sarpy,NE,Nebraska,mean,8.3,12.462645669,92.200583409,33.4,8.5,100,8377,2343,5069.0527451205,-876,2019601
31155,Saunders,NE,Nebraska,mean,7.9,18.326238645,49.45237454,32.8,8.4,10,13816,255,700.4379205066,-47221,2033129
31157,Scotts Bluff,NE,Nebraska,mean,10,19.681074276,83.338875956,38.1,8.2,29,11024,500,1812.0475974615,-647814,2135161
31159,Seward,NE,Nebraska,mean,7.8,17.695847299,60.355500028,34.9,8.2,9,10114,218,488.7230367698,-88798,1992876
31161,Sheridan,NE,Nebraska,mean,9.9,26.418056919,34.89370002,37.5,6.8,2,5469,50,260.320016142,-523897,2188460
31163,Sherman,NE,Nebraska,mean,8.7,27.091767881,50.659006421,36.5,8.1,0,3152,35,96.3294117647,-240890,2035133
31165,Sioux,NE,Nebraska,mean,9.5,30.183727034,22.731277533,36.4,6.8,1,1311,14,35.91676866585,-639657,2202146
31167,Stanton,NE,Nebraska,mean,8.1,19.171251719,40.465593975,35.9,9,0,4504,76,210.36348231305,-96682,2103681
31169,Thayer,NE,Nebraska,mean,8.7,24.994911459,0,36.9,8.2,5,5228,46,178.2822491731,-131482,1901593
31171,Thomas,NE,Nebraska,mean,7.8,28.97473997,22.869955157,34.2,5,0,647,11,33.3333333335,-376257,2120829
31173,Thurston,NE,Nebraska,mean,13.1,12.039274924,40.809094936,42.7,7.5,5,6940,107,490.05440739,-37565,2138890
31175,Valley,NE,Nebraska,mean,7.9,24.864731923,69.327420547,34.1,8.4,5,4260,44,174.5978800925,-246197,2080711
31177,Washington,NE,Nebraska,mean,7.8,18.517812008,45.799185238,33.8,8.5,10,12390,262,596.48004694835,-8372,2067195
31179,Wayne,NE,Nebraska,mean,8.4,16.700735895,40.373311333,35.7,8.7,5,4038,110,297.29744793195,-90407,2146913
31181,Webster,NE,Nebraska,mean,8.6,22.574025213,63.004418262,39.8,7.5,1,3812,34,116.8859649123,-217575,1903663
31183,Wheeler,NE,Nebraska,mean,8.9,28.427672956,8.2687338501,34.4,5.4,0,818,7,27.67406749555,-203131,2109544
31185,York,NE,Nebraska,mean,8.5,20.703454086,71.079646018,37.4,8.3,11,6032,143,416.62582516505,-139756,1987137
32001,Churchill,NV,Nevada,mean,10,19.11130117,67.56153002,33.2,7.9,12,8636,391,1527.9890410285,-1866395,2062943
32003,Clark,NV,Nevada,mean,11.1,15.433923845,96.073028845,31.1,7.3,1314,25485,91244,133988.420921684,-1668936,1592155
32005,Douglas,NV,Nevada,mean,8,31.305394024,80.860006466,30.1,7.4,26,14829,1001,2016.4315533265,-2002721,2016576
32007,Elko,NV,Nevada,mean,9.9,12.677362515,77.991508696,32,8.4,21,18478,864,3251.03245247,-1575706,2231621
32009,Esmeralda,NV,Nevada,mean,11.9,32.570659489,9.6021947874,35,3.6,1,783,16,64.243697479,-1869794,1864590
32011,Eureka,NV,Nevada,mean,10.2,18.129269574,25.983827493,34.3,7.6,0,1987,27,68.8552787663,-1693480,2080056
32013,Humboldt,NV,Nevada,mean,10.1,14.981867634,51.200462829,31.8,8.2,8,6260,279,1218.429118774,-1833700,2253625
32015,Lander,NV,Nevada,mean,10.8,16.436702311,83.15312173,35.4,8.5,2,2255,114,355.517822424,-1783921,2083091
32017,Lincoln,NV,Nevada,mean,8.9,24.132596685,31.918204045,30.3,7.4,2,5345,73,241.4988938055,-1590306,1785150
32019,Lyon,NV,Nevada,mean,9.5,21.38810896,65.2941673,34.4,7.4,9,19200,1228,3490.671130297,-1971356,2035228
32021,Mineral,NV,Nevada,mean,12.5,25.207152202,92.621870883,37.2,4.7,5,1523,79,209.6019490255,-1925125,1968568
32023,Nye,NV,Nevada,mean,10.3,30.63049579,21.563838654,34.5,4.1,14,15500,1060,2080.9543729195,-1776470,1794665
32027,Pershing,NV,Nevada,mean,10.1,16.926272066,22.827067669,33,8.5,1,6753,94,271.9736842105,-1862363,2160749
32029,Storey,NV,Nevada,mean,8.2,33.140236544,31.920077973,29.1,8.6,0,3715,95,170.8448459085,-1981725,2082089
32031,Washoe,NV,Nevada,mean,8.4,17.183902455,88.271132927,26.9,7.8,388,17981,10885,26287.172142052,-1976422,2165522
32033,White Pine,NV,Nevada,mean,10,19.01546504,58.700440529,32.7,7.5,7,5349,141,420.7993920975,-1608221,2003822
32510,Carson City,NV,Nevada,mean,9.9,21.038089265,98.587970463,34.4,8,40,2675,1231,3395.0868132655,-2012801,2052524
33001,Belknap,NH,New Hampshire,mean,7.8,23.180266832,72.575151087,34,8.7,39,39826,1142,2236.7886719588,1940448,2541095
33003,Carroll,NH,New Hampshire,mean,7.3,29.417475728,73.656375357,28.8,8.8,43,43133,882,1827.316913739,1963314,2587706
33005,Cheshire,NH,New Hampshire,mean,7.5,21.395595443,67.673755526,31.1,8.5,52,50138,1522,2320.6196137362,1899098,2456620
33007,Coos,NH,New Hampshire,mean,9.2,24.813832337,64.330945375,35.5,7.8,38,21896,633,1069.9360400445,1918697,2681577
33009,Grafton,NH,New Hampshire,mean,7.6,22.113643019,84.911872517,31.8,8.6,173,61238,1609,2941.0712817958,1898950,2579865
33011,Hillsborough,NH,New Hampshire,mean,7.9,16.65114283,86.638671954,29.2,8.7,359,84918,8534,13480.4087584149,1947416,2477470
33013,Merrimack,NH,New Hampshire,mean,7.1,19.311637615,85.97927286,28.1,8.9,155,79978,2606,4739.00565105575,1936443,2522645
33015,Rockingham,NH,New Hampshire,mean,6.9,19.226558384,88.213294459,28.9,8.9,249,73505,6401,7952.1522010683,2002111,2488833
33017,Strafford,NH,New Hampshire,mean,8.1,16.007884244,90.543131967,29.9,8.4,83,39900,2390,4211.0953604735,1996952,2529855
33019,Sullivan,NH,New Hampshire,mean,8.2,22.977970735,75.512621044,32.9,8,31,28066,762,1415.7857142857,1893502,2506022
34001,Atlantic,NJ,New Jersey,mean,10.3,19.278383509,93.124348897,32.4,7,211,34905,11665,9180.91789593285,1810632,2039998
34003,Bergen,NJ,New Jersey,mean,7.9,17.823612237,99.460204325,22.9,9.1,1110,919,29828,26871.9953576925,1813512,2209757
34005,Burlington,NJ,New Jersey,mean,9,17.685652068,93.029056424,30,8.8,377,29900,12813,9820.24633053315,1778212,2088199
34007,Camden,NJ,New Jersey,mean,9.3,16.271614885,93.517101732,30.9,8.1,509,8308,18025,15634.7450105659,1766443,2076526
34009,Cape May,NJ,New Jersey,mean,8,28.217350854,89.721087936,29.4,7.4,51,16977,4200,2833.90951876325,1799638,1994599
34011,Cumberland,NJ,New Jersey,mean,11.5,15.853984,86.710519487,35.7,7.2,62,36129,5288,7299.401748565,1763297,2008283
34013,Essex,NJ,New Jersey,mean,10.7,14.155409239,99.705347054,29.1,8.2,673,114,30894,41028.719441012,1803797,2185844
34015,Gloucester,NJ,New Jersey,mean,7.8,16.728028718,88.240917782,32.1,8.5,168,24060,9504,6826.8270073658,1747892,2059847
34017,Hudson,NJ,New Jersey,mean,10.9,12.61717699,100,25.7,8.3,363,0,25372,34954.4906819045,1816017,2186334
34019,Hunterdon,NJ,New Jersey,mean,6.4,20.10867892,91.466261332,25.1,9.4,150,63622,3028,2502.55911556965,1747867,2148407
34021,Mercer,NJ,New Jersey,mean,9,15.982202551,99.439510508,28.4,8.7,360,12764,10997,11270.8678604041,1782444,2119996
34023,Middlesex,NJ,New Jersey,mean,9,15.853844125,97.139586775,23.3,8.7,804,5461,25957,27612.5275863075,1799596,2156302
34025,Monmouth,NJ,New Jersey,mean,7.5,18.672542512,96.010658546,22.1,8.7,743,23510,18823,17618.511482338,1819644,2146657
34027,Morris,NJ,New Jersey,mean,7,17.766022611,98.541680984,19.9,9.1,496,33324,13058,11266.2965994384,1780020,2188638
34029,Ocean,NJ,New Jersey,mean,8.1,22.383890243,90.181237828,30.8,7.9,253,16711,17437,14575.6081104139,1828787,2085028
34031,Passaic,NJ,New Jersey,mean,11.1,15.277244329,98.884793119,29.5,8.2,290,12080,20916,29821.7195841315,1796118,2214090
34033,Salem,NJ,New Jersey,mean,9.4,19.13568859,59.301016395,35.3,7.6,19,29936,2228,1880.79698183435,1731999,2035351
34035,Somerset,NJ,New Jersey,mean,7.4,16.667582823,96.540721158,24.3,9.3,382,18736,8877,8569.09587229075,1783159,2161143
34037,Sussex,NJ,New Jersey,mean,7.4,18.650158372,93.123747582,28.2,8.7,67,59482,4528,3243.35428649445,1752291,2221381
34039,Union,NJ,New Jersey,mean,9.3,14.890039398,99.768486734,29.5,9,370,0,19023,30671.5965671605,1800834,2175199
34041,Warren,NJ,New Jersey,mean,7.7,19.205100649,89.373540572,30.5,8.2,63,40830,3231,3367.48759914165,1732355,2187671
35001,Bernalillo,NM,New Mexico,mean,9.9,17.375773473,95.423124457,27.5,7.6,733,27798,20780,29290.747018648,-952769,1387388
35003,Catron,NM,New Mexico,mean,11.8,42.508710801,63.313774797,29.2,2.5,1,3725,73,69.2496307238,-1146668,1267831
35005,Chaves,NM,New Mexico,mean,11.7,15.99282056,70.406863422,32.6,6.4,41,15918,1963,3195.6053578605,-768903,1190738
35006,Cibola,NM,New Mexico,mean,14.5,16.984255444,53.087737377,38.8,4.9,14,15061,825,1209.632171609,-1071614,1408090
35007,Colfax,NM,New Mexico,mean,11.8,28.320802005,75.861790587,30.7,6.1,5,7199,332,381.64858199755,-794459,1556442
35009,Curry,NM,New Mexico,mean,11.5,13.112773183,73.070410902,31.6,6.7,23,6806,1087,2531.7095842245,-651571,1308789
35011,De Baca,NM,New Mexico,mean,11.2,29.702380952,81.213191991,30.6,7.9,1,2022,35,86.407037359,-763686,1296261
35013,Dona Ana,NM,New Mexico,mean,12.1,16.524008162,65.115389345,30.9,6.2,139,40362,6522,12003.7678334695,-997154,1050813
35015,Eddy,NM,New Mexico,mean,10.8,14.801924119,69.453092403,37.7,7.3,17,11226,2021,2796.5833400015,-774975,1064954
35017,Grant,NM,New Mexico,mean,11.2,29.545699021,61.025368104,29.1,6.2,20,12500,831,795.2625424368,-1151562,1155471
35019,Guadalupe,NM,New Mexico,mean,12.7,19.937064509,57.389937107,31.7,6.9,3,2066,114,99.97372210225,-799687,1340677
35021,Harding,NM,New Mexico,mean,11.5,41.314553991,1.2176560122,31.8,3.4,0,695,13,25.4495912805,-703061,1458761
35023,Hidalgo,NM,New Mexico,mean,12.3,23.073146784,21.134514122,32.4,6.4,2,4894,102,194.6440677965,-1194897,1079862
35025,Lea,NM,New Mexico,mean,12.1,11.396635801,78.306359546,35.7,7.5,20,13613,2677,4396.091155847,-669172,1104017
35027,Lincoln,NM,New Mexico,mean,9.1,30.690937561,85.894716069,29.2,6.5,11,10901,660,967.002188184,-881014,1229832
35028,Los Alamos,NM,New Mexico,mean,6.2,18.349715468,99.268757403,20.9,9.1,29,2018,298,258.04947444725,-916167,1480503
35029,Luna,NM,New Mexico,mean,14.4,20.460598465,42.443072325,34.3,4.3,8,10192,1518,1301.204097539,-1106640,1073633
35031,McKinley,NM,New Mexico,mean,17.4,13.268319866,41.108611561,41.1,2.8,53,41021,2245,5561.3596183305,-1108071,1462761
35033,Mora,NM,New Mexico,mean,12.9,29.647283127,16.949152542,33.2,1.6,1,4881,124,130.60847677815,-814670,1483208
35035,Otero,NM,New Mexico,mean,11.2,17.701387572,50.569731276,33.4,6.9,29,18880,1659,3571.1690989375,-897426,1080493
35037,Quay,NM,New Mexico,mean,11.6,26.178373383,74.479762177,31.1,5.9,2,3758,209,315.2964291815,-667639,1366698
35039,Rio Arriba,NM,New Mexico,mean,13.7,20.85915528,49.661818993,33.1,8,18,20028,1168,1649.9412202625,-925550,1553727
35041,Roosevelt,NM,New Mexico,mean,10.9,14.974499185,79.896826637,34.3,6.1,7,7236,439,1097.060721721,-661632,1241249
35043,Sandoval,NM,New Mexico,mean,9.2,19.108271839,69.365198812,27.3,6.7,89,22442,4480,6151.0295833775,-961238,1448489
35045,San Juan,NM,New Mexico,mean,12.6,16.128205764,50.97771677,35,5.4,69,43778,3977,7441.106191391,-1084942,1606326
35047,San Miguel,NM,New Mexico,mean,13.6,23.749539595,67.611484872,32,5.2,10,13784,758,831.25083526085,-770628,1418777
35049,Santa Fe,NM,New Mexico,mean,8.3,26.628694403,82.365669184,21.6,7.6,174,36274,4478,7101.9165053985,-904824,1438412
35051,Sierra,NM,New Mexico,mean,10.9,37.045731177,73.626468556,34.5,5.5,5,4070,332,343.7286067345,-1046192,1173824
35053,Socorro,NM,New Mexico,mean,13,20.673165349,56.028924375,32.3,4.3,7,8875,389,766.59375,-982344,1287366
35055,Taos,NM,New Mexico,mean,10.8,28.680356988,79.149873873,24.5,6.4,27,19251,1311,1326.253060602,-847206,1565996
35057,Torrance,NM,New Mexico,mean,12.1,22.029136996,8.3881688269,31.6,5.3,1,16184,426,565.48089398385,-908942,1345491
35059,Union,NM,New Mexico,mean,11.4,21.645970295,59.499877421,31.4,6.6,1,4549,66,165.390675241,-645509,1523091
35061,Valencia,NM,New Mexico,mean,11.4,18.376732737,51.681648186,33.6,5.5,25,12811,2119,3489.6759310545,-969384,1360975
36001,Albany,NY,New York,mean,8.1,17.89043899,94.463677711,26.7,8.2,307,29496,6882,5617.869859256,1783537,2401683
36003,Allegany,NY,New York,mean,8.7,20.019086453,44.416221801,30.9,8.1,19,38540,944,847.60834670945,1464895,2280558
36005,Bronx,NY,New York,mean,14.1,13.97229934,99.882728733,32.1,6.8,907,39,82246,50381.8987981727,1836792,2205332
36007,Broome,NY,New York,mean,9,19.67501521,81.342137979,36.7,7.6,163,52270,4262,3723.10610390795,1656714,2311990
36009,Cattaraugus,NY,New York,mean,9.2,20.261429357,57.007865839,32,7.7,35,49598,1740,1977.3785749739,1403239,2274937
36011,Cayuga,NY,New York,mean,8.5,20.586452293,78.095163152,33,8.4,19,44640,1657,1626.8460271284,1559499,2401584
36013,Chautauqua,NY,New York,mean,9.1,21.142365958,76.399257385,33.2,7.4,70,59173,2939,2850.50457941165,1344217,2272261
36015,Chemung,NY,New York,mean,9,19.827804203,81.801112326,33,7.5,67,21478,1815,1582.0053930588,1564597,2287896
36017,Chenango,NY,New York,mean,8.6,21.587124224,56.342651419,29.1,8.2,15,42104,952,907.0014519207,1658639,2339247
36019,Clinton,NY,New York,mean,8.9,18.243379064,67.41354909,31.1,8.1,60,52690,1630,1583.15509768675,1754789,2629715
36021,Columbia,NY,New York,mean,8.2,25.43138334,64.317037518,31,8.1,24,46248,1153,1326.0294703579,1811253,2352161
36023,Cortland,NY,New York,mean,8.3,17.108246421,76.540836164,29.1,8,18,21843,1122,892.49824561405,1610378,2351997
36025,Delaware,NY,New York,mean,8.5,25.965568525,58.070777286,31.7,7.9,14,37599,872,926.00818042565,1696055,2322285
36027,Dutchess,NY,New York,mean,7.9,18.513220604,80.377208012,28.5,8.5,203,75560,6328,5304.86216789325,1814714,2301486
36029,Erie,NY,New York,mean,8.8,18.741893986,97.057541321,29.2,7.8,734,86425,23765,15117.0913960121,1379517,2331709
36031,Essex,NY,New York,mean,8,24.855103574,100,29.2,8.6,15,29471,789,699.6718288803,1768002,2566885
36033,Franklin,NY,New York,mean,10,17.749072825,57.281043003,36.3,7.3,29,32340,903,1215.9206962704,1702090,2604644
36035,Fulton,NY,New York,mean,8.6,20.443934031,87.589078089,31.1,7.7,17,27973,1232,1144.7836684948,1730175,2441109
36037,Genesee,NY,New York,mean,8.2,19.61177467,64.583476057,28.6,8.5,17,35979,1244,1080.931079954,1428841,2367175
36039,Greene,NY,New York,mean,8.4,23.000474237,81.646533559,31.8,8.5,17,36001,1003,943.29436669935,1769518,2350098
36041,Hamilton,NY,New York,mean,8.5,33.111935925,100,29.4,7.4,1,4836,98,140.71403812825,1717809,2500340
36043,Herkimer,NY,New York,mean,8.4,21.500909288,70.473403282,30.8,7.9,17,33427,1596,1324.33128012855,1680515,2447067
36045,Jefferson,NY,New York,mean,9.1,14.585321811,55.371355626,32.6,7.5,60,55847,2201,2266.63133426315,1572838,2507385
36047,Kings,NY,New York,mean,10.8,15.148584731,100,24.8,7.7,1819,37,120784,80186.2763400691,1828559,2180885
36049,Lewis,NY,New York,mean,8.6,19.606367365,45.335189226,31.3,8.1,17,23525,579,551.1319577735,1621477,2503399
36051,Livingston,NY,New York,mean,8,19.15456819,79.873532361,30.1,8.5,26,35739,1288,1171.58251226085,1472803,2341056
36053,Madison,NY,New York,mean,7.8,19.808448373,69.980592802,28.8,8.3,50,43291,1457,1212.80448522695,1609975,2414743
36055,Monroe,NY,New York,mean,8.5,18.274273002,95.220971159,33.7,7.8,815,48010,18619,13449.8054372145,1466364,2399165
36057,Montgomery,NY,New York,mean,9.8,19.112958554,62.062908827,34,6.2,26,20559,1239,1092.3034377171,1734754,2419217
36059,Nassau,NY,New York,mean,7.2,18.39360935,99.227453728,23.9,9.6,1948,2575,31632,23271.6013681311,1853348,2201580
36061,New York,NY,New York,mean,8,18.322049419,100,19,8,2243,0,67611,30734.3747484769,1823325,2188125
36063,Niagara,NY,New York,mean,8.3,20.195792169,88.764541582,30.5,7.8,84,48577,5453,3782.31028750245,1381338,2380483
36065,Oneida,NY,New York,mean,8.4,19.379087522,85.83995692,32.2,7.8,173,77472,5065,4542.1296429316,1649909,2428139
36067,Onondaga,NY,New York,mean,8.8,18.070687775,97.024024377,30,7.9,448,58787,10777,8741.40784927455,1603836,2413993
36069,Ontario,NY,New York,mean,7.4,21.451807871,79.390528019,30.2,8.5,87,51233,2340,1928.27823844615,1508392,2360591
36071,Orange,NY,New York,mean,9.3,14.477226377,86.419725399,28.7,8.3,267,83289,8658,8605.6903712043,1779071,2256516
36073,Orleans,NY,New York,mean,9.2,19.360055734,71.851374464,33.6,8,3,26107,876,767.5462654773,1424878,2398276
36075,Oswego,NY,New York,mean,8.8,17.519827579,61.98170602,32.6,7.9,48,75408,2854,2364.07417863915,1579946,2442758
36077,Otsego,NY,New York,mean,8.4,22.073877811,52.93725651,31.8,7.5,75,43934,1191,1134.24502668605,1693185,2384279
36079,Putnam,NY,New York,mean,7.1,18.596838752,97.725969611,26.4,8.8,50,20490,2098,1717.1500927737,1834860,2272642
36081,Queens,NY,New York,mean,11,17.357579522,98.92461496,24.7,8.3,1449,0,108504,89562.8253804733,1834163,2189389
36083,Rensselaer,NY,New York,mean,7.8,18.131209746,73.472351517,26.8,8.3,74,48645,3529,2440.44643997445,1809965,2418805
36085,Richmond,NY,New York,mean,8.7,16.994938135,99.033377913,28.4,8.7,430,0,19219,8676.20100890145,1814037,2167631
36087,Rockland,NY,New York,mean,9.1,15.671511996,95.994135885,28.5,8.4,288,2236,6765,6999.59461423795,1814390,2232147
36089,St. Lawrence,NY,New York,mean,9.2,18.185856679,47.529606931,36.1,7.3,57,69396,2189,2141.76206709535,1633600,2601266
36091,Saratoga,NY,New York,mean,6.6,19.348750205,86.996250674,26.3,8.9,162,65798,4513,3501.38983394085,1781797,2435972
36093,Schenectady,NY,New York,mean,8.4,17.684342364,89.885550515,27.1,8.3,126,12620,3775,2743.19420429075,1765187,2413496
36095,Schoharie,NY,New York,mean,8,23.185882195,36.895066299,34.1,8.5,9,27131,659,586.0793475378,1742763,2383954
36097,Schuyler,NY,New York,mean,8.6,22.538305543,48.161805788,32,8.1,11,14886,397,333.9443297449,1554586,2319151
36099,Seneca,NY,New York,mean,8.7,20.33661838,63.772401964,33.7,8.2,9,20677,708,785.668657623,1547878,2361776
36101,Steuben,NY,New York,mean,8.5,20.280156647,50.081210463,31.6,7.9,49,59761,2059,2280.56033324375,1522449,2296065
36103,Suffolk,NY,New York,mean,7.6,17.629839669,95.087750341,27.6,9,1086,38844,35366,29513.94737499,1955291,2264557
36105,Sullivan,NY,New York,mean,9.1,19.195298599,52.921499796,32.9,8.2,28,57513,1768,1907.2492022048,1730141,2272305
36107,Tioga,NY,New York,mean,8.2,21.492288454,56.636054071,29.9,8.6,14,33568,969,848.2602190756,1605257,2301651
36109,Tompkins,NY,New York,mean,7.8,15.741427512,88.823529412,26.9,8.1,82,44021,1821,1664.2593493835,1583814,2326104
36111,Ulster,NY,New York,mean,8.1,20.751458041,79.387520553,28.5,7.9,114,84020,4024,4189.6155116985,1785716,2306291
36113,Warren,NY,New York,mean,7.3,23.478313877,97.626907221,28.4,8.1,76,22294,1514,1278.6277853289,1766179,2504152
36115,Washington,NY,New York,mean,8.2,20.618150797,63.622720303,32.6,8.4,21,42923,1255,1199.1353464605,1801359,2503550
36117,Wayne,NY,New York,mean,8,20.03673438,66.693688858,30.8,8.5,22,56917,1911,2192.0829683253,1519995,2410045
36119,Westchester,NY,New York,mean,8.1,17.788244254,99.56832398,21.3,9.1,1339,31069,23100,22028.3206576305,1837723,2218580
36121,Wyoming,NY,New York,mean,8.3,19.191919192,64.298931682,31.7,8.5,11,27014,801,695.41614950145,1439144,2322623
36123,Yates,NY,New York,mean,8.5,21.545524723,44.453862921,29.8,8.7,13,18054,438,733.02095973525,1526792,2340629
37001,Alamance,NC,North Carolina,mean,10.6,17.150054349,81.635212788,35.9,7,67,43160,3887,9723.236704901,1470769,1584423
37003,Alexander,NC,North Carolina,mean,9.7,20.636393407,47.256064098,33.7,7.3,9,27072,730,1763.7386851725,1324474,1536361
37005,Alleghany,NC,North Carolina,mean,10.8,28.446013214,36.93056576,34.2,7.1,13,11155,195,675.5185185185,1315716,1605097
37007,Anson,NC,North Carolina,mean,13.4,19.673617407,37.016549535,40,7.4,10,21157,642,1118.40294812,1435814,1445628
37009,Ashe,NC,North Carolina,mean,9.3,26.917749242,57.474508033,33.7,6.9,14,23152,501,1358.4066843825,1269802,1595201
37011,Avery,NC,North Carolina,mean,9.4,22.592924317,100,33.6,7.9,5,15801,291,917.640887934,1248782,1544462
37013,Beaufort,NC,North Carolina,mean,10.8,25.044976163,62.59965959,35.9,7,20,31330,935,2364.8594368165,1708102,1556696
37015,Bertie,NC,North Carolina,mean,14.9,24.638674664,35.630645701,43.2,5,3,17716,425,703.1957373835,1692398,1617111
37017,Bladen,NC,North Carolina,mean,12.6,23.49534293,46.534486253,39.7,6.8,7,32105,826,1898.2638603695,1583041,1426623
37019,Brunswick,NC,North Carolina,mean,8.9,33.280865375,78.164207384,31.4,7.3,65,46153,3247,5770.3717773725,1621240,1372136
37021,Buncombe,NC,North Carolina,mean,8.4,21.039354188,74.831138756,29.7,7,370,57386,5705,14662.74300682,1205882,1485363
37023,Burke,NC,North Carolina,mean,10.3,21.205099816,59.791024323,32.7,6.5,57,38776,1783,5177.528870378,1275163,1508891
37025,Cabarrus,NC,North Carolina,mean,9.3,13.45307379,60.679173088,30.9,7.9,185,34273,4809,10996.789581808,1374194,1488501
37027,Caldwell,NC,North Carolina,mean,10,20.788436921,79.784754253,34.4,6.2,37,28585,1733,4582.672866795,1291591,1531810
37029,Camden,NC,North Carolina,mean,9.2,16.465159206,31.511347175,31,8.6,2,9935,178,621.2646411275,1751887,1664862
37031,Carteret,NC,North Carolina,mean,8.5,26.270407493,83.557899713,31.7,7.5,48,21671,1282,2967.3553125865,1757004,1502003
37033,Caswell,NC,North Carolina,mean,11.3,23.232367703,39.743138635,36.5,7.6,4,23528,503,1102.9148264985,1468499,1622828
37035,Catawba,NC,North Carolina,mean,9.4,18.5032432,59.77336405,29.9,7.1,104,46763,3564,8682.76253946,1317708,1515311
37037,Chatham,NC,North Carolina,mean,8.8,25.283416143,71.116208953,31.2,8.2,71,41864,1297,3426.589115961,1502575,1545359
37039,Cherokee,NC,North Carolina,mean,10.1,31.545925189,98.543824286,32.7,7.2,14,27444,526,1468.419256551,1070545,1417980
37041,Chowan,NC,North Carolina,mean,11.5,25.52106107,32.783775897,38,6.2,12,10003,272,544.458780636,1720849,1631109
37043,Clay,NC,North Carolina,mean,9.1,32.637722168,99.792587249,32.1,7.5,6,10587,195,623.0161626695,1106520,1407940
37045,Cleveland,NC,North Carolina,mean,11.1,18.703853167,65.032807806,37.4,7,46,54718,2535,5231.2676623745,1303537,1462328
37047,Columbus,NC,North Carolina,mean,12.7,20.582128883,39.264761077,41.6,7.1,18,46824,1406,3183.4676326685,1583219,1391275
37049,Craven,NC,North Carolina,mean,10.3,20.325009436,73.142374901,33.8,7.2,71,28680,1904,4914.9850903035,1693301,1517264
37051,Cumberland,NC,North Carolina,mean,12.3,12.613708168,78.146435315,37.5,6.2,254,42702,8620,16171.947449359,1557787,1470771
37053,Currituck,NC,North Carolina,mean,8.3,17.283242842,76.387900356,31.8,8.7,9,23150,583,1436.486608077,1771301,1674409
37055,Dare,NC,North Carolina,mean,7.8,23.367524983,70.76527157,28.3,7.5,19,9823,1169,1962.3202427455,1802378,1610086
37057,Davidson,NC,North Carolina,mean,9.7,18.760878356,59.106730598,34.1,7,44,77179,3588,9835.261496631,1402913,1543685
37059,Davie,NC,North Carolina,mean,8.9,21.657133669,66.831335456,32,7.3,20,28987,861,2256.702812202,1376382,1548210
37061,Duplin,NC,North Carolina,mean,12.7,19.699062146,30.499846043,39.4,7.4,13,50586,1063,4847.1112464075,1629250,1485627
37063,Durham,NC,North Carolina,mean,10.4,14.338629855,89.742729341,35.6,7.7,403,15059,7167,17863.73424672,1519358,1586079
37065,Edgecombe,NC,North Carolina,mean,14.2,21.0963833,67.871165644,40.1,6.5,17,25622,1729,2171.2221752455,1631919,1592644
37067,Forsyth,NC,North Carolina,mean,10.1,16.707952574,78.024517107,33.2,6.7,445,25762,8998,18566.582617815,1392437,1571335
37069,Franklin,NC,North Carolina,mean,10.7,17.389788433,61.52129847,35.5,8.2,6,51719,1509,4178.3016595475,1565318,1600987
37071,Gaston,NC,North Carolina,mean,9.9,16.437519493,75.877302659,32.1,6.8,127,40491,5657,11917.939936636,1333062,1462269
37073,Gates,NC,North Carolina,mean,11.2,21.898514374,26.942164535,38.6,7.4,0,12197,214,472.3395838095,1703671,1670160
37075,Graham,NC,North Carolina,mean,9.6,24.804177546,100,33.4,7.3,2,8861,208,584.1298825025,1089890,1438959
37077,Granville,NC,North Carolina,mean,10.8,17.912109186,47.847258657,34.5,7.7,30,32804,1177,3028.5611498295,1534385,1628316
37079,Greene,NC,North Carolina,mean,13.2,17.632365186,25.299496357,38.7,7.8,3,21362,384,1495.2832213835,1628503,1542595
37081,Guilford,NC,North Carolina,mean,10.2,15.902361682,90.877130754,35.8,7.4,430,62000,14296,25635.452790178,1429541,1575766
37083,Halifax,NC,North Carolina,mean,14.8,21.873964203,51.637119,43.2,6.5,23,29919,1432,2542.5138312585,1632272,1629058
37085,Harnett,NC,North Carolina,mean,11,13.307003221,57.304893388,41,7.4,37,64129,2799,7167.2724453865,1536728,1510627
37087,Haywood,NC,North Carolina,mean,9.1,25.056021512,82.79727488,34.1,7.6,47,32730,1225,2982.385854988,1158358,1482048
37089,Henderson,NC,North Carolina,mean,8.3,26.579017196,83.22769842,34.4,7.5,104,35513,2158,6469.9992747315,1214033,1452278
37091,Hertford,NC,North Carolina,mean,14.3,21.571576276,52.018374165,41.4,6.6,16,16932,556,946.676528535,1683196,1655631
37093,Hoke,NC,North Carolina,mean,12.6,10.970742177,62.240313352,40,7,11,20260,1280,3716.210460112,1512786,1467575
37095,Hyde,NC,North Carolina,mean,12.2,24.023957409,52.473305731,36.8,4.3,1,5810,115,283.7468193385,1767449,1567163
37097,Iredell,NC,North Carolina,mean,9.4,16.206346891,71.46973909,31.2,7.9,135,60446,4131,9757.312675199,1343834,1523928
37099,Jackson,NC,North Carolina,mean,10,20.479152269,98.74736134,35,7.5,35,29434,877,3134.603476152,1160307,1436838
37101,Johnston,NC,North Carolina,mean,10.3,13.748543072,68.611891722,34.6,8.2,58,87879,4273,11544.294530338,1575061,1530907
37103,Jones,NC,North Carolina,mean,12.6,24.451647758,48.408198866,40.7,7.3,5,10153,176,587.0148660585,1667468,1500297
37105,Lee,NC,North Carolina,mean,11,17.13648695,74.801295726,34.1,7,38,24746,1366,3920.795597171,1504174,1515306
37107,Lenoir,NC,North Carolina,mean,12.8,20.867912112,64.117775117,40.6,6,27,26776,1332,2856.2294067635,1644446,1519798
37109,Lincoln,NC,North Carolina,mean,9,18.806735809,62.306185923,32.3,7.5,42,42696,1784,4456.266546499,1317907,1491539
37111,McDowell,NC,North Carolina,mean,10,21.43032851,71.714747185,34,7.6,12,31633,897,2308.124737342,1247470,1507008
37113,Macon,NC,North Carolina,mean,9.5,29.099669897,100,32.6,7.4,23,27141,644,2003.9335426685,1112970,1431294
37115,Madison,NC,North Carolina,mean,9.1,22.746721235,90.015571179,32.2,7.2,12,18816,411,1002.282326227,1181455,1519979
37117,Martin,NC,North Carolina,mean,12.8,25.153994668,55.349280559,38.1,7.3,9,19144,477,992.139859269,1676434,1600354
37119,Mecklenburg,NC,North Carolina,mean,9.7,11.875866543,89.575627397,29.2,8,1016,9798,30288,59625.609106149,1356069,1463271
37121,Mitchell,NC,North Carolina,mean,8.9,25.268996859,100,30.6,7.7,9,12875,305,710.4878813015,1221941,1543140
37123,Montgomery,NC,North Carolina,mean,11,21.575315916,83.072502039,35.1,7.3,6,21359,515,1647.1509846825,1440700,1492929
37125,Moore,NC,North Carolina,mean,8.5,23.653455037,78.223550292,30.5,7.7,113,44704,1836,4733.5727314765,1492262,1492936
37127,Nash,NC,North Carolina,mean,11.8,19.138228125,55.415394335,38.4,7.5,47,45584,2659,4850.130027103,1604399,1590194
37129,New Hanover,NC,North Carolina,mean,8.8,18.878865417,95.089099786,27.7,7.1,214,4489,5197,11620.7952243125,1647714,1393407
37131,Northampton,NC,North Carolina,mean,13.7,28.285364003,20.296491328,40.5,7.8,1,19749,447,745.233447046,1629759,1649804
37133,Onslow,NC,North Carolina,mean,10.4,9.8864959255,55.802733458,33.7,6.5,66,46841,3338,8815.6184791205,1677957,1464138
37135,Orange,NC,North Carolina,mean,8.3,15.6665592,83.349249475,27.2,8.5,282,38176,2738,5105.34356852125,1492398,1589260
37137,Pamlico,NC,North Carolina,mean,10.5,30.581659106,57.608341479,33.9,7.6,4,13144,227,589.203861864,1736225,1527361
37139,Pasquotank,NC,North Carolina,mean,10.8,17.84375689,41.835929797,38.5,7.3,25,16801,876,2019.0864833905,1748396,1654260
37141,Pender,NC,North Carolina,mean,9.5,18.406431585,62.081623839,30.9,7.6,20,35902,1225,3195.700548222,1646394,1426474
37143,Perquimans,NC,North Carolina,mean,10.2,27.814166032,22.214532872,34.4,8.1,2,13453,256,575.939356049,1736426,1643805
37145,Person,NC,North Carolina,mean,10.6,20.875610192,44.31286288,36.7,7.4,15,29804,913,1893.0861151425,1503454,1632308
37147,Pitt,NC,North Carolina,mean,11.1,14.289448158,78.477822877,35.8,7,208,42770,4398,9138.673903638,1663560,1551770
37149,Polk,NC,North Carolina,mean,8.5,31.776556777,61.18067053,32.2,8,13,18925,422,1000.5656425575,1241106,1448662
37151,Randolph,NC,North Carolina,mean,10.3,18.172237071,53.087652857,35.7,6.9,67,79725,2976,8774.5476733675,1438631,1541791
37153,Richmond,NC,North Carolina,mean,12.4,18.198202416,39.852372747,36.7,6.2,11,21235,1189,2577.459870541,1461534,1453226
37155,Robeson,NC,North Carolina,mean,15.3,15.955745822,42.289539174,44.2,6.5,56,84007,3643,10456.3459000945,1516989,1420151
37157,Rockingham,NC,North Carolina,mean,11,21.155742555,70.924080091,35.9,6.7,30,58007,2135,4699.166714024,1430601,1612080
37159,Rowan,NC,North Carolina,mean,10.6,17.997300034,69.878468085,36.4,7,56,53741,3239,7211.94090068,1381664,1515489
37161,Rutherford,NC,North Carolina,mean,10.4,22.196760908,37.731984359,32.7,6.8,30,41392,1556,3474.323369672,1255710,1467424
37163,Sampson,NC,North Carolina,mean,12.5,18.426852009,43.971475032,35.5,7.7,27,53893,1251,4463.456469287,1578335,1473304
37165,Scotland,NC,North Carolina,mean,14.5,18.613959739,63.603909405,38.6,5.7,19,17497,1055,1807.6408741175,1487553,1435184
37167,Stanly,NC,North Carolina,mean,9.7,19.246353961,76.72468962,38.4,8,23,41024,1284,3133.8979297505,1408541,1476348
37169,Stokes,NC,North Carolina,mean,9.5,22.5394474,54.685534591,36.1,7.6,10,35881,886,2412.8486521875,1393316,1615449
37171,Surry,NC,North Carolina,mean,10.4,20.959354621,47.544107961,32.2,7.3,35,50691,1393,4102.8543671885,1350232,1601596
37173,Swain,NC,North Carolina,mean,11.6,18.937464629,97.350711908,35.9,7.4,9,13981,308,1401.0982492815,1115934,1466688
37175,Transylvania,NC,North Carolina,mean,8.7,31.285994271,84.951191415,28.8,7.8,24,19734,577,1777.7665642825,1189288,1430721
37177,Tyrrell,NC,North Carolina,mean,12.7,21.573448064,88.351309707,38.7,7.1,0,4407,90,238.2976045475,1759344,1614017
37179,Union,NC,North Carolina,mean,8.6,13.194444444,73.610697243,30,8.3,163,54931,4802,11382.395062548,1391082,1437566
37181,Vance,NC,North Carolina,mean,13.4,19.367073604,66.177368594,39.8,7.1,16,24564,1323,2478.6965174855,1550651,1626542
37183,Wake,NC,North Carolina,mean,8.6,12.560293652,89.566764948,28.1,8.3,977,54973,23646,46363.2351218292,1541792,1562829
37185,Warren,NC,North Carolina,mean,13.8,26.87879757,28.993670207,41.9,7.4,1,20972,496,1146.1911674815,1578564,1646365
37187,Washington,NC,North Carolina,mean,13.7,26.689313257,63.182768336,42.4,6.9,4,8963,296,527.9558058925,1726088,1610916
37189,Watauga,NC,North Carolina,mean,9.4,17.44477634,86.499278926,31.4,7.7,46,28316,1039,2745.14684466,1263155,1572508
37191,Wayne,NC,North Carolina,mean,12.2,17.119013994,55.801863073,38.9,6.9,58,56902,2535,7305.4695761645,1617195,1527601
37193,Wilkes,NC,North Carolina,mean,10,22.560252864,65.333717352,37.4,7.4,26,50473,1279,3790.343777299,1311323,1573206
37195,Wilson,NC,North Carolina,mean,13,18.951371078,68.13820065,41.5,7.4,33,31406,2251,4798.5603597915,1615071,1562657
37197,Yadkin,NC,North Carolina,mean,10,20.70337707,51.862202397,33.1,7.5,12,32521,722,2272.695182442,1365118,1571890
37199,Yancey,NC,North Carolina,mean,9.3,26.422135736,100,33.4,7.7,11,17818,343,969.3665671185,1213908,1523355
38001,Adams,ND,North Dakota,mean,8.9,29.210890632,2.6363636364,34,8.9,9,2343,33,70.24437299035,-496336,2580234
38003,Barnes,ND,North Dakota,mean,8.2,23.144549324,60.7205381,35.8,9.2,12,4377,162,335.8710443038,-157000,2669904
38005,Benson,ND,North Dakota,mean,14.2,14.787398864,55.415828303,41.6,6.2,1,6660,114,296.4897295447,-235892,2798557
38007,Billings,ND,North Dakota,mean,8.1,24.397905759,27.513227513,32.4,7.9,0,783,13,39,-562410,2696263
38009,Bottineau,ND,North Dakota,mean,8.4,24.287949922,62.07869572,36.6,8.6,3,6429,142,224.3020126887,-356641,2887051
38011,Bowman,ND,North Dakota,mean,8.1,23.424044092,61.643835616,33.8,10,0,3151,39,144.0104529615,-571142,2585006
38013,Burke,ND,North Dakota,mean,8.1,21.640407785,25.170377101,32.8,8.4,0,1968,45,79.5045045045,-479124,2891850
38015,Burleigh,ND,North Dakota,mean,7.6,17.17627081,81.490584818,31.9,9.5,107,15081,1616,2569.3281452659,-351923,2688116
38017,Cass,ND,North Dakota,mean,8.6,12.824690987,86.698821298,33.9,9.4,186,15629,3103,5663.1231930449,-79490,2674590
38019,Cavalier,ND,North Dakota,mean,8.4,27.225559803,67.14362851,33.2,8.9,0,3993,58,98.03271028035,-190389,2872950
38021,Dickey,ND,North Dakota,mean,7.8,21.768429651,45.569113823,33.9,10,4,5289,61,160.85205784205,-186191,2571341
38023,Divide,ND,North Dakota,mean,9.2,24.908592322,52.756264237,34.9,9.2,0,2071,35,77.83117265765,-586354,2909195
38025,Dunn,ND,North Dakota,mean,9,17.298636927,35.433455433,35.3,8.6,0,3536,102,184.79233226835,-498234,2741570
38027,Eddy,ND,North Dakota,mean,9.1,22.464698331,63.442692799,37.6,8.5,0,2385,47,88.554479419,-222632,2756031
38029,Emmons,ND,North Dakota,mean,8.7,27.942525222,1.5449863678,34.4,8.3,2,3550,69,110.6861184792,-329640,2581812
38031,Foster,ND,North Dakota,mean,8.6,23.097502973,69.443626729,36.2,9.3,2,3343,42,129.10708402,-227782,2730893
38033,Golden Valley,ND,North Dakota,mean,8.4,27.457627119,0,36.1,6.7,0,1680,23,61.1849087894,-608495,2696559
38035,Grand Forks,ND,North Dakota,mean,8.9,13.732205488,88.011480115,34.5,8.5,86,11212,1188,2097.65566243605,-98617,2786159
38037,Grant,ND,North Dakota,mean,8.9,29.961256995,27.335940895,36,8.3,0,2394,33,65.53014416775,-434063,2619161
38039,Griggs,ND,North Dakota,mean,7.8,30.074528715,45.663486557,33.8,9.6,1,2420,29,69.82628797885,-175628,2727768
38041,Hettinger,ND,North Dakota,mean,8.8,23.374485597,0,35.9,6.9,0,2477,45,102.968311834,-499053,2627881
38043,Kidder,ND,North Dakota,mean,9.4,27.184466019,17.46031746,36.5,5.9,0,2435,68,70.78745053705,-295777,2686024
38045,LaMoure,ND,North Dakota,mean,8.6,27.668470241,49.425849011,35.6,7.8,1,4139,46,153.6366309235,-193624,2616239
38047,Logan,ND,North Dakota,mean,8.5,26.181625066,2.4520255864,33.2,7.5,0,1990,26,45.0859662013,-271026,2624282
38049,McHenry,ND,North Dakota,mean,8.6,21.546961326,27.782974743,36.9,8.1,0,5395,136,158.4965034965,-349048,2822895
38051,McIntosh,ND,North Dakota,mean,9.4,29.844807004,33.913043478,36,9.2,2,2809,38,77.39759036145,-267111,2567184
38053,McKenzie,ND,North Dakota,mean,9.2,9.7981040596,29.699401523,34.9,7.8,3,6360,476,795.626780627,-573462,2789909
38055,McLean,ND,North Dakota,mean,8.6,24.683544304,27.847712619,35.4,8.7,2,8962,173,328.04226340915,-408290,2744702
38057,Mercer,ND,North Dakota,mean,8.8,21.819055629,79.065868263,35.6,9.5,7,5475,172,226.4355261131,-435855,2724542
38059,Morton,ND,North Dakota,mean,8.6,17.053940674,73.175933435,35.8,9.5,12,8751,653,1015.896353906,-400383,2646076
38061,Mountrail,ND,North Dakota,mean,10.5,11.581035923,74.197165868,36.6,9.2,4,7673,227,706.9068191445,-478796,2815562
38063,Nelson,ND,North Dakota,mean,8.7,25.802226588,36.053067993,34.6,6.7,0,3126,52,100.2394540943,-171592,2782644
38065,Oliver,ND,North Dakota,mean,8.6,23.651895355,45.604688332,35.4,7.8,0,1846,33,63.03556771545,-394051,2703028
38067,Pembina,ND,North Dakota,mean,8.7,24.855918428,62.025131502,36.5,8.9,2,7413,161,260.638777152,-102949,2877544
38069,Pierce,ND,North Dakota,mean,8.7,24.209461169,67.894736842,34.5,9.1,2,1533,57,89.06049822065,-296446,2812999
38071,Ramsey,ND,North Dakota,mean,9.2,20.039751123,79.974149074,33.8,8.3,11,4007,187,442.9925909039,-208194,2807797
38073,Ransom,ND,North Dakota,mean,8.7,21.303964758,65.15868841,37.4,9.5,1,5457,69,184.49662752935,-138074,2612854
38075,Renville,ND,North Dakota,mean,7.9,21.932921447,36.765994741,35.5,8.8,0,2470,41,82.3746494672,-416047,2877165
38077,Richland,ND,North Dakota,mean,8.9,19.43236715,57.129892915,36.2,9.2,9,8487,238,558.5117680593,-58860,2582929
38079,Rolette,ND,North Dakota,mean,16,12.08499336,65.643718717,49.1,7.1,7,13937,509,876.804317222,-283735,2885902
38081,Sargent,ND,North Dakota,mean,8.1,22.695220684,65.251165199,32.6,9.9,0,3829,64,122.45395395395,-120038,2565051
38083,Sheridan,ND,North Dakota,mean,8.7,33.832807571,37.628458498,34.4,6.9,0,1321,35,54.3223289315,-324289,2746188
38085,Sioux,ND,North Dakota,mean,18.4,8.7479935795,19.214982042,47,5.4,0,4153,43,224.145994832,-409432,2576675
38087,Slope,ND,North Dakota,mean,8.5,26.52173913,1.1331444759,32.7,8,0,727,10,24.24771480805,-578565,2637924
38089,Stark,ND,North Dakota,mean,8.6,13.814077347,62.078701777,27.9,8.8,19,6613,823,1214.35643564355,-492787,2679038
38091,Steele,ND,North Dakota,mean,8.1,26.187845304,33.592880979,33.8,8.8,0,1975,28,42.35198555955,-131600,2722495
38093,Stutsman,ND,North Dakota,mean,8.5,19.790507972,78.752373454,33.6,8.7,18,5816,312,543.0976260336,-221250,2687406
38095,Towner,ND,North Dakota,mean,9.3,26.214953271,56.567992599,37.1,9,0,2246,37,98.94629156,-240951,2863025
38097,Traill,ND,North Dakota,mean,8,20.004998126,56.508690759,32.6,10,3,8121,135,263.7119785749,-75578,2730052
38099,Walsh,ND,North Dakota,mean,9.4,21.511128092,67.963646691,33.2,9.2,4,6900,242,480.3580246915,-102967,2829378
38101,Ward,ND,North Dakota,mean,8.3,13.426763765,75.478768289,36.5,8.9,51,13504,1360,2211.39165080035,-429190,2845599
38103,Wells,ND,North Dakota,mean,8.4,28.425096031,0,33.9,8.7,5,4207,80,119.88996579245,-273946,2749500
38105,Williams,ND,North Dakota,mean,8.6,9.8716349652,79.562881563,35.4,8.9,19,7271,1404,1738.92893689595,-581949,2849219
39001,Adams,OH,Ohio,mean,11.7,18.502650497,23.532408924,41.7,6,12,25417,692,1042.2169811321,1069479,1819574
39003,Allen,OH,Ohio,mean,11.2,18.233500541,85.283642839,39.1,7.7,71,27530,2720,3284.2194635621,987599,2044871
39005,Ashland,OH,Ohio,mean,10.2,19.531309733,61.82622457,37.3,8.2,22,32913,1143,1858.5117173241,1142410,2074841
39007,Ashtabula,OH,Ohio,mean,11.5,20.020136228,70.650993092,41.7,6.6,29,47063,2378,3717.518655203,1252635,2206470
39009,Athens,OH,Ohio,mean,11.8,14.261312363,71.746408034,40.3,6.3,45,27956,1426,2207.21475971315,1184475,1906355
39011,Auglaize,OH,Ohio,mean,9.5,18.965778808,78.557580458,37.1,8.5,17,17983,900,1355.68121545455,983328,2016358
39013,Belmont,OH,Ohio,mean,10.2,21.652568756,59.792171075,39.1,7.3,26,38484,1705,1893.3837046781,1275153,1998593
39015,Brown,OH,Ohio,mean,10.6,18.81269754,42.306987819,37.6,7.4,10,34334,1035,1407.54105842045,1038910,1828843
39017,Butler,OH,Ohio,mean,10,15.475586443,89.820087766,35.9,7.6,209,34394,8779,12101.3415493853,966031,1890996
39019,Carroll,OH,Ohio,mean,10.5,22.172267806,36.076494143,38.1,7.8,7,20460,720,1156.066845696,1244198,2060200
39021,Champaign,OH,Ohio,mean,9.8,18.736918267,57.260939195,40.8,8.2,7,28398,853,1241.49451258875,1033169,1979608
39023,Clark,OH,Ohio,mean,11.6,19.809338435,85.806722009,36.7,7.1,58,32654,3323,4176.5406143477,1020895,1944566
39025,Clermont,OH,Ohio,mean,9.5,17.683479455,77.51640692,37,7.6,138,44834,4630,7206.725009239,1009000,1842980
39027,Clinton,OH,Ohio,mean,10.6,17.974478621,49.005188253,38.6,6.6,27,22970,982,1413.2442315802,1033065,1892608
39029,Columbiana,OH,Ohio,mean,10.8,21.355246274,74.749943559,38.4,7.2,33,47304,2630,3648.80137031425,1277269,2078339
39031,Coshocton,OH,Ohio,mean,11.3,19.889125567,43.106085436,39.6,7.4,12,22683,804,1581.503177596,1179488,2013981
39033,Crawford,OH,Ohio,mean,10.6,21.341667864,82.560380726,37.9,6.4,15,15440,1050,1433.9834399699,1088606,2062593
39035,Cuyahoga,OH,Ohio,mean,11.3,19.012523742,98.032205449,34.9,7.4,1431,7447,38716,36122.2568454502,1180459,2153226
39037,Darke,OH,Ohio,mean,10.2,19.977905692,54.559472639,38.3,8,24,35113,1005,1909.21527605845,950055,1962765
39039,Defiance,OH,Ohio,mean,10.3,19.47619547,66.875620331,35.8,8,21,17118,825,1238.65740553645,942248,2098311
39041,Delaware,OH,Ohio,mean,8.3,14.586844251,93.998337412,31.6,8.9,303,33641,4121,4613.50540637465,1093984,2000847
39043,Erie,OH,Ohio,mean,10,22.945278683,85.691994393,38.2,7.4,60,20409,2361,2157.3522771994,1098782,2141518
39045,Fairfield,OH,Ohio,mean,9.5,16.110366066,85.52614192,39,8.1,93,50734,3464,5235.98829125505,1130195,1948088
39047,Fayette,OH,Ohio,mean,11.6,18.238428008,64.443369832,44.6,7.3,9,13862,657,1041.5373003719,1065970,1910197
39049,Franklin,OH,Ohio,mean,11.2,12.685804752,93.259364847,36.1,7.6,1374,15753,35100,52976.7268194266,1094708,1969134
39051,Fulton,OH,Ohio,mean,9.8,18.996466431,56.711071571,36.5,8,14,23979,1019,1453.8011869436,975558,2139762
39053,Gallia,OH,Ohio,mean,11.3,19.531517937,48.381245722,40.6,6.9,26,25165,684,1053.5209671163,1176961,1838250
39055,Geauga,OH,Ohio,mean,8.6,21.474389159,83.020430412,34.6,8.7,67,59740,1957,3666.506152584,1225053,2163433
39057,Greene,OH,Ohio,mean,9.3,17.955371351,85.937630235,34.5,7.9,159,24090,3550,4441.85505279945,1024466,1931291
39059,Guernsey,OH,Ohio,mean,10.8,20.257528665,47.658567043,38.2,6.3,14,24621,998,1602.746994679,1219773,1988288
39061,Hamilton,OH,Ohio,mean,11.2,16.096564864,96.882640955,36.1,7.5,914,17908,20176,22317.8720947804,970234,1858937
39063,Hancock,OH,Ohio,mean,9.7,18.093656237,74.25654031,35.1,8.1,39,23265,1691,2420.4784326638,1027546,2074500
39065,Hardin,OH,Ohio,mean,10.4,16.194768296,56.421032056,37.2,7.7,9,17753,705,1300.818144499,1036193,2032210
39067,Harrison,OH,Ohio,mean,10.7,22.131657111,29.676172064,41.1,7.2,5,13343,406,576.4782229965,1245893,2021979
39069,Henry,OH,Ohio,mean,9.8,19.391386448,36.77969778,38.1,8.5,9,19491,657,897.6647245269,981906,2106598
39071,Highland,OH,Ohio,mean,11.2,18.867924528,42.91848466,40,7.2,12,31821,988,1777.6320284905,1060178,1875934
39073,Hocking,OH,Ohio,mean,10.3,19.75655764,74.916221034,37.6,7.4,15,20813,619,969.3423480178,1145850,1922137
39075,Holmes,OH,Ohio,mean,11,14.12662917,38.070687199,36.9,8.8,10,39398,592,5279.220505618,1173731,2047214
39077,Huron,OH,Ohio,mean,10.6,18.051296109,62.96764279,43.8,7.6,33,29994,1617,1993.74499114515,1109195,2096643
39079,Jackson,OH,Ohio,mean,11.7,17.867798591,51.6797844,40.6,7.3,13,21457,778,1140.827215961,1140077,1862617
39081,Jefferson,OH,Ohio,mean,11.2,22.229082097,67.421722938,39.4,6.5,22,27174,1766,1763.64902968985,1281170,2040002
39083,Knox,OH,Ohio,mean,9.4,18.830786842,68.699478644,40.4,7.8,23,33933,1256,2136.48861004675,1135918,2018390
39085,Lake,OH,Ohio,mean,9.5,21.070324925,90.76796086,37,7.7,94,15020,6243,7110.955453149,1206717,2180370
39087,Lawrence,OH,Ohio,mean,10.9,19.308904169,57.32657967,40.3,6.8,26,28675,1187,1869.48577044695,1156455,1816907
39089,Licking,OH,Ohio,mean,10.1,17.121856309,79.652585999,37.3,7.7,71,59151,3739,5455.27133330105,1140795,1985777
39091,Logan,OH,Ohio,mean,10,19.055066797,60.010834236,34.3,8.1,21,26100,930,1377.27812620345,1023388,2005080
39093,Lorain,OH,Ohio,mean,10.5,19.248403809,94.015286103,38.7,7.5,166,35373,8701,9186.75888760175,1148202,2130450
39095,Lucas,OH,Ohio,mean,11.8,17.081439266,95.622787105,37.8,6.9,388,20589,12762,13111.3056401576,1030934,2150485
39097,Madison,OH,Ohio,mean,10.1,16.106429955,66.541164659,39.6,7.8,15,21060,801,1222.201734666,1057186,1951897
39099,Mahoning,OH,Ohio,mean,11.4,21.84184299,89.114839861,36.2,6.2,247,36202,6264,7093.22774603705,1267383,2112342
39101,Marion,OH,Ohio,mean,11.5,18.457367784,83.125506816,40.2,6.6,17,20117,1315,1809.81093057605,1071756,2033132
39103,Medina,OH,Ohio,mean,8.6,19.055993708,92.733600044,36.2,8.5,115,51345,4128,4527.08609551615,1162832,2113447
39105,Meigs,OH,Ohio,mean,11.7,20.95786657,43.075191355,41.4,5.7,3,19324,580,824.14779945555,1200905,1872453
39107,Mercer,OH,Ohio,mean,9.1,18.988867617,69.824586155,33.9,8.8,19,25043,714,1254.25243810955,947378,2013854
39109,Miami,OH,Ohio,mean,9.4,19.151779177,88.616765036,34.6,8.2,52,31570,2280,2961.926807515,999025,1951565
39111,Monroe,OH,Ohio,mean,10.8,23.715207442,65.864774001,38.8,7.3,2,14298,389,519.555517343,1266111,1959137
39113,Montgomery,OH,Ohio,mean,11.5,18.315541953,92.593275006,40.3,6.9,523,23179,13831,17381.6678059029,996644,1936489
39115,Morgan,OH,Ohio,mean,11.7,22.30668031,13.041588176,40,6.7,1,12267,422,519.7070651677,1201604,1939300
39117,Morrow,OH,Ohio,mean,9.6,18.474581093,26.766809728,38.8,8.5,6,30940,762,1381.82092217205,1102076,2032069
39119,Muskingum,OH,Ohio,mean,11,18.418433478,66.395093161,38.1,6.8,50,40483,2075,2747.9999416918,1181813,1972705
39121,Noble,OH,Ohio,mean,10.8,28.703442438,57.846262841,37.2,6.3,1,9157,314,407.16883192205,1226221,1960281
39123,Ottawa,OH,Ohio,mean,9.4,26.376421305,58.537310475,33.2,7.5,20,20485,1259,1235.70982463335,1083650,2154790
39125,Paulding,OH,Ohio,mean,10,19.225266282,44.267786877,37.9,7.7,4,16064,373,663.93898499025,945037,2079710
39127,Perry,OH,Ohio,mean,10.3,17.645234067,79.131834614,36.7,7.5,9,27131,888,1293.36313170635,1164031,1952345
39129,Pickaway,OH,Ohio,mean,10.3,16.080427418,70.523924221,39.5,7.9,25,27774,1188,1562.47146451715,1103912,1925929
39131,Pike,OH,Ohio,mean,12,18.350622024,28.839338452,40.9,7,8,21313,687,952.28184281845,1100363,1860411
39133,Portage,OH,Ohio,mean,9.4,17.662056139,85.802671348,35.1,7.5,68,52967,4002,5256.12688684065,1220071,2122475
39135,Preble,OH,Ohio,mean,9.8,19.869332224,33.613014952,37.4,8.2,6,29261,875,1206.7246888352,949323,1924803
39137,Putnam,OH,Ohio,mean,9.2,18.386852381,53.867812255,34.8,8.6,17,29207,637,1084.4536755827,979247,2068463
39139,Richland,OH,Ohio,mean,11.2,20.020767603,76.596017161,39.3,6.5,60,39900,2862,4015.46908077995,1125876,2061795
39141,Ross,OH,Ohio,mean,11,17.605441469,66.459989882,37.9,7.1,45,45801,1699,2339.54023803755,1103433,1898657
39143,Sandusky,OH,Ohio,mean,10.5,19.776888359,79.246468351,35.7,7.9,19,26903,1580,2015.85710262965,1062812,2122894
39145,Scioto,OH,Ohio,mean,12.3,18.77402994,75.168900659,46.7,6.6,41,43150,1811,2279.97152230055,1120275,1829519
39147,Seneca,OH,Ohio,mean,10.4,18.919608057,72.483611469,37.6,7.3,19,26959,1262,1724.5586445236,1061521,2087297
39149,Shelby,OH,Ohio,mean,9.8,17.385413844,60.866680489,38.6,8,20,25261,994,1444.64643959715,986097,1991910
39151,Stark,OH,Ohio,mean,10.4,20.120160285,75.458913227,38.8,7.3,300,50817,9502,10946.8020158363,1222989,2085391
39153,Summit,OH,Ohio,mean,10.3,18.91234355,95.36830068,34.1,7.5,532,21003,14410,15180.0314389162,1199866,2119562
39155,Trumbull,OH,Ohio,mean,11.4,22.111903047,73.33953866,41.7,6.4,93,57359,5345,6873.62216539935,1271864,2145919
39157,Tuscarawas,OH,Ohio,mean,10,20.011891892,71.981385973,36,7.9,34,38496,2055,4024.0515645505,1214509,2036763
39159,Union,OH,Ohio,mean,8.6,13.042742146,75.917431193,35.2,8.4,34,26125,1053,1383.2397939945,1061969,1996345
39161,Van Wert,OH,Ohio,mean,10,19.852429347,59.683384605,39.2,7.9,14,14581,575,903.55052460935,949801,2044895
39163,Vinton,OH,Ohio,mean,12.3,18.6357908,29.90625,38.6,7,2,13435,341,488.65787700895,1158118,1893254
39165,Warren,OH,Ohio,mean,8.3,15.206466764,84.332149032,35.9,8.5,217,36724,4838,5230.1073749682,1004399,1894923
39167,Washington,OH,Ohio,mean,9.9,21.873685273,73.057168192,37.6,7.5,42,34943,1477,1764.40103924305,1236035,1924672
39169,Wayne,OH,Ohio,mean,9.8,18.69848342,67.553510018,39.9,8.1,57,58406,2168,5514.0486262105,1165276,2079146
39171,Williams,OH,Ohio,mean,10.1,19.969495588,56.767829228,40.1,7.2,15,23951,795,1178.13482196315,934595,2123793
39173,Wood,OH,Ohio,mean,9.7,16.070565855,67.619926199,39.7,7.7,90,37077,2965,3721.05568095955,1022961,2121618
39175,Wyandot,OH,Ohio,mean,9.8,20.402616547,49.214611872,39.1,8.4,5,12985,453,695.0277453952,1056973,2056081
40001,Adair,OK,Oklahoma,mean,15.5,15.72061399,15.763016158,44.9,6.4,6,18894,311,2144.345744681,131052,1434755
40003,Alfalfa,OK,Oklahoma,mean,10.1,20.105078809,31.724864011,36,7.1,2,5642,63,311.4424630815,-200386,1545167
40005,Atoka,OK,Oklahoma,mean,12,19.938564647,28.643145019,42.6,5.9,2,14182,237,1221.095244943,2475,1272219
40007,Beaver,OK,Oklahoma,mean,10.4,19.738955823,1.5052485641,37.4,8,0,5636,45,496.791879407,-402264,1528161
40009,Beckham,OK,Oklahoma,mean,11.6,15.281683752,79.660865685,38.1,6.9,13,7223,420,1484.5239129105,-331596,1365011
40011,Blaine,OK,Oklahoma,mean,11.3,20.065405279,61.224957069,39.8,5.9,5,6859,130,645.458372062,-221746,1431776
40013,Bryan,OK,Oklahoma,mean,11.3,17.471605987,47.652332472,38.7,6.6,19,26014,722,4297.7903347595,-24144,1205964
40015,Caddo,OK,Oklahoma,mean,12.9,17.069933252,42.70922249,42.6,6.8,6,23671,445,2252.1425016965,-219504,1360115
40017,Canadian,OK,Oklahoma,mean,9.6,13.48547333,76.299342638,34.9,8,55,26006,2515,9021.84037605,-165168,1379633
40019,Carter,OK,Oklahoma,mean,11,17.148122839,47.117888465,41.3,6.9,25,26669,941,4102.344043075,-114172,1251236
40021,Cherokee,OK,Oklahoma,mean,13.2,17.231822286,58.906495603,39.4,6,29,28215,823,4892.189029873,82642,1435819
40023,Choctaw,OK,Oklahoma,mean,13.5,20.807996086,28.132920304,40,4.7,7,10177,307,1276.561096058,50083,1213457
40025,Cimarron,OK,Oklahoma,mean,10.7,25.3113879,0.2177700348,38.4,6.7,0,2475,27,185.6430395915,-582058,1559037
40027,Cleveland,OK,Oklahoma,mean,9.9,14.509890893,81.987493571,31,7.9,151,43181,4642,17814.955203885,-129295,1361027
40029,Coal,OK,Oklahoma,mean,12.8,21.057619409,45.822255982,40.4,5.9,1,5925,104,522.0107102595,-25895,1286097
40031,Comanche,OK,Oklahoma,mean,12.3,13.175163645,70.205159959,39.3,6.7,86,27041,1939,7923.834825048,-219627,1290701
40033,Cotton,OK,Oklahoma,mean,11.4,20.273722628,48.525420662,41,6.7,0,3687,110,430.7882327015,-216923,1248659
40035,Craig,OK,Oklahoma,mean,12.7,19.390719093,42.57460835,43.5,6.2,6,9027,208,1081.861098335,71996,1546891
40037,Creek,OK,Oklahoma,mean,10.6,18.339835344,50.705187167,36.3,7.6,16,37743,1319,5231.9642152235,-26717,1439429
40039,Custer,OK,Oklahoma,mean,11.4,14.263395235,84.151088977,37.8,6.7,17,8330,493,2570.5232998835,-268886,1406669
40041,Delaware,OK,Oklahoma,mean,12.2,25.13902439,54.858034012,40.2,6.7,18,33653,626,3828.2916949885,119973,1490306
40043,Dewey,OK,Oklahoma,mean,10.7,18.768394838,23.126672614,38.6,5.8,2,4810,74,382.0439405585,-277066,1451653
40045,Ellis,OK,Oklahoma,mean,10.4,23.205741627,37.129901307,39.7,6.7,2,4151,59,302.551546392,-336198,1464989
40047,Garfield,OK,Oklahoma,mean,10.6,16.626295902,69.046558254,37.9,7.6,28,12971,925,4338.199190259,-153462,1493048
40049,Garvin,OK,Oklahoma,mean,11.3,17.88094869,39.760679763,40.3,7.5,9,18945,476,2390.1047776095,-123406,1292555
40051,Grady,OK,Oklahoma,mean,9.7,17.150680983,46.787115613,38.3,7.6,16,33496,927,3639.4304245285,-165499,1355458
40053,Grant,OK,Oklahoma,mean,9.7,21.907528443,0,35.2,6.6,0,4527,69,298.600237248,-153348,1550574
40055,Greer,OK,Oklahoma,mean,11.7,17.477674503,58.058641413,42.4,6.9,1,3285,95,279.6083916085,-323046,1330968
40057,Harmon,OK,Oklahoma,mean,12.3,21.009098428,79.581993569,40.7,8.2,1,2922,30,227.267605634,-352735,1304319
40059,Harper,OK,Oklahoma,mean,11.2,19.65408805,0,38.9,6,0,3685,44,369.491252624,-322129,1556337
40061,Haskell,OK,Oklahoma,mean,12.4,20.530942941,36.476083384,40.9,5.4,3,9926,221,1017.529865605,77750,1359761
40063,Hughes,OK,Oklahoma,mean,13.2,18.515479299,30.665070696,42.4,6.6,3,8235,268,890.4396228435,-27225,1335421
40065,Jackson,OK,Oklahoma,mean,11.8,15.32066029,48.872301795,37.8,7.3,16,6546,304,1927.1843434345,-312576,1281782
40067,Jefferson,OK,Oklahoma,mean,12.1,20.908422214,36.930860034,39.8,6,1,6472,98,468.5724956065,-166620,1219464
40069,Johnston,OK,Oklahoma,mean,11.8,19.337928356,40.673676012,38.9,5.9,3,10957,168,772.4908148845,-59047,1256514
40071,Kay,OK,Oklahoma,mean,11.3,19.388548431,67.645308924,40.9,6.2,15,11396,799,3100.073296739,-91281,1549515
40073,Kingfisher,OK,Oklahoma,mean,10,16.370691923,59.167544784,36.8,8.5,7,10890,228,1419.7622975865,-178038,1448795
40075,Kiowa,OK,Oklahoma,mean,12.1,19.881093936,67.316958515,39.8,5.5,3,5824,121,560.622610997,-275540,1323294
40077,Latimer,OK,Oklahoma,mean,12.4,21.608146812,45.732740364,41.3,6.5,2,8175,225,722.8012645025,77178,1324622
40079,Le Flore,OK,Oklahoma,mean,12.5,17.891327667,31.324149681,45,6.4,14,36728,896,4843.229450928,129092,1338192
40081,Lincoln,OK,Oklahoma,mean,10.7,19.078305596,51.330025704,43.3,6.9,8,31569,561,2525.943291643,-75654,1410090
40083,Logan,OK,Oklahoma,mean,9.8,17.11899381,57.532035113,38.1,7,2,23173,740,3394.123500344,-121517,1445534
40085,Love,OK,Oklahoma,mean,11.8,18.480814409,27.153558052,40.7,7.6,4,9423,158,861.296430732,-115652,1204721
40087,McClain,OK,Oklahoma,mean,9.4,15.631032264,54.870145456,35,8.4,20,26627,633,2877.1758855545,-121103,1341316
40089,McCurtain,OK,Oklahoma,mean,13.3,18.05141821,46.300382943,42,5.8,14,22958,693,3103.6904230785,125054,1212027
40091,McIntosh,OK,Oklahoma,mean,12.8,25.424785659,51.037432026,38.9,6.3,3,17680,432,1566.7302944625,20024,1371365
40093,Major,OK,Oklahoma,mean,9.8,21.335419927,0.3212541763,38.5,8.1,4,7527,115,650.1512325115,-229308,1484077
40095,Marshall,OK,Oklahoma,mean,11.9,21.918686674,59.156217346,36.6,6.4,4,11421,256,1686.203051465,-68581,1212659
40097,Mayes,OK,Oklahoma,mean,12.5,18.6521617,46.724376377,38.4,7.1,14,31934,725,3568.6056992965,68139,1472016
40099,Murray,OK,Oklahoma,mean,11.3,19.930018953,57.08429229,39.1,7.1,4,6164,237,1169.934665227,-92659,1274512
40101,Muskogee,OK,Oklahoma,mean,12.8,16.93828803,67.966053151,41,7,30,29189,1252,5138.132252127,51450,1403080
40103,Noble,OK,Oklahoma,mean,10,20.323790359,46.191871109,38.3,7.3,4,6509,141,703.3560939795,-98979,1484747
40105,Nowata,OK,Oklahoma,mean,12,19.413092551,48.100858369,40.3,6.8,1,6104,163,768.888133498,32228,1549778
40107,Okfuskee,OK,Oklahoma,mean,14.3,17.674377065,34.889478338,44.1,6.4,0,9039,215,892.539817975,-26360,1381760
40109,Oklahoma,OK,Oklahoma,mean,11.3,14.318254391,93.774896646,36.5,7.4,685,45097,15819,58931.7317394125,-123744,1386653
40111,Okmulgee,OK,Oklahoma,mean,12.6,18.662975328,61.019996731,43.7,5.9,14,19454,799,2779.21797005,5911,1404264
40113,Osage,OK,Oklahoma,mean,11.7,21.030324216,45.789864245,42.1,6.5,9,28233,855,3131.228406105,-43745,1522471
40115,Ottawa,OK,Oklahoma,mean,12.6,18.058668425,55.846128446,40,6.6,16,15704,461,2733.0695404635,112688,1549293
40117,Pawnee,OK,Oklahoma,mean,10.7,19.693793279,34.456374976,39.4,7.8,5,13449,300,1227.2665855145,-55226,1478916
40119,Payne,OK,Oklahoma,mean,11,13.201770969,74.08813659,37.4,6.7,39,26093,1229,6159.615083956,-92083,1456574
40121,Pittsburg,OK,Oklahoma,mean,11.4,19.943620654,50.421492701,36.8,6,18,23797,857,3304.9339744945,28457,1326708
40123,Pontotoc,OK,Oklahoma,mean,10.9,16.526478526,59.411532904,40,7.2,27,20092,639,3271.982756404,-64764,1308066
40125,Pottawatomie,OK,Oklahoma,mean,10.9,16.664155905,51.606536561,39.1,7,23,35187,1263,5249.465169193,-78856,1354978
40127,Pushmataha,OK,Oklahoma,mean,12.6,23.134535368,31.483536811,41.8,6.2,2,11572,200,940.5444391635,58241,1270333
40129,Roger Mills,OK,Oklahoma,mean,10.8,22.415829888,0,37.3,6.1,2,3647,52,252.3320638375,-332589,1425542
40131,Rogers,OK,Oklahoma,mean,9.7,17.014323388,59.826753465,35.4,8,36,43709,1578,5468.9831366585,30768,1478999
40133,Seminole,OK,Oklahoma,mean,13.3,18.220392922,55.811682798,41.4,5.8,9,16480,463,2150.0269099905,-52027,1353049
40135,Sequoyah,OK,Oklahoma,mean,13,18.457021363,42.318169089,40.3,6.4,13,28243,718,3797.1886045275,120775,1385543
40137,Stephens,OK,Oklahoma,mean,10.6,20.459551578,67.968166542,41,6.9,17,19517,844,3234.016852606,-175583,1283438
40139,Texas,OK,Oklahoma,mean,13.3,12.235801582,61.7003367,42.8,7.2,8,9302,210,2242.725174991,-482643,1545437
40141,Tillman,OK,Oklahoma,mean,13,19.827586207,52.999425947,42,5.8,2,4093,124,578.4181951575,-267020,1259085
40143,Tulsa,OK,Oklahoma,mean,10.4,15.064248326,92.103143831,36.7,7.3,717,28839,13075,48463.7578509785,259,1456091
40145,Wagoner,OK,Oklahoma,mean,10.3,16.905413444,40.605821119,36.1,7.4,27,27384,1370,6025.170432765,32862,1447117
40147,Washington,OK,Oklahoma,mean,10.2,19.646782385,68.925745877,35.8,6.9,22,12174,846,3736.39596907,9989,1540047
40149,Washita,OK,Oklahoma,mean,10.2,19.441136051,50.622482607,37.8,6.5,2,8753,214,784.9804420785,-260488,1361906
40151,Woods,OK,Oklahoma,mean,10.3,17.557963416,53.849721707,35.5,7.6,6,3258,99,516.1189068245,-258525,1544791
40153,Woodward,OK,Oklahoma,mean,10.4,16.278148973,55.300439668,39.6,7.5,7,8737,365,1557.022675737,-290656,1505821
41001,Baker,OR,Oregon,mean,8.6,26.924675016,74.604031677,28,6.7,12,6616,384,513.96577263565,-1685596,2610475
41003,Benton,OR,Oregon,mean,8.2,17.561473489,93.11859136,28.5,8,113,16058,1873,2295.6784654632,-2141322,2712480
41005,Clackamas,OR,Oregon,mean,7.6,19.118562398,91.823227757,25.8,8.8,381,67974,10797,10667.0816534123,-2031145,2764579
41007,Clatsop,OR,Oregon,mean,8.4,24.161683808,85.296552396,28.5,7.9,28,14435,1168,1388.595869031,-2117388,2892901
41009,Columbia,OR,Oregon,mean,8.2,19.940083657,60.944303942,30.2,8.6,17,21523,1418,1487.52410353835,-2062912,2853467
41011,Coos,OR,Oregon,mean,9.2,27.389652148,74.683115403,34,7.5,57,24179,1696,2271.4591930508,-2240614,2589320
41013,Crook,OR,Oregon,mean,8.5,25.214654804,65.959252971,29.8,7.9,8,10073,736,742.5092290988,-1923019,2608582
41015,Curry,OR,Oregon,mean,8.6,35.540260947,91.051778555,28.9,8,14,8662,612,607.08232347165,-2276497,2508657
41017,Deschutes,OR,Oregon,mean,7.8,20.559469924,94.072725255,27.5,8.3,201,43603,5429,6688.18432568125,-1984084,2592852
41019,Douglas,OR,Oregon,mean,8.6,26.345353552,49.976169279,31,7.3,72,44335,2787,3229.0265691134,-2176331,2585506
41021,Gilliam,OR,Oregon,mean,9.2,28.877805486,39.69924812,30.9,6.4,1,1871,45,73.37544483985,-1878145,2749594
41023,Grant,OR,Oregon,mean,8.9,31.408140814,61.454444905,31.1,6.4,7,7445,217,253.163439517,-1784244,2616252
41025,Harney,OR,Oregon,mean,8.8,25.056105611,73.729152769,30.2,7.5,4,3291,193,231.2637114951,-1849235,2462542
41027,Hood River,OR,Oregon,mean,8.4,17.026229372,91.31250782,27.6,9.4,50,11659,652,1394.2179433805,-1978511,2790681
41029,Jackson,OR,Oregon,mean,8.4,22.726988299,87.303087446,26.8,7.9,210,40748,5843,7305.8558538404,-2159452,2463845
41031,Jefferson,OR,Oregon,mean,9.9,19.734322642,60.186923516,34.4,7.9,14,13710,677,1077.6927406935,-1966872,2668186
41033,Josephine,OR,Oregon,mean,9.4,26.49582324,68.579861505,30.4,7.2,70,37191,2280,2680.28441057335,-2225990,2481387
41035,Klamath,OR,Oregon,mean,10,21.947152386,73.699451111,30.5,6.5,75,24946,2008,2542.90283197465,-2075405,2453259
41037,Lake,OR,Oregon,mean,9.7,26.498308362,21.556372549,31.6,6.3,4,5000,204,255.15181058495,-1962195,2458988
41039,Lane,OR,Oregon,mean,8.6,20.501893322,90.199519024,30.1,7.6,316,61631,10055,12208.1096167187,-2140272,2647143
41041,Lincoln,OR,Oregon,mean,8.8,30.952380952,86.949102093,32.4,7.2,26,17304,1439,1711.96726320385,-2182915,2735034
41043,Linn,OR,Oregon,mean,8.8,19.153721147,80.738667289,33.3,7.3,76,36913,3401,4472.2852347384,-2089648,2698569
41045,Malheur,OR,Oregon,mean,11.3,16.738712018,39.789680403,32.6,7.9,9,15161,554,1350.646004754,-1683897,2503017
41047,Marion,OR,Oregon,mean,9.7,16.258401298,89.603376503,35.5,8.2,237,41289,8515,14376.6055825155,-2055447,2731418
41049,Morrow,OR,Oregon,mean,11.6,16.662602617,55.276546857,36.9,8.8,4,5125,272,604.298714978,-1823093,2740875
41051,Multnomah,OR,Oregon,mean,8.5,14.348431683,99.539873539,25.7,8.3,1210,9870,25641,25041.1036690856,-2037283,2801197
41053,Polk,OR,Oregon,mean,8.6,18.5198062,86.833346677,35.5,8,53,15025,2032,3038.3437177872,-2122649,2742459
41055,Sherman,OR,Oregon,mean,8.5,25.904562139,5.4010695187,29.4,6.7,1,1765,41,63.96026986505,-1909848,2748688
41057,Tillamook,OR,Oregon,mean,8.4,27.400172985,63.442862359,32,8.3,17,17575,668,938.83536964175,-2147488,2816821
41059,Umatilla,OR,Oregon,mean,10.1,16.091163675,57.760849204,33.6,7.4,37,22058,1969,3437.6825896185,-1740776,2747619
41061,Union,OR,Oregon,mean,9,21.345185411,84.845014506,32.2,8.1,24,10839,680,830.1072050122,-1704426,2692651
41063,Wallowa,OR,Oregon,mean,7.9,29.648774023,58.503585442,29.6,7.5,11,7008,196,218.3407707911,-1629659,2710974
41065,Wasco,OR,Oregon,mean,9.2,21.073112325,70.731158605,29.4,7.4,26,8337,716,1162.676020408,-1955884,2745533
41067,Washington,OR,Oregon,mean,7.9,14.292348176,96.811976575,27.6,8.9,546,29611,14352,17332.3080711667,-2075286,2809330
41069,Wheeler,OR,Oregon,mean,9.2,36.733287388,16.60923501,31.5,3.3,0,1441,24,40.82464454975,-1879838,2658551
41071,Yamhill,OR,Oregon,mean,8.2,18.440672955,78.275561167,30.8,8.5,64,22421,2624,3565.75782464195,-2100605,2782884
42001,Adams,PA,Pennsylvania,mean,8.6,21.502588186,71.269691484,33.5,8.7,54,54431,2396,3102.99427731805,1583682,2033460
42003,Allegheny,PA,Pennsylvania,mean,8.7,19.705110291,92.902242003,32.9,8.1,1385,30416,38469,27230.8778651288,1346642,2051331
42005,Armstrong,PA,Pennsylvania,mean,9.1,23.183752477,76.844931206,39.8,8.1,28,46526,2365,1851.79684418145,1371140,2101845
42007,Beaver,PA,Pennsylvania,mean,8.9,22.314312464,81.575959338,34.5,7.6,71,44046,5885,4014.23885658915,1298856,2072848
42009,Bedford,PA,Pennsylvania,mean,9.4,23.592001854,57.737982639,34,7.9,14,41698,1406,1663.11964847775,1469945,2042528
42011,Berks,PA,Pennsylvania,mean,9.9,17.725729139,86.861575986,37.3,8.4,269,97660,13889,15646.6675817618,1675492,2121474
42013,Blair,PA,Pennsylvania,mean,9.4,21.427808848,74.152839068,31.5,7.8,95,29778,3536,3761.06315903315,1472957,2086840
42015,Bradford,PA,Pennsylvania,mean,9.6,22.088091899,62.482698818,36.1,8.1,67,45197,1558,1960.7368660401,1584344,2263154
42017,Bucks,PA,Pennsylvania,mean,7.5,19.818510505,92.743349966,25.5,8.9,523,55207,18159,16039.677910682,1748902,2123750
42019,Butler,PA,Pennsylvania,mean,8.2,20.064548342,82.764511284,32.8,8.7,131,77156,5490,4110.77106970845,1337546,2106430
42021,Cambria,PA,Pennsylvania,mean,9.4,23.470306506,81.196805322,33.2,7.5,100,45986,3908,3003.7246797352,1439812,2075658
42023,Cameron,PA,Pennsylvania,mean,10.6,29.401211034,86.210688366,36.2,7,2,2408,154,129.13223140495,1465901,2191634
42025,Carbon,PA,Pennsylvania,mean,9.3,21.939399499,65.682867689,31.2,8.2,24,30773,2155,2113.27789046655,1679738,2178979
42027,Centre,PA,Pennsylvania,mean,9.2,15.596056549,76.301115242,31.2,8.8,130,49612,3483,5482.1138748968,1501479,2141999
42029,Chester,PA,Pennsylvania,mean,7.9,17.20099731,89.394531944,29.9,9,437,66235,12030,12798.4586476075,1703010,2071173
42031,Clarion,PA,Pennsylvania,mean,9.8,20.502745182,51.599044064,36.5,7.7,18,30615,1075,1437.99546817265,1365286,2152584
42033,Clearfield,PA,Pennsylvania,mean,9.9,21.220748733,61.263374792,33.9,7.6,36,43964,2491,2272.52773339015,1458576,2137415
42035,Clinton,PA,Pennsylvania,mean,9.7,19.252635793,49.570093458,35.4,7.8,14,17928,1150,1552.370781836,1511229,2176717
42037,Columbia,PA,Pennsylvania,mean,9.1,20.068750771,77.110015913,34.7,8.2,33,27491,1947,1911.4391623988,1617860,2181681
42039,Crawford,PA,Pennsylvania,mean,9.4,21.606219481,75.554575997,32.1,7.9,53,56544,2517,3036.4035148731,1300419,2188491
42041,Cumberland,PA,Pennsylvania,mean,8.3,18.839642628,86.316284412,32.1,8.6,230,52208,6077,7362.217897545,1573126,2071328
42043,Dauphin,PA,Pennsylvania,mean,9.7,17.682324287,86.970715884,32,7.9,305,35720,9113,9991.4271560609,1610760,2124942
42045,Delaware,PA,Pennsylvania,mean,9.6,17.152595892,97.972886292,30,8.7,595,2593,18598,14750.2736410516,1728935,2069811
42047,Elk,PA,Pennsylvania,mean,8.9,23.012701816,74.085188771,31.5,7.8,13,17786,1022,800.02589641435,1422759,2184765
42049,Erie,PA,Pennsylvania,mean,9.8,19.104794971,84.738404288,38.1,6.8,225,56168,9260,7457.126019187,1301992,2240024
42051,Fayette,PA,Pennsylvania,mean,10.1,22.182130449,63.996459737,34.5,7.1,45,65431,4850,3332.9649807472,1383248,2008060
42053,Forest,PA,Pennsylvania,mean,11.5,25.241751991,88.469812133,40.3,6.3,0,7716,145,107.54102826015,1377592,2182365
42055,Franklin,PA,Pennsylvania,mean,9.1,20.097383693,74.417694893,40,8.2,93,60374,3957,6696.9698164875,1536289,2029708
42057,Fulton,PA,Pennsylvania,mean,9.2,21.882531157,46.571860401,35.9,8.2,3,14845,448,464.6516408222,1498609,2012708
42059,Greene,PA,Pennsylvania,mean,9.7,20.229579575,65.606052178,36.4,7.6,15,25855,1148,894.97089741095,1323549,1988575
42061,Huntingdon,PA,Pennsylvania,mean,9.6,21.504249356,61.655175542,36.7,8.4,14,31525,1405,1202.969410051,1504728,2090670
42063,Indiana,PA,Pennsylvania,mean,9.6,20.454600294,65.45179348,35.5,8,42,53390,2629,3045.4113993571,1409764,2083473
42065,Jefferson,PA,Pennsylvania,mean,9.8,21.664324251,61.995414906,39,8.1,19,27780,1280,1506.53913569055,1405450,2153468
42067,Juniata,PA,Pennsylvania,mean,9.5,21.105721767,53.962312306,34.7,8.6,4,20264,624,1256.996103896,1553002,2106578
42069,Lackawanna,PA,Pennsylvania,mean,9.4,20.278397314,93.400526179,31.9,7.8,205,34965,7100,6557.09327136895,1672436,2229187
42071,Lancaster,PA,Pennsylvania,mean,9.2,18.827169413,84.647657075,33.8,8.5,399,110419,14010,30442.9859253205,1659265,2069752
42073,Lawrence,PA,Pennsylvania,mean,9.7,22.778577026,90.388056233,37.2,7.5,34,36733,3020,2659.6615734211,1291256,2116387
42075,Lebanon,PA,Pennsylvania,mean,9.7,19.865777425,86.862771104,36.3,8.4,84,35470,3965,5705.6609252635,1638352,2105280
42077,Lehigh,PA,Pennsylvania,mean,10.2,17.112736627,85.361106587,36.4,8.2,388,27700,13338,12449.1679784049,1699765,2142699
42079,Luzerne,PA,Pennsylvania,mean,10.5,19.905659509,81.840881589,35.5,7.7,249,64135,12948,9946.6058073894,1657325,2205527
42081,Lycoming,PA,Pennsylvania,mean,9.2,20.099467453,56.488422601,34.6,7.5,86,42121,3715,3725.85191898405,1576353,2197729
42083,McKean,PA,Pennsylvania,mean,10,20.127187602,81.962307083,36.7,7.9,24,27607,1171,1090.6783865182,1428506,2227119
42085,Mercer,PA,Pennsylvania,mean,9.2,22.58211181,85.182373568,33.5,7.3,68,51891,3415,3354.7788909748,1285565,2144551
42087,Mifflin,PA,Pennsylvania,mean,9.9,21.796427952,63.803827233,35.3,7.7,26,23559,1267,2158.082876364,1534255,2116889
42089,Monroe,PA,Pennsylvania,mean,10.2,18.45184997,80.717888396,32.3,8.1,72,65141,6295,6045.51056522065,1709430,2200214
42091,Montgomery,PA,Pennsylvania,mean,8,18.347436258,96.408628538,28,9,1143,23466,22600,16807.4923287294,1730229,2098175
42093,Montour,PA,Pennsylvania,mean,8.8,21.988168298,49.619541244,32.2,8.4,104,9822,392,454.7903366856,1601336,2174849
42095,Northampton,PA,Pennsylvania,mean,9.2,19.783629013,88.386041265,31.3,8.5,255,38016,9638,7556.69477399515,1721862,2171804
42097,Northumberland,PA,Pennsylvania,mean,9.5,21.930401245,58.449267297,36.7,8.1,41,32953,2855,2637.42655325115,1591885,2150180
42099,Perry,PA,Pennsylvania,mean,9,19.75166355,46.141093321,33.6,8.8,11,40682,1127,2435.0916616905,1573071,2094695
42101,Philadelphia,PA,Pennsylvania,mean,13,14.424542792,100,30.5,7.6,1191,0,66071,54683.2832814233,1750599,2089734
42103,Pike,PA,Pennsylvania,mean,9.2,23.480451027,52.951225762,34.8,8.4,18,40595,1848,1602.80279680365,1734705,2232759
42105,Potter,PA,Pennsylvania,mean,9.8,25.093794206,27.970236643,36.4,8.2,7,17457,487,549.9941506014,1483008,2237606
42107,Schuylkill,PA,Pennsylvania,mean,9.7,20.729562207,77.577613265,36.4,8.1,75,54068,4421,4422.20850082875,1615828,2129439
42109,Snyder,PA,Pennsylvania,mean,9.1,19.832916888,63.695389571,37.9,8.5,15,26529,1008,1899.885310582,1586402,2143920
42111,Somerset,PA,Pennsylvania,mean,9.5,23.126027137,65.464258253,35.4,7.9,28,55043,2198,2272.404140047,1420487,2032375
42113,Sullivan,PA,Pennsylvania,mean,9.2,29.584185412,37.619863014,34.7,7.4,0,6428,189,219.257985258,1609778,2216709
42115,Susquehanna,PA,Pennsylvania,mean,9.3,24.603402016,42.00967893,34.9,8,15,36432,1091,1410.20428757905,1646791,2278782
42117,Tioga,PA,Pennsylvania,mean,9.3,23.00813604,54.591302229,34.8,7.4,19,37829,1254,1316.39766709125,1548443,2255711
42119,Union,PA,Pennsylvania,mean,9.7,18.713587671,77.891801973,35.3,7.8,42,19244,910,1798.352807714,1564337,2157355
42121,Venango,PA,Pennsylvania,mean,9.5,24.131923585,67.834066675,35.4,8,28,30107,1495,1552.1388161061,1344527,2171387
42123,Warren,PA,Pennsylvania,mean,9.3,24.128074684,76.849716226,35,8.1,18,23016,1212,1046.1037748894,1367017,2218224
42125,Washington,PA,Pennsylvania,mean,8.5,21.349596601,82.325208145,32.5,7.7,167,64060,6959,4605.39479973835,1324066,2024522
42127,Wayne,PA,Pennsylvania,mean,9.5,24.827438704,48.943407292,31.1,8.4,22,46533,1481,1453.64711604485,1694449,2273409
42129,Westmoreland,PA,Pennsylvania,mean,8.6,23.651988206,89.353273389,34.8,7.9,258,92620,11081,6932.1648950694,1388728,2052278
42131,Wyoming,PA,Pennsylvania,mean,8.9,22.443727433,58.475584027,34.6,8.7,13,23598,836,724.6120434848,1634299,2235465
42133,York,PA,Pennsylvania,mean,9.1,18.25326578,77.275774585,33.6,8.4,322,107527,12733,13391.7159264698,1622857,2042748
44001,Bristol,RI,Rhode Island,mean,7.6,20.638356488,99.497962318,25.3,8.1,98,570,1257,572.555137947,2015181,2348298
44003,Kent,RI,Rhode Island,mean,8,19.789122221,92.136203284,31.5,8.3,143,13270,4880,2195.153475049,2002443,2343725
44005,Newport,RI,Rhode Island,mean,7.2,23.63365547,92.905433018,24.9,8.6,71,10023,2215,1137.40401931685,2017534,2332653
44007,Providence,RI,Rhode Island,mean,10.1,15.984145143,97.446351899,33,8.1,642,34522,20294,13717.6892842367,1994609,2364810
44009,Washington,RI,Rhode Island,mean,7.5,22.327554521,90.471275965,24.7,8.5,111,39139,3418,1437.0404343907,2003042,2300062
45001,Abbeville,SC,South Carolina,mean,11.8,22.922754023,46.375797489,38.5,7.6,13,19972,437,1384.273322792,1226280,1324883
45003,Aiken,SC,South Carolina,mean,11.2,20.432613482,71.753115966,37.3,8,56,59235,2490,7933.4215686275,1316217,1280514
45005,Allendale,SC,South Carolina,mean,17.2,21.82489183,55.143674586,46,7.5,4,7112,190,318.885671305,1350367,1209807
45007,Anderson,SC,South Carolina,mean,10.7,18.394165523,64.239782444,40.2,7.5,137,70969,3343,11404.0169065765,1203330,1355634
45009,Bamberg,SC,South Carolina,mean,14,23.458943059,63.180827887,42.6,6.8,5,8714,350,623.435798477,1369349,1247332
45011,Barnwell,SC,South Carolina,mean,14,19.421768707,59.308368546,41,7.6,5,18672,493,1148.629473487,1335789,1235995
45013,Beaufort,SC,South Carolina,mean,9.1,28.455577112,86.017839106,29.1,8,137,31873,2629,9179.890619953,1429102,1149821
45015,Berkeley,SC,South Carolina,mean,11.1,14.770533289,67.974993583,37.9,8.2,77,51492,3884,11912.574744898,1479466,1251823
45017,Calhoun,SC,South Carolina,mean,12.1,24.129897635,16.856717898,39.8,8.5,3,15175,289,681.807778504,1390594,1296966
45019,Charleston,SC,South Carolina,mean,9.9,17.387125203,89.778926354,30,8.4,522,38106,7607,18861.6456611105,1499471,1220325
45021,Cherokee,SC,South Carolina,mean,11.9,17.358881039,58.090223424,39.4,7.7,20,33786,1256,3478.6230426285,1299837,1438664
45023,Chester,SC,South Carolina,mean,12.9,19.35483871,48.284511055,41.9,7.4,7,23789,789,1637.4949028355,1346549,1402500
45025,Chesterfield,SC,South Carolina,mean,13.4,19.309882592,55.963302752,42.8,7.8,13,34474,973,2679.028957529,1424590,1419453
45027,Clarendon,SC,South Carolina,mean,13.8,25.067689531,44.76624711,41.9,7.5,8,29973,606,1653.134188627,1442981,1306072
45029,Colleton,SC,South Carolina,mean,13.4,20.537153554,48.368044762,39.5,6.7,17,29390,708,2204.168808044,1434599,1191182
45031,Darlington,SC,South Carolina,mean,13.3,19.950601546,50.088228281,42.2,7.5,33,39673,1348,3104.122771651,1451670,1378882
45033,Dillon,SC,South Carolina,mean,15,17.513440382,31.673264527,43.6,7.5,11,22285,761,2098.785203867,1512346,1396622
45035,Dorchester,SC,South Carolina,mean,10.3,14.918537658,62.170979324,36.2,8.4,55,26605,2822,8670.2796260055,1443635,1233690
45037,Edgefield,SC,South Carolina,mean,12.8,20.016824074,56.405659274,40.9,7.7,9,19783,351,1279.189974239,1281217,1284621
45039,Fairfield,SC,South Carolina,mean,14.3,23.663605607,9.8481955318,41.5,7.5,9,18761,540,981.5563730055,1345607,1373457
45041,Florence,SC,South Carolina,mean,12.8,17.704975678,46.24942543,41.5,8,138,52726,2676,6905.3814042975,1483375,1358491
45043,Georgetown,SC,South Carolina,mean,10.9,29.880633907,69.809475743,35,7.6,41,24976,1238,3273.0725251025,1533469,1310457
45045,Greenville,SC,South Carolina,mean,9.9,16.501758974,86.232479725,32.7,8,589,56880,8715,26637.6393600025,1223506,1420407
45047,Greenwood,SC,South Carolina,mean,12.6,19.205384093,74.946287725,44.5,8,81,27692,1375,3808.0505091725,1262862,1326137
45049,Hampton,SC,South Carolina,mean,14.4,20.649064906,45.407036259,41.1,8.2,5,16550,285,935.3569529575,1374286,1180750
45051,Horry,SC,South Carolina,mean,10,26.099146833,79.66834649,34.8,7.5,220,81799,7538,20486.2474699705,1561543,1347271
45053,Jasper,SC,South Carolina,mean,13.2,22.678406543,63.488590184,40.6,8.3,7,16519,446,2277.9399570495,1394576,1137936
45055,Kershaw,SC,South Carolina,mean,11.2,19.074550129,36.69250646,40.3,7.6,43,35587,1084,3216.492981277,1400758,1362569
45057,Lancaster,SC,South Carolina,mean,10.2,21.510723967,63.186343943,36.2,8.2,47,38291,1870,4571.9557816475,1377367,1418258
45059,Laurens,SC,South Carolina,mean,12.4,18.745483238,52.337168155,35.1,7.5,34,42713,1280,3825.3261057275,1264400,1368300
45061,Lee,SC,South Carolina,mean,15.6,19.846437346,18.873631359,44.3,7.8,2,13829,367,689.0399717015,1433494,1353221
45063,Lexington,SC,South Carolina,mean,10,16.702039402,68.828297465,36.9,8.3,194,66322,4563,13593.927410851,1334904,1310774
45065,McCormick,SC,South Carolina,mean,12.8,35.74795082,69.777451186,44,8.5,4,10233,160,306.1500615005,1256833,1292256
45067,Marion,SC,South Carolina,mean,15.2,21.171484158,41.02731042,45.9,8.2,13,20086,859,1673.8553427195,1525963,1332659
45069,Marlboro,SC,South Carolina,mean,16.7,18.914411341,25.32718341,46.2,6.4,4,15927,686,1304.823474629,1478970,1418258
45071,Newberry,SC,South Carolina,mean,12.1,20.567954522,66.425408945,40.4,7.3,24,25449,634,2290.952764134,1311644,1346748
45073,Oconee,SC,South Carolina,mean,9.9,24.077370807,54.537127737,35.7,7.4,43,48219,1238,4553.1053675105,1162874,1377708
45075,Orangeburg,SC,South Carolina,mean,14.9,20.907162315,50.044524655,44.2,6.9,40,58995,2395,3816.1588697425,1394225,1266370
45077,Pickens,SC,South Carolina,mean,10.3,17.082485688,67.31682445,30.9,7.2,75,42673,1971,6215.3500992045,1193605,1412772
45079,Richland,SC,South Carolina,mean,11.7,13.66938636,81.568291974,37.9,7.2,355,34876,8090,19071.826322657,1379209,1336319
45081,Saluda,SC,South Carolina,mean,13.3,21.29004835,44.862686884,42,8.7,3,16005,264,1674.190874036,1302287,1318624
45083,Spartanburg,SC,South Carolina,mean,10.9,16.345306434,72.928410931,36.3,7.2,211,77992,6174,16918.9474256045,1259962,1422343
45085,Sumter,SC,South Carolina,mean,13.5,17.175776552,74.22410853,41.1,7.8,55,34349,1960,5895.096626451,1426171,1333638
45087,Union,SC,South Carolina,mean,13,20.924637252,62.967992953,39,7.5,11,18928,742,1278.2160973465,1308070,1392743
45089,Williamsburg,SC,South Carolina,mean,15.6,22.893977168,26.980596919,44.2,7.6,6,28205,683,1401.52784277,1501435,1314319
45091,York,SC,South Carolina,mean,10.1,15.008229526,71.895494346,35.1,8.4,137,51895,5396,13289.468737135,1337375,1444289
46003,Aurora,SD,South Dakota,mean,7.4,21.033478894,3.3491081179,33.4,8,0,2710,35,148.315992293,-201707,2314506
46005,Beadle,SD,South Dakota,mean,9,17.514774332,61.747349731,35.3,8.3,10,4761,262,1136.5690533655,-174716,2391570
46007,Bennett,SD,South Dakota,mean,13.1,13.30005872,2.0112392783,38.5,5.3,0,3431,45,290.629883482,-449465,2253209
46009,Bon Homme,SD,South Dakota,mean,9,20.173937839,65.51477938,37,6.2,4,7070,80,267.3150254055,-154987,2218347
46011,Brookings,SD,South Dakota,mean,7.8,13.031554029,85.803636364,33,7.5,20,9483,593,1230.39410773805,-42471,2382973
46013,Brown,SD,South Dakota,mean,7.9,17.920789481,84.713192867,32.1,8.4,25,10554,618,1785.2167180675,-176101,2537580
46015,Brule,SD,South Dakota,mean,8.2,19.095764975,53.706880122,34.6,7.2,7,5255,65,338.943364531,-254741,2322805
46017,Buffalo,SD,South Dakota,mean,17,9.2563702548,0,42.2,5.3,0,1912,38,184.8870056495,-264974,2355798
46019,Butte,SD,South Dakota,mean,8.2,20.304131599,81.0211852,33.8,7.4,2,4870,170,570.8338785895,-615790,2456667
46021,Campbell,SD,South Dakota,mean,7.1,30.869565217,2.7596223675,31.6,8.9,0,1466,26,42.47316821465,-319639,2561786
46023,Charles Mix,SD,South Dakota,mean,10.6,18.312779657,36.615811373,36.8,7.8,4,9129,141,683.7283486115,-209403,2250776
46025,Clark,SD,South Dakota,mean,8,22.256809339,0,34.9,7.9,0,3691,72,181.539229181,-134439,2431378
46027,Clay,SD,South Dakota,mean,8.4,12.382838284,85.494755128,34.6,7.5,7,3372,217,647.1581323855,-78445,2212564
46029,Codington,SD,South Dakota,mean,8.2,18.651282232,83.890556046,34.1,8.1,26,6116,485,1286.622366573,-86973,2455126
46031,Corson,SD,South Dakota,mean,15.3,12.319214876,2.7165556125,43.5,4.6,0,4050,62,225.2625107235,-410383,2565385
46033,Custer,SD,South Dakota,mean,7.7,32.291787664,77.085837942,33.2,8,4,8216,165,425.069169626,-609279,2325450
46035,Davison,SD,South Dakota,mean,8.1,19.926551967,81.619563039,34.5,7.8,14,4549,302,893.8077174625,-167546,2305427
46037,Day,SD,South Dakota,mean,8.6,26.57923901,7.9647641769,36.4,6.9,2,5710,115,257.9970291915,-131144,2489078
46039,Deuel,SD,South Dakota,mean,7.3,21.956928839,43.701979045,33.9,8.5,2,4364,96,171.97912939775,-41306,2430793
46041,Dewey,SD,South Dakota,mean,15.7,10.17918414,54.476045047,44.7,4.6,1,3397,135,494.2152764585,-370509,2472621
46043,Douglas,SD,South Dakota,mean,7.9,23.67954626,0,35.4,9.2,1,3002,38,138.052269601,-192485,2282108
46045,Edmunds,SD,South Dakota,mean,7.3,22.613439127,0.4014049172,32.9,8.8,2,4071,54,158.2147239265,-255261,2502629
46047,Fall River,SD,South Dakota,mean,9,30.19994446,86.419044887,35.3,7,5,3544,124,285.6781609195,-619356,2274422
46049,Faulk,SD,South Dakota,mean,8.1,24.145999064,0,34.5,6.3,1,2364,29,76.1836141778,-246023,2463540
46051,Grant,SD,South Dakota,mean,7.4,21.877909296,62.374272102,34.4,9,7,4073,148,368.693786982,-46520,2474887
46053,Gregory,SD,South Dakota,mean,8.7,25.773195876,36.654982474,36.2,7.9,3,4271,58,244.1093951095,-249681,2243346
46055,Haakon,SD,South Dakota,mean,9.3,26.21253406,58.493589744,37.8,6.7,2,1937,29,77.1910598415,-434762,2405423
46057,Hamlin,SD,South Dakota,mean,7.8,14.900079936,6.3919532771,32.8,7.2,1,5903,83,323.1315280465,-97143,2413791
46059,Hand,SD,South Dakota,mean,7.3,26.591276252,54.562798092,32.9,8.3,1,3431,43,111.63604852685,-228136,2409697
46061,Hanson,SD,South Dakota,mean,7.8,15.77746077,27.188673794,34.7,7.6,0,3331,70,138.57650273225,-143847,2316137
46063,Harding,SD,South Dakota,mean,7.2,21.175584024,7.5514874142,32.5,7,0,1255,20,83.4729596855,-586744,2563042
46065,Hughes,SD,South Dakota,mean,7.6,17.819599864,79.864902899,34.5,8.4,13,4302,241,845.5811300255,-315394,2387744
46067,Hutchinson,SD,South Dakota,mean,7.8,22.61503171,21.125622728,31.4,9,9,7343,112,315.601734731,-150687,2268405
46069,Hyde,SD,South Dakota,mean,7.4,25.323624595,55.942947702,32.3,9.3,0,1420,17,57.439330544,-283263,2399160
46071,Jackson,SD,South Dakota,mean,15,13.342599027,1.2116892373,39.5,2.1,0,3031,54,245.374558304,-450554,2318924
46073,Jerauld,SD,South Dakota,mean,7.4,27.200488998,16.295850872,33.5,6.9,0,2071,29,54.61445783135,-209048,2351008
46075,Jones,SD,South Dakota,mean,7.5,25.597269625,64.776444929,32.1,5.1,0,1006,18,52.6763425255,-376993,2339634
46077,Kingsbury,SD,South Dakota,mean,7.4,23.189522342,25.621746674,33,9,2,5148,78,203.21601686,-125058,2381175
46079,Lake,SD,South Dakota,mean,7.5,24.578379873,71.190885252,32.1,9,8,5026,199,479.752961364,-92785,2348545
46081,Lawrence,SD,South Dakota,mean,7.5,23.619338811,92.195746663,28.9,8,24,8888,419,1300.6783649875,-621204,2408565
46083,Lincoln,SD,South Dakota,mean,6.8,14.250773538,91.155752674,32.8,9.6,93,13119,900,2221.4997474793,-46466,2266373
46085,Lyman,SD,South Dakota,mean,11,17.348565356,24.825174825,38.3,6.3,1,3755,74,246.7346278315,-297679,2333423
46087,McCook,SD,South Dakota,mean,7.7,18.454784899,1.7951425554,33.4,8.2,1,5618,84,270.9751972945,-110067,2309927
46089,McPherson,SD,South Dakota,mean,7.8,27.851239669,21.443384488,35.8,6.6,1,2459,40,83.7220561865,-256947,2558692
46091,Marshall,SD,South Dakota,mean,7.6,22.653345725,36.623316303,33,8,1,4656,85,227.912117177,-122392,2552892
46093,Meade,SD,South Dakota,mean,7.5,16.289397806,57.828621198,29.4,8.9,19,9664,428,1272.961008186,-529824,2421380
46095,Mellette,SD,South Dakota,mean,15.5,15.251572327,47.132429614,42.6,3.4,0,2048,33,152.2901554405,-376203,2318458
46097,Miner,SD,South Dakota,mean,7.9,22.385479689,51.784160139,33.1,8.2,1,2389,36,101.1676557865,-125200,2346270
46099,Minnehaha,SD,South Dakota,mean,7.4,13.654505847,89.083939274,30.5,8.8,200,23109,3265,7664.13291154555,-50921,2306280
46101,Moody,SD,South Dakota,mean,8.2,19.54077593,18.544823232,31.6,8.5,3,6486,112,401.499048344,-40532,2338580
46102,Oglala Lakota,SD,South Dakota,mean,19.5,7.3605181805,1.9236395553,46,0,5,0,349,1207.183595247,506992,1776342
46103,Pennington,SD,South Dakota,mean,8.3,19.303972953,79.227628134,33.7,7.8,127,20999,1870,6253.7524185265,-549099,2359557
46105,Perkins,SD,South Dakota,mean,7.9,26.818020575,50.12345679,34,8.4,1,2982,43,92.25943852855,-497468,2566876
46107,Potter,SD,South Dakota,mean,7.6,27.797979798,59.466019417,33.7,8.2,1,2329,32,91.06640625,-313061,2466191
46109,Roberts,SD,South Dakota,mean,11,19.816983174,4.3093385214,40,7.3,4,10149,217,776.3536585365,-58621,2534572
46111,Sanborn,SD,South Dakota,mean,8,21.152228764,0.4291845494,34.7,6.3,0,2355,36,98.645844799,-163858,2348089
46115,Spink,SD,South Dakota,mean,7.3,22.284255862,41.597233139,34.5,8.2,2,6415,98,267.002946128,-178599,2459629
46117,Stanley,SD,South Dakota,mean,6.8,22.427440633,71.677852349,33.8,9.3,3,1261,58,125.9127080796,-366676,2404578
46119,Sully,SD,South Dakota,mean,7.5,26.219512195,0.9681881051,33.2,7.3,0,1373,31,43.2799043062,-341235,2430992
46121,Todd,SD,South Dakota,mean,19.9,7.2797760069,54.254748364,48.9,4.2,3,9612,148,714.990735839,-381569,2244411
46123,Tripp,SD,South Dakota,mean,9.3,22.37385527,70.448079659,38,7.6,4,2737,71,288.944102438,-311114,2259703
46125,Turner,SD,South Dakota,mean,7.7,20.980707395,35.858411161,33,9.2,0,8347,124,353.8385416665,-90917,2266521
46127,Union,SD,South Dakota,mean,7.4,18.818160266,66.956159657,37.2,9.2,11,8840,308,606.9982828132,-47797,2198703
46129,Walworth,SD,South Dakota,mean,8.5,25.266768293,68.617121355,33.5,7.7,6,1981,118,282.4395465995,-324106,2508572
46135,Yankton,SD,South Dakota,mean,7.9,20.13993218,82.166452166,37.7,8.1,24,7801,316,1037.7892506555,-110136,2225091
46137,Ziebach,SD,South Dakota,mean,16,10.630252101,54.620803978,47.4,4.1,0,2060,43,204.249158249,-441970,2457587
47001,Anderson,TN,Tennessee,mean,10.6,20.320717748,65.243831282,35.5,7.5,37,26041,1333,3425.1407845465,1046596,1519968
47003,Bedford,TN,Tennessee,mean,11.9,15.1254915,43.669008898,37.4,7.3,15,25053,871,3256.806718247,854736,1429114
47005,Benton,TN,Tennessee,mean,12,23.966733871,52.90595058,38.4,6.7,3,12937,324,784.554338669,709943,1486996
47007,Bledsoe,TN,Tennessee,mean,12.2,18.957594854,28.860725541,36.2,6.9,2,12876,225,766.9936808845,963412,1452774
47009,Blount,TN,Tennessee,mean,10.1,21.07336216,63.082495565,35.5,7.7,97,40140,2223,5989.707581813,1081862,1475579
47011,Bradley,TN,Tennessee,mean,11.1,17.501497794,79.78364942,38.9,6.7,57,32630,2073,5406.7029794515,1005314,1398314
47013,Campbell,TN,Tennessee,mean,12.1,20.579614938,45.205235282,37.5,6.4,15,22403,704,1934.308694087,1048402,1554059
47015,Cannon,TN,Tennessee,mean,11,18.181818182,0,35.5,7.9,2,11197,225,798.1184463585,890223,1468480
47017,Carroll,TN,Tennessee,mean,11.8,20.272931908,25.875527426,38.4,7.4,12,23690,522,1311.787929872,677596,1466041
47019,Carter,TN,Tennessee,mean,11.6,22.804360993,86.750301654,38.7,5.1,19,23524,1013,2873.7902988965,1230780,1562458
47021,Cheatham,TN,Tennessee,mean,10.3,15.911663415,56.727210752,33.9,8.4,24,32442,685,2109.6118052125,787304,1513505
47023,Chester,TN,Tennessee,mean,11.5,17.510283364,35.689983277,39,8.1,4,11177,279,821.1948920645,671193,1406583
47025,Claiborne,TN,Tennessee,mean,11.9,20.472928999,32.403333021,36.3,6.7,20,23050,523,1422.8997418605,1089948,1573265
47027,Clay,TN,Tennessee,mean,12.9,25.175380543,6.2656641604,40.4,7,2,7861,145,375.150424111,926763,1559996
47029,Cocke,TN,Tennessee,mean,12.4,21.923224779,67.218533848,38.2,5.9,15,24083,819,1873.802448444,1149669,1507038
47031,Coffee,TN,Tennessee,mean,11.3,17.285540046,61.001226485,37.6,7.3,31,24967,1028,3183.2924730035,888187,1436190
47033,Crockett,TN,Tennessee,mean,12.5,18.613634738,22.98900151,40.4,7.5,0,9828,244,901.962237264,613374,1444943
47035,Cumberland,TN,Tennessee,mean,11.3,32.057132792,63.887480579,36.7,6.9,42,34132,1079,2624.3917576115,975747,1490620
47037,Davidson,TN,Tennessee,mean,11.4,13.125450137,92.801347704,32.4,7.5,668,21382,16991,38817.21460776,820778,1496324
47039,Decatur,TN,Tennessee,mean,12.1,23.360547801,44.879755138,42.4,7.4,4,11757,247,520.9558228285,709404,1425451
47041,DeKalb,TN,Tennessee,mean,11.9,18.869030179,56.324701195,39.4,6.6,8,14673,349,1204.2576244465,906647,1487613
47043,Dickson,TN,Tennessee,mean,10.5,16.803515879,59.65571205,36.4,8,17,33650,913,2850.8760871515,779259,1505252
47045,Dyer,TN,Tennessee,mean,12.2,17.787791889,62.628732915,39.9,6.1,13,16432,742,1657.1577595065,575519,1471451
47047,Fayette,TN,Tennessee,mean,11.8,22.735338065,36.099071207,38.5,8.1,13,30363,794,1977.2406991105,585945,1364387
47049,Fentress,TN,Tennessee,mean,12.5,22.578249337,68.310887555,37,7.5,8,17959,303,799.6552706555,979186,1540057
47051,Franklin,TN,Tennessee,mean,11.1,20.617841027,37.490064058,39.6,7.1,23,28579,745,1951.694478938,892682,1397894
47053,Gibson,TN,Tennessee,mean,12.5,17.985397994,59.648218287,36.7,6.9,19,23706,922,2380.5925232205,629165,1469653
47055,Giles,TN,Tennessee,mean,11.6,20.473446402,30.376326369,38,7.6,11,21744,633,1401.6589725485,813077,1382783
47057,Grainger,TN,Tennessee,mean,11.6,21.533476413,8.2245930208,37.8,0,5,22657,405,1339.8093801425,1105601,1542311
47059,Greene,TN,Tennessee,mean,11.6,22.26957987,63.885562778,38,6.4,37,44874,1266,2971.171039547,1176243,1537134
47061,Grundy,TN,Tennessee,mean,11.9,20.643077375,38.058984404,37.5,6.8,0,13703,273,777.426697531,919641,1419588
47063,Hamblen,TN,Tennessee,mean,12.1,18.354842713,64.157583839,37.6,6.4,38,13680,1112,3919.0480982615,1126405,1542833
47065,Hamilton,TN,Tennessee,mean,10.8,18.122908963,84.564467637,31.1,7,406,33721,7420,18005.106075204,972956,1396374
47067,Hancock,TN,Tennessee,mean,13.3,22.307352291,3.7676373461,40.6,6.4,1,6819,109,281.752396832,1133904,1584469
47069,Hardeman,TN,Tennessee,mean,15,18.551876032,16.267378839,44.9,7.2,2,21859,541,1037.9557516585,631212,1373212
47071,Hardin,TN,Tennessee,mean,11.6,23.441915811,43.770265737,36.7,7.1,13,17679,458,1270.0817575665,698040,1385293
47073,Hawkins,TN,Tennessee,mean,11.4,21.70786203,39.398106521,38.7,6.9,16,32884,1025,2464.666029171,1158777,1576935
47075,Haywood,TN,Tennessee,mean,15.6,20.12546626,49.199507389,45.9,6.7,4,8908,449,938.237813885,599064,1419564
47077,Henderson,TN,Tennessee,mean,12.4,18.656315959,35.748150277,39.9,7.5,6,21209,517,1507.276407894,683485,1425595
47079,Henry,TN,Tennessee,mean,12,23.601848693,56.349576074,38.1,6.5,21,21612,562,1539.468900329,681698,1519014
47081,Hickman,TN,Tennessee,mean,11.5,17.761884064,30.651955868,37.1,7.9,5,24690,398,1450.987809939,763998,1456929
47083,Houston,TN,Tennessee,mean,11.3,20.704580979,45.249305807,37.5,7.8,2,8426,155,498.6622971285,732535,1510426
47085,Humphreys,TN,Tennessee,mean,11.2,20.373744209,55.239599789,35.1,7.1,4,15292,334,997.3608436655,730213,1477018
47087,Jackson,TN,Tennessee,mean,11.9,22.876595745,28.303348541,37.7,7.6,2,11638,207,664.9327379605,911299,1537596
47089,Jefferson,TN,Tennessee,mean,10.8,20.388681145,47.731470475,35.9,7.5,24,30581,1021,2574.55521241,1111621,1528290
47091,Johnson,TN,Tennessee,mean,12.9,23.797468354,100,38.1,7.1,6,15546,273,777.004854369,1258596,1590626
47093,Knox,TN,Tennessee,mean,10.6,16.33917362,78.690150343,34.7,7.3,534,47205,8038,19590.556319011,1071624,1511642
47095,Lake,TN,Tennessee,mean,15.2,16.189674523,22.541042113,42.5,6.5,0,7832,99,229.178996952,575021,1506464
47097,Lauderdale,TN,Tennessee,mean,15.1,16.305559981,48.562224078,42,6.9,2,16317,574,1184.358974359,558798,1438187
47099,Lawrence,TN,Tennessee,mean,11.7,17.718836442,46.733395231,38.4,7.6,19,31769,829,2501.002864042,776864,1387940
47101,Lewis,TN,Tennessee,mean,12,20.984677608,47.194404705,38.8,5.8,2,8536,261,614.4094454985,764854,1427625
47103,Lincoln,TN,Tennessee,mean,10.8,20.034995626,28.129335485,37.2,7.7,16,24183,655,1791.078316806,848835,1385918
47105,Loudon,TN,Tennessee,mean,9.9,27.36461457,56.792260321,36,8,27,19720,814,2637.6442749635,1033207,1470624
47107,McMinn,TN,Tennessee,mean,11.7,20.144656764,47.603048277,35.2,7.2,27,31538,1023,2854.2943211645,1023298,1455401
47109,McNairy,TN,Tennessee,mean,12.3,20.823665893,44.154488518,39.3,6.4,10,22235,445,1191.982647296,665382,1376176
47111,Macon,TN,Tennessee,mean,12,16.07455543,48.619923858,38.2,7.1,4,17703,415,1358.7016952515,885393,1554281
47113,Madison,TN,Tennessee,mean,13.3,17.933687674,77.440474383,43.1,6.6,133,25386,2227,5103.3012277305,642119,1432103
47115,Marion,TN,Tennessee,mean,11.7,21.013263151,71.005999237,36.9,7.1,12,21747,531,1346.9409888355,933772,1399045
47117,Marshall,TN,Tennessee,mean,11.4,16.413217471,49.484235678,36.2,6.9,4,20153,697,1925.168404588,830850,1429641
47119,Maury,TN,Tennessee,mean,10.8,16.848033601,66.064531464,39.3,7.8,52,33672,2465,4506.5034541785,793179,1434715
47121,Meigs,TN,Tennessee,mean,11.2,21.059084987,18.082771594,36.4,7.8,6,11753,251,640.0606876555,1003308,1452291
47123,Monroe,TN,Tennessee,mean,11.6,21.923851129,55.236756757,35.6,7,9,33868,785,2404.152146167,1063646,1438981
47125,Montgomery,TN,Tennessee,mean,11.6,9.8029837648,65.528993179,38,6.7,90,34022,3947,8871.2291531101,765490,1538417
47127,Moore,TN,Tennessee,mean,10.5,22.065021072,15.369137904,35,8.7,0,6354,94,290.2416750755,863085,1408280
47129,Morgan,TN,Tennessee,mean,12.2,18.636491954,29.431899216,38.1,6.7,4,21962,334,1003.6228244985,1008128,1521948
47131,Obion,TN,Tennessee,mean,12.6,21.082518217,50.751940754,38.7,7.2,15,19588,575,1568.7821631715,611193,1517181
47133,Overton,TN,Tennessee,mean,12,20.412452384,33.303718182,38.4,7.7,11,18598,356,1085.185507911,948139,1535831
47135,Perry,TN,Tennessee,mean,12.7,21.364494806,11.690174516,37.9,5.6,2,7915,207,465.409804239,727011,1437249
47137,Pickett,TN,Tennessee,mean,12,28.430793463,0.099980004,38.3,7.6,3,5077,84,307.41068917,970339,1565217
47139,Polk,TN,Tennessee,mean,11.3,21.157740774,66.991564067,37.6,7.9,8,16825,293,863.1333643125,1034531,1404010
47141,Putnam,TN,Tennessee,mean,11.5,16.750012317,50.097678263,38.6,6.5,54,25295,1313,4518.496743176,938208,1513328
47143,Rhea,TN,Tennessee,mean,11.5,19.220787059,48.424094919,37.9,6.3,11,21635,652,2059.8835145415,993948,1458278
47145,Roane,TN,Tennessee,mean,10.8,23.52200326,65.903303123,36.6,7.5,19,27628,926,2040.0192383585,1027806,1494040
47147,Robertson,TN,Tennessee,mean,10.6,15.351291533,54.966141505,34.4,8.5,26,35289,1261,3226.846887967,808903,1547394
47149,Rutherford,TN,Tennessee,mean,10.7,11.105905469,58.537978131,39,8.1,146,44699,6534,16805.16821085,849616,1464821
47151,Scott,TN,Tennessee,mean,12.7,17.675776794,70.356979405,37.9,6.1,8,17906,407,1098.696472123,1011086,1556391
47153,Sequatchie,TN,Tennessee,mean,12,21.444254696,53.917603943,39.1,5.1,3,10415,273,770.055899021,947293,1430790
47155,Sevier,TN,Tennessee,mean,11.2,20.504034487,65.478755845,35.6,7,34,50920,2149,6734.228974146,1113451,1487025
47157,Shelby,TN,Tennessee,mean,13.8,14.493852588,86.348285119,38.3,6.9,822,25601,30473,49572.014867128,539036,1371993
47159,Smith,TN,Tennessee,mean,11,16.939321832,34.093649518,37,8,9,15884,315,1075.458434026,893730,1524617
47161,Stewart,TN,Tennessee,mean,10.6,20.67123782,42.432452222,36.5,7.4,1,13324,221,724.6691436,717608,1532834
47163,Sullivan,TN,Tennessee,mean,11,22.232756726,56.925450327,33.5,6.7,197,40086,2906,7589.7834014135,1212872,1596549
47165,Sumner,TN,Tennessee,mean,10.3,16.363427853,54.329252449,36.9,7.9,87,44792,3516,8448.183475255,847522,1546598
47167,Tipton,TN,Tennessee,mean,11.5,15.461281227,50.34935214,38.9,8.3,17,33671,1189,3127.6232296285,548016,1402788
47169,Trousdale,TN,Tennessee,mean,11.3,12.978811799,46.767111494,37,0,3,7870,204,470.322387246,872110,1531019
47171,Unicoi,TN,Tennessee,mean,11.4,23.861453272,100,35,7.4,6,8180,347,823.206791765,1205936,1539846
47173,Union,TN,Tennessee,mean,11.7,18.917165669,9.7464902535,37,7.6,3,19109,310,1123.4620253165,1080498,1549526
47175,Van Buren,TN,Tennessee,mean,12.1,24.03542062,12.321660182,37,7.3,0,5548,100,302.3087557605,948642,1465492
47177,Warren,TN,Tennessee,mean,12.3,17.874431038,48.961004078,36.7,6.9,19,24453,787,2567.7231725345,920934,1463731
47179,Washington,TN,Tennessee,mean,10.9,19.293632111,76.91821866,34.7,7.1,257,32493,2172,6596.4615444955,1193542,1563039
47181,Wayne,TN,Tennessee,mean,12,19.574623682,46.833415476,38.6,7,4,17021,255,678.111313205,737803,1378485
47183,Weakley,TN,Tennessee,mean,12,18.843080276,21.399914899,38.9,7,19,23466,583,1723.790855877,646675,1510127
47185,White,TN,Tennessee,mean,11.6,20.499095841,34.704398377,36.8,6.4,10,20201,464,1453.272955003,933098,1481475
47187,Williamson,TN,Tennessee,mean,8.1,14.136899525,81.856971008,28,9.1,342,35512,3322,7647.0299632387,808018,1477973
47189,Wilson,TN,Tennessee,mean,9.7,15.963322077,60.195482513,32.6,8.2,50,43850,2552,5995.8271305525,864115,1509384
48001,Anderson,TX,Texas,mean,12.7,14.934420054,37.163771969,39.4,6.4,23,39204,1125,3413.099492314,25739,972087
48003,Andrews,TX,Texas,mean,12.4,9.8644251627,74.599677593,38.2,7.5,8,2440,527,2196.3630338735,-624865,1039949
48005,Angelina,TX,Texas,mean,13,16.890157908,62.25128769,40.6,6.3,57,37383,2323,7701.150907008,109677,925958
48007,Aransas,TX,Texas,mean,12.1,27.401060792,66.378514478,35.5,5.4,7,6313,672,2068.787882409,-94007,559560
48009,Archer,TX,Texas,mean,9.6,20.539108398,20.198598131,35.2,7.5,0,8057,167,678.7153645075,-244835,1184634
48011,Armstrong,TX,Texas,mean,9,22.838499184,1.4069264069,33.3,6.5,0,1901,33,142.2747559275,-491394,1332246
48013,Atascosa,TX,Texas,mean,12.9,14.836100042,45.344113023,38.2,7.9,10,27266,1351,4861.171511494,-247842,646380
48015,Austin,TX,Texas,mean,11.2,20.750493746,42.367487652,36.3,7.8,5,18853,756,2564.357640956,-23933,757169
48017,Bailey,TX,Texas,mean,12.3,15.449890271,78.476245655,38.5,8.5,2,2060,119,798.197754437,-640841,1251044
48019,Bandera,TX,Texas,mean,10.5,28.847669835,66.980000959,35.1,6.8,5,20485,482,1584.940915628,-307484,747328
48021,Bastrop,TX,Texas,mean,11.4,15.622489173,47.385204082,35.7,7.8,24,47360,2017,8371.6992980765,-127746,795473
48023,Baylor,TX,Texas,mean,10.3,24.129997124,88.167388167,35.8,7.5,5,3726,61,241.313495072,-303560,1188822
48025,Bee,TX,Texas,mean,14.6,12.938171,47.627790125,41.2,6.3,5,13693,809,1897.758714517,-166677,600572
48027,Bell,TX,Texas,mean,12.3,11.447327174,70.554462872,39,6.7,287,47113,8469,26266.8522324255,-144703,888562
48029,Bexar,TX,Texas,mean,13.5,12.539517098,88.798471526,39.7,6.9,1505,77835,50666,163440.472091898,-233618,723343
48031,Blanco,TX,Texas,mean,9.9,25.879185597,37.726393529,35.2,8.1,6,10497,228,1003.475340042,-229599,811601
48033,Borden,TX,Texas,mean,8.3,23.662884927,3.6450079239,31.4,6.9,0,641,14,40.4150943395,-499929,1097205
48035,Bosque,TX,Texas,mean,10.7,25.06620548,30.337263504,35.7,6.7,11,14791,385,1529.605829006,-146935,987265
48037,Bowie,TX,Texas,mean,11.8,17.11150236,53.200994693,38.2,6.6,63,32791,2277,5828.1961441505,157360,1163193
48039,Brazoria,TX,Texas,mean,11.2,12.415687576,77.992694157,38.9,7.8,244,70552,12408,23393.717008644,59097,689455
48041,Brazos,TX,Texas,mean,12,10.06657329,86.664471518,36.7,6.5,203,23506,4971,16173.2832444285,-32832,834709
48043,Brewster,TX,Texas,mean,11.5,24.624338624,71.44353656,35.8,6,9,3219,190,832.801063677,-680627,739967
48045,Briscoe,TX,Texas,mean,12.6,23.87740556,29.268292683,39,2.8,1,1637,27,145.6806569345,-464578,1284152
48047,Brooks,TX,Texas,mean,18.8,18.287103231,89.00508762,45.3,5,0,2294,231,603.742753623,-227840,452145
48049,Brown,TX,Texas,mean,11,20.692815249,60.46725292,38.8,6.4,21,15395,792,2560.4157173805,-283406,981077
48051,Burleson,TX,Texas,mean,10.8,21.339537976,46.757737218,36.2,7.5,7,13175,419,1438.97556719,-41568,828607
48053,Burnet,TX,Texas,mean,10.3,22.9874004,43.307551394,34.7,7.7,21,23800,918,4158.712489862,-207352,862325
48055,Caldwell,TX,Texas,mean,13.2,15.045628433,39.905847482,39.9,7.3,11,16099,980,4216.343661972,-155422,758461
48057,Calhoun,TX,Texas,mean,12.3,19.039894561,63.587983686,38.8,5.5,10,9564,599,1734.724106243,-57343,601439
48059,Callahan,TX,Texas,mean,10,21.218561814,54.595856434,37.1,7.1,2,9776,284,1071.659814444,-309845,1026814
48061,Cameron,TX,Texas,mean,16.9,14.002822502,66.98185584,42.7,5.4,219,34207,14287,52914.926383865,-137510,347634
48063,Camp,TX,Texas,mean,12.2,19.086873811,59.17843389,38.5,6.9,12,7624,304,1045.0436681225,87686,1107829
48065,Carson,TX,Texas,mean,9.2,21.17995127,60.513173756,34.5,8,0,5885,114,374.9094827585,-480973,1397432
48067,Cass,TX,Texas,mean,11.9,22.433473389,35.481830323,36.9,6.5,7,22547,830,2184.638821183,170985,1124192
48069,Castro,TX,Texas,mean,13.3,17.059940331,60.45312712,38.2,8.1,2,3689,117,856.014647137,-564358,1301747
48071,Chambers,TX,Texas,mean,10.6,11.734370204,79.429258551,35.9,7.5,7,16046,1714,2805.4896098705,126828,729664
48073,Cherokee,TX,Texas,mean,12.6,17.82687829,56.456796001,41.8,6.6,22,32057,1337,4851.534366141,79231,970200
48075,Childress,TX,Texas,mean,12.6,15.112826603,74.56482593,39.3,6.1,10,2334,108,494.7050984935,-373223,1286036
48077,Clay,TX,Texas,mean,9.4,23.813699698,6.9387355647,33.7,5.7,4,8021,238,732.5426196725,-202031,1217666
48079,Cochran,TX,Texas,mean,16.2,16.375198728,1.4919513153,43.6,6,1,3127,68,358.055084746,-642445,1203191
48081,Coke,TX,Texas,mean,11.2,25.233363445,35.920852359,36.2,4,0,3320,65,272.1821895425,-423509,993955
48083,Coleman,TX,Texas,mean,10.9,26.03749192,63.300364394,35.3,6.4,5,4585,176,623.3355252065,-330332,964767
48085,Collin,TX,Texas,mean,9.2,11.358207852,92.357475351,28,8.3,1050,41016,25862,54164.631250273,-57926,1121502
48087,Collingsworth,TX,Texas,mean,12.8,19.617590822,81.938159879,38.7,7.4,1,3057,47,363.76500219,-382472,1330630
48089,Colorado,TX,Texas,mean,12.1,22.389723703,62.538308119,40.3,7.8,10,13070,471,1931.1786322705,-52219,720219
48091,Comal,TX,Texas,mean,9.6,18.290034631,72.037944037,33.7,7.9,108,50055,3576,9631.199497292,-227218,749483
48093,Comanche,TX,Texas,mean,10.7,23.324863884,0,35,7.1,7,9986,276,1119.2153214115,-232280,989307
48095,Concho,TX,Texas,mean,12.7,26.818317869,66.242809567,37.5,6.8,1,4087,57,222.8962818005,-366922,936779
48097,Cooke,TX,Texas,mean,10.2,19.176687814,52.771911299,35.6,7.5,13,22691,976,3734.8214144545,-113186,1195946
48099,Coryell,TX,Texas,mean,11.5,10.816554279,55.656914542,36.2,5.2,13,14643,1378,4579.2336623675,-166566,941880
48101,Cottle,TX,Texas,mean,13.8,25.561187545,81.52173913,40.3,1.1,0,1505,28,119.382647944,-384549,1252891
48103,Crane,TX,Texas,mean,12.2,12.200854701,94.07486631,37,8.3,2,468,156,502.3650217705,-621984,950521
48105,Crockett,TX,Texas,mean,13.7,18.970013038,90.316333118,38.5,7.6,2,846,99,377.425531915,-542360,871296
48107,Crosby,TX,Texas,mean,14.3,18.762240501,20.397428404,39.6,7.4,2,6059,133,525.626328885,-492193,1195758
48109,Culberson,TX,Texas,mean,17.3,20.839033288,94.28702011,44.6,6.4,1,2398,51,261.3942598185,-811340,993793
48111,Dallam,TX,Texas,mean,14.3,11.809815951,65.130007027,39.4,6.6,5,1578,100,1043.3093536605,-589793,1505737
48113,Dallas,TX,Texas,mean,12.7,11.510218287,96.728076375,36,7.2,1879,16300,76579,257302.271557663,-69441,1094653
48115,Dawson,TX,Texas,mean,15.8,14.23507613,68.537251124,42,5.3,5,2254,322,1097.045415869,-558761,1105150
48117,Deaf Smith,TX,Texas,mean,14.7,13.083092367,80.277673142,40.4,7.9,2,3431,320,2183.4841433545,-624562,1358702
48119,Delta,TX,Texas,mean,10.9,21.71735905,61.223709369,36.7,7.3,1,5231,119,391.1562799615,38072,1150724
48121,Denton,TX,Texas,mean,9.2,11.106709839,92.379598024,30.2,8.1,493,45759,23114,52326.4290032585,-99987,1124370
48123,DeWitt,TX,Texas,mean,12.9,19.836328949,64.775020178,39.1,7.4,11,9973,456,1398.6137873755,-139587,663005
48125,Dickens,TX,Texas,mean,12.4,24.712643678,60.621468927,38.1,6.9,1,2444,35,152.376249039,-444285,1193447
48127,Dimmit,TX,Texas,mean,19.7,17.101380857,80.777713291,45.7,3.5,2,3946,333,901.1500876975,-368310,613005
48129,Donley,TX,Texas,mean,10.4,24.93880049,78.667894414,36.8,7.7,0,3677,59,265.2788632325,-430063,1335969
48131,Duval,TX,Texas,mean,16.1,17.496924969,0,42,5.8,0,7899,452,907.7155656435,-250834,508930
48133,Eastland,TX,Texas,mean,11.5,21.909986565,59.864598025,38.4,6.1,3,11214,423,1410.8008237715,-257110,1038108
48135,Ector,TX,Texas,mean,12.9,9.7460441614,72.106483584,39.6,7.2,101,12966,6691,17044.455068799,-615688,996745
48137,Edwards,TX,Texas,mean,15,28.859527121,66.807313643,40.6,7.2,1,2002,55,202.5357408785,-401708,785068
48139,Ellis,TX,Texas,mean,10.4,13.043842943,55.306954873,34.7,7.8,79,47838,4441,16631.103460014,-80405,1041089
48141,El Paso,TX,Texas,mean,15.8,12.768752009,81.793366195,37.7,6.8,433,17409,22692,81790.5141633825,-979944,1026039
48143,Erath,TX,Texas,mean,10.6,14.71713772,70.419555764,34.3,6.2,25,17551,919,3256.6553569835,-203536,1019290
48145,Falls,TX,Texas,mean,14.1,18.61606885,37.293729373,40.8,6.6,2,12034,350,1159.172669135,-89305,905469
48147,Fannin,TX,Texas,mean,10.9,18.121906533,33.576355785,35.2,6.7,7,23920,687,2730.2025506375,-17327,1184884
48149,Fayette,TX,Texas,mean,10.7,26.58889294,54.728872519,36.7,7.7,6,16485,507,1989.1628940985,-92960,759823
48151,Fisher,TX,Texas,mean,11,24.311926606,42.701525054,37.8,7.7,2,3974,68,282.149433428,-407590,1085318
48153,Floyd,TX,Texas,mean,13.5,19.551401869,75.083302481,39.1,7.7,3,3437,144,625.685152057,-489638,1251212
48155,Foard,TX,Texas,mean,12.2,27.5,0.3652968037,37.9,4.1,0,1336,20,92.049019608,-341001,1224734
48157,Fort Bend,TX,Texas,mean,10.9,12.079177475,87.930780927,30.6,8.1,697,32405,24241,56693.134153732,25438,719460
48159,Franklin,TX,Texas,mean,9.2,21.941896024,23.718505647,34.1,6.3,3,7331,229,606.677921456,74862,1125717
48161,Freestone,TX,Texas,mean,12.3,20.193182968,33.341908927,38.1,6.5,6,13173,458,1482.398417632,-5002,975391
48163,Frio,TX,Texas,mean,15.6,12.188110219,39.58118031,40.8,6.7,4,3819,452,1568.8662295995,-303071,651804
48165,Gaines,TX,Texas,mean,12.8,8.7371546015,49.532364108,36.2,7.9,2,11049,448,3301.5699873895,-643432,1104652
48167,Galveston,TX,Texas,mean,10.8,15.217905605,85.07051973,35.6,7.1,265,17915,10987,22520.826525291,116514,711664
48169,Garza,TX,Texas,mean,13.9,11.768719086,0,40,6.9,1,1443,100,461.3453395655,-484657,1133846
48171,Gillespie,TX,Texas,mean,9.4,29.332893725,56.628624883,34.6,7.9,34,13326,461,2244.9290560395,-286521,810010
48173,Glasscock,TX,Texas,mean,12.5,13.664055701,0,37.8,4.4,0,1226,24,160.7121710525,-518005,996661
48175,Goliad,TX,Texas,mean,12,23.52366327,50.328009127,38.2,7,0,7210,207,539.2787114845,-139417,624385
48177,Gonzales,TX,Texas,mean,13,17.494017616,49.651452704,40.7,6.4,7,12930,410,2069.190352021,-141704,716033
48179,Gray,TX,Texas,mean,12.4,16.509747979,88.948037876,38.9,6.8,8,4369,512,2094.916434022,-437339,1393665
48181,Grayson,TX,Texas,mean,10.3,18.080754435,77.878606789,37,7.3,62,52159,2990,10860.26651455,-63183,1200531
48183,Gregg,TX,Texas,mean,12.4,15.7647684,81.012403513,38.7,6.4,111,16266,3630,10833.3176320655,112443,1046932
48185,Grimes,TX,Texas,mean,12.8,18.453461881,31.911985787,39.7,6.5,8,18331,747,2403.250646724,2616,817683
48187,Guadalupe,TX,Texas,mean,10.6,14.541110283,64.8605144,37.9,7.3,51,34412,3652,10806.990757503,-197475,727581
48189,Hale,TX,Texas,mean,14,13.680943513,65.066724064,38.2,7.1,10,8379,724,3042.4142160715,-537500,1253920
48191,Hall,TX,Texas,mean,13.8,24.393673111,31.539823009,40.4,6.1,0,3353,59,290.437062937,-416375,1287186
48193,Hamilton,TX,Texas,mean,10.9,24.814679791,37.39965945,36.2,6.1,8,5483,154,755.305335027,-203150,963329
48195,Hansford,TX,Texas,mean,12.8,15.584415584,61.911069063,38.6,8.2,3,2264,77,705.174016822,-467828,1489023
48197,Hardeman,TX,Texas,mean,11.6,22.353603604,34.939419555,38,6.9,5,4139,74,448.685439112,-343952,1270946
48199,Hardin,TX,Texas,mean,10.2,17.253786882,66.107663033,37.1,6.6,10,28163,1969,4165.6604166665,159229,811142
48201,Harris,TX,Texas,mean,12.8,11.360270557,90.971487874,37.7,7.2,2788,49653,147489,462605.708762905,80444,739957
48203,Harrison,TX,Texas,mean,12,17.994215474,57.641743779,38.5,7.1,21,36789,1893,4923.7880631995,169658,1057317
48205,Hartley,TX,Texas,mean,10.2,15.397443024,73.857302118,35.9,7.4,0,3471,57,400.022952678,-589745,1449527
48207,Haskell,TX,Texas,mean,12.7,22.454259841,66.67282127,37.1,6.6,3,2809,108,496.3532414495,-339440,1134752
48209,Hays,TX,Texas,mean,10.9,11.702565026,76.451359995,31.9,8.1,103,49822,5329,16578.5436977565,-194248,779500
48211,Hemphill,TX,Texas,mean,10.1,16.355854479,82.998225902,34.5,7.9,4,1026,71,399.7510275055,-381520,1440099
48213,Henderson,TX,Texas,mean,11.4,22.343337278,62.413877054,39.6,6.6,27,47206,1962,6660.9920644935,17631,1017203
48215,Hidalgo,TX,Texas,mean,18.8,11.349613111,62.805573388,42.9,4.9,406,39813,34111,124415.551246077,-216516,363930
48217,Hill,TX,Texas,mean,11.1,20.446382057,50.426492725,37.1,7.6,9,26761,842,3337.6318108695,-106478,988150
48219,Hockley,TX,Texas,mean,12.9,15.110237326,66.782745972,39.4,6.3,14,9139,642,2271.185780559,-578909,1190539
48221,Hood,TX,Texas,mean,9.4,25.31531251,77.75901815,32.8,7.6,27,16811,1489,4046.6276520735,-174177,1041601
48223,Hopkins,TX,Texas,mean,11,18.505280697,51.110446625,36.7,7,10,20965,773,3147.034005038,33683,1125221
48225,Houston,TX,Texas,mean,13.8,22.498988355,54.056013777,41.6,6,4,17440,513,1416.9876980115,78005,926422
48227,Howard,TX,Texas,mean,13,12.98347398,64.314400459,39,6.3,10,7025,866,2572.773489933,-509722,1045149
48229,Hudspeth,TX,Texas,mean,17.5,14.602981442,0.0312304809,42.5,1.3,0,3476,107,618.1279478175,-887730,969726
48231,Hunt,TX,Texas,mean,11.1,15.981585005,57.992516707,37.2,6.9,29,48776,2309,7655.9882676295,-4463,1109703
48233,Hutchinson,TX,Texas,mean,10.9,17.799463284,63.23907455,36.8,6.9,5,4998,511,1718.152163576,-474032,1435281
48235,Irion,TX,Texas,mean,10.2,20.360824742,72.835426305,34.9,5.5,0,1599,38,115.193877551,-473893,931158
48237,Jack,TX,Texas,mean,11.6,16.815886134,63.609537299,37.8,6,5,4813,186,691.7210327455,-196141,1143752
48239,Jackson,TX,Texas,mean,11.7,19.244758945,54.089938618,36.3,7.2,2,8701,356,1333.172145694,-58437,644976
48241,Jasper,TX,Texas,mean,12.5,20.479150872,33.802304427,39.1,6.3,12,27920,1247,2513.7834902515,177808,862724
48243,Jeff Davis,TX,Texas,mean,13,39.045664443,44.338677355,38.4,6.8,1,2342,44,231.387195122,-790252,880455
48245,Jefferson,TX,Texas,mean,13.6,14.997398543,64.828516408,39.8,6.4,129,21196,10197,22632.1442657635,184578,756820
48247,Jim Hogg,TX,Texas,mean,17.8,16.559050198,0,43.1,4.9,1,922,164,456.611467999,-265526,455611
48249,Jim Wells,TX,Texas,mean,15.4,15.777280099,48.350518115,40.8,6.2,10,16370,1588,3415.20805852,-202172,516470
48251,Johnson,TX,Texas,mean,10.6,14.23590346,63.291779444,37.2,7.6,78,57165,4151,14644.183128879,-135559,1033728
48253,Jones,TX,Texas,mean,12.5,15.855683591,41.982403499,41.1,6.8,4,17202,353,1118.472155791,-357706,1086204
48255,Karnes,TX,Texas,mean,13.7,14.240206046,51.84228416,39.5,7.6,4,5691,356,993.7589109375,-183114,648857
48257,Kaufman,TX,Texas,mean,11,11.149916333,65.989952515,36.1,7.9,35,50453,3519,10579.98149099,-31481,1069051
48259,Kendall,TX,Texas,mean,9,18.970676242,79.184263421,33.2,8.6,41,19431,873,3183.640637818,-263734,760803
48261,Kenedy,TX,Texas,mean,0,20.882352941,0,0,4.8,0,416,11,81.219178082,-142875,426452
48263,Kent,TX,Texas,mean,9.3,24.299065421,0,33.8,4.9,0,808,13,51.012953368,-438739,1131400
48265,Kerr,TX,Texas,mean,10.6,27.82302816,60.306475531,36.2,7.3,45,20397,990,4035.060110491,-331251,784699
48267,Kimble,TX,Texas,mean,12,30.240549828,66.262249183,37.7,6.6,4,2041,79,363.6248348745,-350876,829619
48269,King,TX,Texas,mean,14.4,17.441860465,0,40.7,3.9,0,286,4,44.904255319,-392093,1194332
48271,Kinney,TX,Texas,mean,14.4,24.47284345,95.3978907,40.1,4.9,0,736,69,248.012620951,-445250,701341
48273,Kleberg,TX,Texas,mean,14.9,13.461726783,69.80992268,40.7,5.4,13,6050,941,2696.8512099545,-136838,494441
48275,Knox,TX,Texas,mean,12.2,20.829603104,40.858932299,37.5,7.5,1,3719,68,359.149859944,-339498,1190450
48277,Lamar,TX,Texas,mean,11.5,18.936883708,62.04480115,38.8,5.7,20,23444,1344,4175.0478445875,36155,1194883
48279,Lamb,TX,Texas,mean,14.6,17.273995968,66.032962821,40.6,6.6,4,8063,260,1324.781295665,-585511,1256936
48281,Lampasas,TX,Texas,mean,10.6,20.712744922,71.762149165,34.8,7.3,9,13433,446,1655.5926336035,-216073,909413
48283,La Salle,TX,Texas,mean,15.3,13.673163418,0,41.2,6.8,0,3192,163,539.0298725715,-300164,591655
48285,Lavaca,TX,Texas,mean,10.7,23.379088785,50.794119093,36.2,7.9,14,15664,387,1309.05704698,-90916,695059
48287,Lee,TX,Texas,mean,11.8,19.925449,53.209749399,37.6,7.7,4,11582,388,1354.454097875,-92482,801028
48289,Leon,TX,Texas,mean,12.1,24.374960837,19.326929194,38.3,6.5,0,16801,438,1516.13663083,-2925,921414
48291,Liberty,TX,Texas,mean,12.5,12.272974053,46.215130746,39.8,7,19,47827,3193,8634.598784031,110271,797682
48293,Limestone,TX,Texas,mean,12.9,20.281206203,53.987176014,39.7,6.6,9,12538,527,1838.7611703065,-48987,943667
48295,Lipscomb,TX,Texas,mean,10.7,19.481405664,0,36.2,5,0,3302,56,354.601914639,-387535,1503468
48297,Live Oak,TX,Texas,mean,13.9,21.569833875,19.86766652,39.4,7,1,11531,336,942.8662702575,-200063,587613
48299,Llano,TX,Texas,mean,10,36.823186823,79.532081156,35.2,6.5,15,8720,431,1426.939236495,-248967,849465
48301,Loving,TX,Texas,mean,8.4,5.2631578947,0,34,4,0,82,4,24.1463414635,-718638,1008847
48303,Lubbock,TX,Texas,mean,12,12.887540507,86.935961035,34.6,7,258,31607,7246,22233.48752172,-530453,1197627
48305,Lynn,TX,Texas,mean,13.7,15.945850914,0,39.1,6.2,5,3355,120,535.143262987,-532652,1136079
48307,McCulloch,TX,Texas,mean,11.9,24.253285544,81.769331586,37.9,5.5,5,2926,204,713.985658187,-323202,921836
48309,McLennan,TX,Texas,mean,12.3,14.953917489,71.8860691,35.3,6,201,54855,5945,19769.8516923485,-114095,945499
48311,McMullen,TX,Texas,mean,13.1,25.164473684,15.166666667,39.1,6.4,0,707,17,57.5823970035,-244628,592297
48313,Madison,TX,Texas,mean,11.8,15.330223065,0,38.2,6.7,2,9210,293,1033.1944880245,14896,881798
48315,Marion,TX,Texas,mean,12.2,26.946604458,50.632390746,39.3,6.9,0,10546,292,674.879844961,166866,1088085
48317,Martin,TX,Texas,mean,11.6,11.264632508,69.295398129,36.5,7.7,1,4799,125,590.344043887,-560907,1051659
48319,Mason,TX,Texas,mean,9.8,30.560486939,72.021249684,33.9,8,0,4012,84,437.5510948905,-303432,860087
48321,Matagorda,TX,Texas,mean,13.5,17.386638785,69.863467108,40.3,5.8,14,13366,1375,3381.843901454,-13810,620402
48323,Maverick,TX,Texas,mean,18.5,11.826512333,59.716343911,45.5,4.9,13,5022,3013,7495.62556616,-434084,635706
48325,Medina,TX,Texas,mean,11.8,17.208210692,64.640971073,39.9,7.9,13,28319,1088,3731.5459527105,-290530,708324
48327,Menard,TX,Texas,mean,11.2,31.634712412,77.726809378,36.1,6.8,1,2242,40,216.933357092,-360609,884791
48329,Midland,TX,Texas,mean,11,10.326310212,91.427966326,36.1,7.8,65,16824,5670,15101.493137415,-566035,999578
48331,Milam,TX,Texas,mean,11.9,21.190153748,59.408580431,37.2,6.5,2,13909,593,2021.607659036,-90692,866227
48333,Mills,TX,Texas,mean,10.6,27.566964286,14.362657092,37,7.2,1,4936,83,457.6431105855,-251020,943002
48335,Mitchell,TX,Texas,mean,12.3,15.148842337,61.0567297,37.9,7.5,4,3455,167,548.2749137775,-455891,1046332
48337,Montague,TX,Texas,mean,10.4,22.161791367,29.606811921,35.2,7,6,11623,476,1665.8375351975,-153717,1204392
48339,Montgomery,TX,Texas,mean,9.7,13.609632509,87.364834481,32.3,7.4,372,103571,17018,45811.006250267,49058,803836
48341,Moore,TX,Texas,mean,13,11.970830571,71.846614852,38,7.8,8,3683,367,2797.9343243845,-527371,1431042
48343,Morris,TX,Texas,mean,12.4,21.936824605,4.1677106824,40.5,6.9,3,10143,484,885.3043016465,117898,1117185
48345,Motley,TX,Texas,mean,10.3,29.709465792,24.83537159,35.4,7.8,0,1210,23,84.855638166,-446016,1246746
48347,Nacogdoches,TX,Texas,mean,13,15.411022453,51.154625462,40.4,6.1,46,29978,1541,5598.7776264,134997,944208
48349,Navarro,TX,Texas,mean,12.7,16.926349574,53.388187899,38.9,6.9,17,25136,1206,4692.364684746,-47783,1000592
48351,Newton,TX,Texas,mean,13.5,21.68940446,5.8934271916,40.3,5.2,0,14445,510,988.15576324,223228,860377
48353,Nolan,TX,Texas,mean,13.1,18.496951428,52.985479712,39.9,6.9,6,4969,337,1193.6544401545,-416041,1038019
48355,Nueces,TX,Texas,mean,13.7,15.274202091,92.935573563,40.1,6.7,299,21935,11340,29486.304681393,-143705,522737
48357,Ochiltree,TX,Texas,mean,13.4,12.430995706,88.796804793,39,7.9,4,1422,180,1308.9724880385,-423408,1509016
48359,Oldham,TX,Texas,mean,9.8,16.598718695,0.1137656428,34.1,5.1,0,2052,32,142.6062941555,-593359,1398873
48361,Orange,TX,Texas,mean,10.7,16.001510467,51.713281766,36.1,6.4,14,28783,3139,5643.1823198,209079,786629
48363,Palo Pinto,TX,Texas,mean,10.9,20.170117828,48.329754655,36.6,5.1,12,14116,741,2432.016829533,-222819,1076010
48365,Panola,TX,Texas,mean,11.5,20.25137817,39.780356587,37.8,6.6,6,17304,651,1848.213948319,171158,1017722
48367,Parker,TX,Texas,mean,9.4,15.685999337,55.880368636,32.8,7.8,60,65578,3172,10345.832325797,-159095,1087729
48369,Parmer,TX,Texas,mean,13.6,14.959747274,17.337116223,39.6,7.8,1,6163,142,1103.7055199295,-633610,1294217
48371,Pecos,TX,Texas,mean,14.5,13.368170393,53.004673205,39.5,6.1,8,6168,440,1521.083463474,-602452,878826
48373,Polk,TX,Texas,mean,12.2,18.967610166,29.234084153,38.4,6.6,27,35258,1492,3871.001554243,106939,857140
48375,Potter,TX,Texas,mean,14,13.458947892,84.071714828,39.7,6.4,100,10892,2333,11427.195382528,-522151,1385434
48377,Presidio,TX,Texas,mean,20.8,23.029315961,94.911107487,45.4,3.2,3,3164,327,924.6727122835,-812485,800000
48379,Rains,TX,Texas,mean,10.3,25.237828763,49.646497863,36.7,0,1,10175,245,1059.7151032195,17131,1095383
48381,Randall,TX,Texas,mean,9.8,15.398251004,93.850930353,32.9,8.1,88,17355,2625,8111.9814116145,-535090,1334871
48383,Reagan,TX,Texas,mean,13.4,11.988933292,92.023633678,38.9,8.2,1,448,127,410.8292321375,-511913,948629
48385,Real,TX,Texas,mean,12.9,31.10403397,0.2175489485,39.2,1.6,2,3309,68,302.3210806025,-363504,770373
48387,Red River,TX,Texas,mean,12.1,25.296408481,32.191248813,38.9,4.7,2,9739,314,857.2402597405,82006,1194870
48389,Reeves,TX,Texas,mean,15.6,11.56899289,81.346623271,41.3,7.7,5,1998,505,1200.875525498,-727307,984543
48391,Refugio,TX,Texas,mean,13.2,22.513321492,47.307521139,39.6,6.7,1,4480,204,492.7677784165,-94591,588007
48393,Roberts,TX,Texas,mean,9.2,22.459222083,0.9673518742,34,6.1,0,929,17,60.8598726115,-430285,1437625
48395,Robertson,TX,Texas,mean,12.2,20.432834061,59.855582742,38.7,6.9,1,12276,398,1279.537398618,-48285,875959
48397,Rockwall,TX,Texas,mean,8.7,12.454782138,83.521457257,32.5,8.7,78,12562,2438,5849.0894396215,-41317,1094503
48399,Runnels,TX,Texas,mean,11.9,20.527003922,69.797979798,38,6.4,7,4280,188,917.2017804155,-384181,981850
48401,Rusk,TX,Texas,mean,11.7,17.01647612,48.751292757,39.7,6.9,11,35130,1326,4178.77002584,124114,1010553
48403,Sabine,TX,Texas,mean,11.7,30.670385497,75.217303416,38.7,6,2,10834,378,715.8383500555,212032,923986
48405,San Augustine,TX,Texas,mean,13.5,26.319111336,41.803485729,40.8,5,2,8865,245,589.909448146,170600,931493
48407,San Jacinto,TX,Texas,mean,11.6,23.014563455,70.582439238,39,7.1,2,26384,877,2520.7771311735,85726,839689
48409,San Patricio,TX,Texas,mean,13.7,15.030344768,66.145007636,43.1,6.4,18,12734,2598,5779.816126379,-129645,539732
48411,San Saba,TX,Texas,mean,12.3,23.253818431,50.663176265,38.7,6.5,2,3026,103,570.510574018,-262866,912623
48413,Schleicher,TX,Texas,mean,12.9,20.749279539,83.394532844,38,7.7,0,3461,66,305.321167883,-432796,880364
48415,Scurry,TX,Texas,mean,12.6,15.026153115,44.247578549,38.2,7.7,11,5364,408,1380.388058515,-460720,1100095
48417,Shackelford,TX,Texas,mean,9.5,21.357409714,78.260869565,33.3,7.4,0,3378,74,288.280885781,-307213,1080444
48419,Shelby,TX,Texas,mean,13.5,17.887129788,38.835234368,41.1,6.5,5,20214,622,2566.8122805255,185660,973347
48421,Sherman,TX,Texas,mean,11.5,16.26161544,72.178289001,36.7,7.5,0,3034,42,411.2319013525,-518119,1511389
48423,Smith,TX,Texas,mean,11.4,17.099660182,71.101469511,39,7.1,236,66286,5656,20012.596693103,69151,1042675
48425,Somervell,TX,Texas,mean,10.1,19.759214278,79.163498099,36.3,7.7,6,8490,228,654.8553803975,-169046,1021364
48427,Starr,TX,Texas,mean,19.7,11.349149874,36.559466019,44.4,3.7,16,14453,4118,7933.4549503505,-274974,386429
48429,Stephens,TX,Texas,mean,11.8,20.920091573,67.915613669,38,6,3,3791,206,827.66256525,-261452,1090678
48431,Sterling,TX,Texas,mean,11.5,14.265025344,0,36.8,5.6,0,1143,30,128.162431942,-472370,990359
48433,Stonewall,TX,Texas,mean,11.6,25.965488907,73.172690763,38,7.8,1,1490,24,123.3360323885,-388220,1128712
48435,Sutton,TX,Texas,mean,13.1,19.764989455,87.277580071,38.3,7.5,4,776,95,376.735649547,-443062,839298
48437,Swisher,TX,Texas,mean,15.2,17.351598174,50.337110888,41.1,5.8,1,2951,128,786.010062065,-514598,1291637
48439,Tarrant,TX,Texas,mean,11.2,11.988561362,94.645557746,37.6,7.3,1244,23304,58300,181329.359802488,-120831,1088043
48441,Taylor,TX,Texas,mean,11.1,14.69447274,82.86757723,34.5,6.8,99,21085,2919,9663.924363516,-354842,1033500
48443,Terrell,TX,Texas,mean,13.1,34.254143646,0.2631578947,38.8,4.8,0,984,15,64.422413793,-575895,823510
48445,Terry,TX,Texas,mean,15.5,14.803471159,48.90541797,41.6,5.3,5,3121,292,1229.1901507755,-582659,1139001
48447,Throckmorton,TX,Texas,mean,11.1,25.284280936,56.527777778,36.4,3.8,1,1641,28,132.2978524745,-299497,1133245
48449,Titus,TX,Texas,mean,13.4,14.600904339,51.659359298,39.1,6.5,12,16347,726,3534.408251164,93577,1131683
48451,Tom Green,TX,Texas,mean,11.4,16.083107921,86.337841554,36.3,7,84,17240,2627,8407.7346735025,-447641,949569
48453,Travis,TX,Texas,mean,9,10.641502842,92.82771193,29.3,7.7,1112,55961,31152,79191.382670095,-165567,812637
48455,Trinity,TX,Texas,mean,12.2,27.012367108,83.406851934,41.2,6.1,2,11265,393,1029.5864661655,82090,890795
48457,Tyler,TX,Texas,mean,11.7,23.150869154,49.171633498,35.2,5.2,4,17006,630,1485.005426672,160625,865170
48459,Upshur,TX,Texas,mean,11,18.887346196,29.920277805,36.2,7.1,13,31172,1099,3101.6893739045,105144,1081992
48461,Upton,TX,Texas,mean,12.4,15.895865237,91.989117291,37.8,7.9,2,3355,92,352.295130838,-581305,957969
48463,Uvalde,TX,Texas,mean,14.9,16.098507825,67.997883081,39.3,5.1,8,8287,621,2699.955392316,-370671,721604
48465,Val Verde,TX,Texas,mean,16.2,13.730973005,68.6609507,43.1,5.6,17,4965,1313,4963.914752783,-500177,745583
48467,Van Zandt,TX,Texas,mean,10.8,20.341085271,48.586688164,35.6,6.7,6,39444,1265,4614.6968730625,22445,1069026
48469,Victoria,TX,Texas,mean,12.4,16.748383976,70.285482758,38.2,6.8,68,23110,2610,7695.310592339,-90760,639161
48471,Walker,TX,Texas,mean,13.2,14.119548072,72.839005236,42.3,7.1,21,30933,1500,3994.7810895955,44462,866624
48473,Waller,TX,Texas,mean,11.9,12.082434218,35.952741487,37.2,7.1,7,26632,1583,5586.759731691,1830,782160
48475,Ward,TX,Texas,mean,13.3,13.766303377,85.700790106,40.1,8,2,2972,421,1208.082768635,-668314,971193
48477,Washington,TX,Texas,mean,10.7,22.763366861,58.23209049,35.5,7.5,22,18036,796,2390.338353532,-35776,801157
48479,Webb,TX,Texas,mean,17,9.9628655134,91.088823499,44.6,6.6,82,6507,7340,38476.384694969,-358950,523096
48481,Wharton,TX,Texas,mean,13.3,17.722489873,48.150108251,41.1,7.4,17,20597,1206,4112.231138689,-6607,702387
48483,Wheeler,TX,Texas,mean,12.1,20.905216156,39.859719439,38.1,7.2,1,5410,129,545.135197537,-376002,1382161
48485,Wichita,TX,Texas,mean,11.6,15.121204899,70.38964051,37.4,6.3,110,14027,2925,9325.7779963155,-242932,1232316
48487,Wilbarger,TX,Texas,mean,14.1,18.89875108,28.253278498,40.9,5.5,4,2963,322,1160.103354213,-297149,1255045
48489,Willacy,TX,Texas,mean,18.3,13.969285292,62.095814323,46.4,4.4,8,7653,731,1759.0349958665,-155451,379354
48491,Williamson,TX,Texas,mean,9.3,12.643190166,90.66118023,30.4,7.8,420,50679,13586,33532.205588102,-151388,842291
48493,Wilson,TX,Texas,mean,10.9,16.471896521,65.517657227,36.7,8.4,22,36850,1100,3622.370390958,-203579,694214
48495,Winkler,TX,Texas,mean,12.8,12.312879299,97.728147863,37.5,8.2,2,1289,287,786.8809803345,-666601,1015350
48497,Wise,TX,Texas,mean,10.4,15.348467524,43.505944749,35,7.7,28,42635,1600,6347.689405057,-142804,1135583
48499,Wood,TX,Texas,mean,10.3,27.404904632,39.277033205,35.2,6.8,17,31137,1011,3509.9924287645,54722,1079487
48501,Yoakum,TX,Texas,mean,13.1,12.041540686,89.810241747,37.9,7.5,2,2941,257,1195.029953917,-643595,1145341
48503,Young,TX,Texas,mean,10.8,20.704233187,83.466726367,35.1,6.6,16,6227,365,1516.7871928945,-247603,1121668
48505,Zapata,TX,Texas,mean,18.6,13.121944205,30.974152207,43.7,5.6,1,3299,546,1766.6856663875,-328668,446116
48507,Zavala,TX,Texas,mean,20.2,14.317180617,0,46.5,3.9,1,4441,415,1105.0628634875,-360210,658820
49001,Beaver,UT,Utah,mean,8.3,15.477996965,79.779411765,27.8,8.7,6,3747,80,401.47736116,-1457926,1848149
49003,Box Elder,UT,Utah,mean,8.7,12.858531028,75.477751188,32.6,8.3,17,15542,658,2404.9045653329,-1379722,2218572
49005,Cache,UT,Utah,mean,9.8,9.9339965215,81.321627589,29.6,7.8,56,17673,1352,5378.2837156923,-1297652,2194937
49007,Carbon,UT,Utah,mean,9.8,18.584331435,58.53909465,30.1,7.1,8,7216,327,749.07028852055,-1230195,1952852
49009,Daggett,UT,Utah,mean,7.9,25.819672131,97.754010695,28,7.7,0,1059,15,56.1,-1131575,2073738
49011,Davis,UT,Utah,mean,8.2,10.655213254,91.978581611,32.3,8.7,179,2818,4364,11107.9619989151,-1327914,2113349
49013,Duchesne,UT,Utah,mean,9.5,12.860030318,57.884262094,29.6,7.3,9,12692,376,1210.055304674,-1206837,2030597
49015,Emery,UT,Utah,mean,9.3,18.009431123,40.8956743,30.7,7.2,1,8083,172,431.1963893635,-1229532,1879725
49017,Garfield,UT,Utah,mean,9.4,23.825307077,22.880188865,30.3,5.3,2,5172,181,271.2727272725,-1351444,1767338
49019,Grand,UT,Utah,mean,8.9,20.324950843,94.518564484,29,7.5,13,2342,289,584.9133504495,-1172374,1859875
49021,Iron,UT,Utah,mean,9.7,13.580858904,55.202569429,27.2,6.5,21,10412,746,2976.755001053,-1500326,1775017
49023,Juab,UT,Utah,mean,9,11.71534348,59.070083149,28,7.3,7,4454,123,615.8167254695,-1375648,1979785
49025,Kane,UT,Utah,mean,8.8,23.611111111,70.549106561,27.9,6.5,3,3913,115,321.509065551,-1372834,1697435
49027,Millard,UT,Utah,mean,9.8,17.456700091,58.55105973,28.3,8,8,9245,143,761.0375210005,-1423738,1912426
49029,Morgan,UT,Utah,mean,7.1,12.269890179,94.249694998,25.3,9.7,10,5951,121,380.42043186355,-1287907,2122365
49031,Piute,UT,Utah,mean,10.5,28.043039677,11.752433936,31.4,2.5,0,1556,21,61.6565656565,-1394094,1828196
49033,Rich,UT,Utah,mean,8.7,19.484020023,45.258964143,28.3,5,0,2264,29,140.3743563335,-1256927,2177896
49035,Salt Lake,UT,Utah,mean,9.4,11.632380074,92.227046382,30.1,8.6,902,9301,18161,51068.9882434768,-1327696,2076383
49037,San Juan,UT,Utah,mean,13.2,14.935468286,20.409147265,34.1,3.9,10,11482,345,1048.0092414325,-1206899,1696039
49039,Sanpete,UT,Utah,mean,9.6,14.759843331,46.379716566,31.1,7.7,13,11387,366,1583.6071727835,-1326036,1939299
49041,Sevier,UT,Utah,mean,9.2,17.059253173,53.006226187,32.6,8.2,10,13462,326,984.042025374,-1380171,1864593
49043,Summit,UT,Utah,mean,6.9,14.693801778,95.12713365,20.7,8.6,60,14239,721,1583.28656748835,-1247741,2089020
49045,Tooele,UT,Utah,mean,9.4,9.2458246347,80.835786404,32.4,8.4,12,10305,1057,3899.3087664855,-1414619,2074785
49047,Uintah,UT,Utah,mean,10.3,12.001436305,67.855137563,35.5,7.1,12,15267,756,2610.7961428115,-1129597,1997691
49049,Utah,UT,Utah,mean,8.6,7.8692119255,79.947345992,30.1,8.1,276,17186,7729,24698.1970188827,-1312505,2017184
49051,Wasatch,UT,Utah,mean,7.3,12.890830177,74.830401288,28,8.3,17,6318,482,1531.9749136639,-1282566,2038471
49053,Washington,UT,Utah,mean,8.5,22.069174694,76.71220719,30.8,7.5,102,21012,2426,9011.9158645795,-1539835,1737466
49055,Wayne,UT,Utah,mean,9.2,22.947615324,43.40305712,27.1,6.6,1,2778,71,166.0728619205,-1283356,1807276
49057,Weber,UT,Utah,mean,9.3,12.12172272,85.006273286,33.6,8.3,112,13414,3792,11833.202688437,-1308411,2149421
50001,Addison,VT,Vermont,mean,6.2,21.90821256,63.985761315,28.2,9,43,28879,549,762.3832283046,1803227,2555495
50003,Bennington,VT,Vermont,mean,7.1,23.697469983,79.760087825,25.4,8.2,38,23950,730,654.5378537231,1836370,2449461
50005,Caledonia,VT,Vermont,mean,7.1,22.073479591,61.217874508,30.7,8.4,25,23230,521,558.02718256675,1877765,2626932
50007,Chittenden,VT,Vermont,mean,6.2,16.162022918,85.799920391,21.6,8.7,308,40680,2627,2842.1755783668,1795980,2612195
50009,Essex,VT,Vermont,mean,8.4,27.071729958,31.824324324,32.1,7.3,1,6306,126,125.3245330874,1897830,2666114
50011,Franklin,VT,Vermont,mean,7.7,17.126676602,53.329595964,33.8,8.8,28,34241,924,936.2865256561,1800031,2657067
50013,Grand Isle,VT,Vermont,mean,6.5,22.395903517,39.07856849,28.7,9.3,5,6970,155,150.1443169595,1773075,2646767
50015,Lamoille,VT,Vermont,mean,7,18.246191533,67.951435729,25.4,8.5,22,24475,539,601.49294894235,1826101,2635933
50017,Orange,VT,Vermont,mean,7.2,22.521241664,47.699559381,28.7,8.6,26,28137,490,534.95981152995,1868552,2575535
50019,Orleans,VT,Vermont,mean,7,23.586001597,52.016938634,30.1,8,19,23227,592,570.37662206,1854259,2665773
50021,Rutland,VT,Vermont,mean,7.3,23.612417686,80.618107376,30.1,8.1,46,37610,1215,1047.48071216615,1817442,2518692
50023,Washington,VT,Vermont,mean,6.6,20.777401658,73.43621984,28.6,8.3,60,31437,976,1015.31447632975,1835686,2599384
50025,Windham,VT,Vermont,mean,6.9,24.612714255,59.808299749,26.6,8,43,30378,904,803.62778032935,1870895,2454327
50027,Windsor,VT,Vermont,mean,6.5,24.635713795,68.999013038,28.6,8.8,65,42836,926,1113.2179499731,1863237,2527190
51001,Accomack,VA,Virginia,mean,12.4,25.212055586,35.471223775,38.3,8.3,14,33164,660,1587.806440503,1737757,1838551
51003,Albemarle,VA,Virginia,mean,8.2,19.743691373,81.827483429,26,8.9,151,44559,1798,3964.77332722605,1512670,1814342
51005,Alleghany,VA,Virginia,mean,10,25.817429601,100,36.7,7.4,6,8514,267,511.72639134895,1374528,1754806
51007,Amelia,VA,Virginia,mean,11.2,20.545673802,1.605729363,35.7,8.4,1,12690,213,603.855855856,1574208,1746829
51009,Amherst,VA,Virginia,mean,10.8,21.683241135,82.690772032,36.4,8.5,8,20597,528,1276.8804163845,1463304,1755492
51011,Appomattox,VA,Virginia,mean,10.5,20.77294686,56.287610894,36.7,8.5,1,14973,267,676.389558233,1495688,1738914
51013,Arlington,VA,Virginia,mean,8,11.592299272,100,27.8,9.3,178,0,4511,6690.62804033825,1611525,1928768
51015,Augusta,VA,Virginia,mean,9.5,21.958923714,56.85082659,34.8,8.4,35,48998,1111,2625.6221673574,1444860,1827715
51017,Bath,VA,Virginia,mean,11.1,28.75546913,100,38.9,6.8,0,4731,101,151.0051422695,1392898,1799876
51019,Bedford,VA,Virginia,mean,8.8,22.513134742,56.897636606,32.1,9,62,53864,1275,2478.52960526315,1429656,1721613
51021,Bland,VA,Virginia,mean,9.9,24.445164426,89.95215311,37.4,8.1,0,6824,93,164.4502830421,1298530,1677833
51023,Botetourt,VA,Virginia,mean,8.6,23.262268942,68.514108822,34.5,8.3,19,21247,513,904.02763740355,1410520,1730647
51025,Brunswick,VA,Virginia,mean,14.5,21.825595985,11.01015837,42.3,7.3,4,13164,358,517.1082510225,1589534,1678301
51027,Buchanan,VA,Virginia,mean,12,23.672789665,27.261115205,39.6,6.7,5,24098,413,707.29260472095,1233258,1685123
51029,Buckingham,VA,Virginia,mean,12.9,20.033044197,7.5546837851,42.7,7.9,4,17146,326,659.761606907,1515562,1768957
51031,Campbell,VA,Virginia,mean,10.5,20.703885245,49.534975582,39.5,8.6,8,33516,954,2043.74870743865,1473111,1710006
51033,Caroline,VA,Virginia,mean,10.8,16.985829184,51.134781623,38.8,9.1,4,22380,632,1097.4184824352,1609342,1834690
51035,Carroll,VA,Virginia,mean,10.2,25.719498761,62.881152461,36.4,7.9,30,29184,523,1275.7769286755,1339681,1628372
51036,Charles City,VA,Virginia,mean,13.1,26.387625114,18.0717555,40.1,8.9,2,7256,151,373.426948052,1649962,1758034
51037,Charlotte,VA,Virginia,mean,13.2,22.388190077,16.436811519,40.9,6.3,6,12586,193,507.1911030415,1517530,1700777
51041,Chesterfield,VA,Virginia,mean,10.1,15.782814658,79.834479959,36.7,8.7,302,18749,6714,11899.0329416232,1616662,1752327
51043,Clarke,VA,Virginia,mean,8.5,22.081849338,76.723263208,32.4,9.4,5,9757,228,511.47326627845,1531178,1938216
51045,Craig,VA,Virginia,mean,8.8,24.008221994,94.010629599,33.2,8.2,2,5190,74,166.7875989446,1368856,1727607
51047,Culpeper,VA,Virginia,mean,10.1,16.253078588,64.172629015,37.3,9,19,28911,796,2362.968441929,1558196,1870080
51049,Cumberland,VA,Virginia,mean,11.1,23.148435079,46.749354005,38.9,7.1,4,9650,194,370.3942153187,1544400,1763918
51051,Dickenson,VA,Virginia,mean,11.7,23.493145717,58.163409799,36.5,0,3,15903,247,446.8441979187,1195833,1659089
51053,Dinwiddie,VA,Virginia,mean,11.2,18.217970765,32.626042151,40.6,8.2,4,19939,593,1001.43052037505,1607200,1711638
51057,Essex,VA,Virginia,mean,12.9,24.146410669,50.014152279,40,6.9,2,8617,256,462.154651307,1651773,1827486
51059,Fairfax,VA,Virginia,mean,8.3,14.507422876,99.725117338,22.1,9.5,1271,15079,21425,37724.7934152,1604896,1922938
51061,Fauquier,VA,Virginia,mean,8.5,17.098150782,56.608014033,29.6,9.5,34,37489,1079,2558.83076205815,1552934,1906957
51063,Floyd,VA,Virginia,mean,9.5,24.296543749,25.174463686,34.2,8,6,15279,254,686.2508662215,1375742,1666170
51065,Fluvanna,VA,Virginia,mean,8.7,20.712044151,62.200447723,33.5,9.2,6,16163,442,949.13740364315,1534294,1796454
51067,Franklin,VA,Virginia,mean,9.9,24.516727948,45.540319768,35.5,7.9,22,50111,906,1911.6447621599,1410275,1670346
51069,Frederick,VA,Virginia,mean,8.7,18.210143304,78.886227152,32.7,9,45,35059,1423,3255.93170821465,1497360,1943750
51071,Giles,VA,Virginia,mean,9.6,22.128969931,82.700899506,33.2,8.8,8,11458,268,570.4074131755,1326159,1703599
51073,Gloucester,VA,Virginia,mean,9.1,20.402365046,74.743612927,34.7,8.9,21,23820,635,1361.0762769044,1699856,1771171
51075,Goochland,VA,Virginia,mean,8.7,23.35608914,63.008047883,31.2,9.5,18,21064,345,478.16760168305,1565349,1787327
51077,Grayson,VA,Virginia,mean,11,25.685265968,74.225526642,40.5,7.4,3,15514,261,551.214401681,1305075,1617023
51079,Greene,VA,Virginia,mean,9.6,18.294544067,61.736084079,36.9,8.4,4,9430,304,899.509675829,1506979,1854054
51081,Greensville,VA,Virginia,mean,14.4,15.685931625,15.450794487,42.1,8.9,4,10653,207,221.6993042593,1616133,1691497
51083,Halifax,VA,Virginia,mean,12.6,25.321595827,45.738051849,39.2,7.4,13,27935,707,1115.12843329305,1500665,1651405
51085,Hanover,VA,Virginia,mean,8.4,18.668852988,86.508333409,35.1,9.2,76,39032,1687,2829.26482514815,1593774,1811164
51087,Henrico,VA,Virginia,mean,10.2,16.465999508,95.665527275,34.7,8.7,350,13103,7050,11532.6807038857,1621282,1776643
51089,Henry,VA,Virginia,mean,13,24.498487502,26.377875481,40.4,6.7,26,32881,1097,1865.568101335,1411692,1643232
51091,Highland,VA,Virginia,mean,8.9,36.163522013,63.037634409,33.4,5.4,3,2321,35,83.083573487,1405282,1836247
51093,Isle of Wight,VA,Virginia,mean,10.3,19.774428433,65.922395483,35.6,8.7,15,20240,660,1175.4302848324,1690670,1726895
51095,James City,VA,Virginia,mean,8.6,26.363886733,97.481278912,30.9,8.4,89,10622,1422,1894.87647268835,1682151,1756492
51097,King and Queen,VA,Virginia,mean,10.6,23.416391474,22.260895884,36.2,8.8,2,6945,120,322.0921534605,1661903,1796084
51099,King George,VA,Virginia,mean,9.2,13.965586234,78.64760693,35.9,9.4,6,17261,402,746.705708619,1623549,1864896
51101,King William,VA,Virginia,mean,9.5,16.707941225,59.163391353,34.7,9.2,4,13260,305,653.4592551876,1640017,1799173
51103,Lancaster,VA,Virginia,mean,10.5,36.731332357,72.680648411,35.9,8.3,5,11391,280,351.3518948185,1692705,1809475
51105,Lee,VA,Virginia,mean,12.4,22.867670473,36.720335543,39.2,6.9,7,25475,325,816.49692118225,1127778,1600396
51107,Loudoun,VA,Virginia,mean,8.2,10.159918801,89.085872971,27,9.9,317,39354,6874,11513.4689575569,1561599,1954660
51109,Louisa,VA,Virginia,mean,10.3,20.623970346,36.39216938,36.2,8.9,4,33153,671,1486.96765326985,1558498,1813996
51111,Lunenburg,VA,Virginia,mean,13.3,23.06724803,57.037533512,41.6,8.5,2,12914,192,563.289897511,1554632,1699976
51113,Madison,VA,Virginia,mean,9.8,23.102854684,39.878586399,36.4,9.2,3,13308,181,607.4477899735,1521031,1857934
51115,Mathews,VA,Virginia,mean,9,31.59372806,48.353451307,34.1,9.1,3,8978,125,284.70588235295,1710477,1783574
51117,Mecklenburg,VA,Virginia,mean,12.3,26.570351759,55.714238596,37.7,7.4,15,25465,587,1162.418949932,1551939,1658050
51119,Middlesex,VA,Virginia,mean,10,32.612930155,39.256470588,33.4,9,3,10959,171,405.923293351,1688309,1803510
51121,Montgomery,VA,Virginia,mean,10,13.959156317,82.089028389,35.7,8.2,67,23528,1459,3183.21629220935,1361499,1689373
51125,Nelson,VA,Virginia,mean,9.5,28.796484111,54.978003384,34.6,8.6,14,15020,249,618.3888568405,1478191,1775280
51127,New Kent,VA,Virginia,mean,8.8,18.027367452,87.278274134,33.4,9.9,9,18429,371,887.2159728531,1647379,1779419
51131,Northampton,VA,Virginia,mean,12.1,28.804302855,42.737339196,42.9,8.2,12,12389,288,444.9944368045,1751409,1779272
51133,Northumberland,VA,Virginia,mean,10.5,36.545016211,39.082692795,36.1,8.8,9,12330,267,404.45678337,1697008,1829167
51135,Nottoway,VA,Virginia,mean,13.1,19.045786841,34.362613477,40.8,6.3,7,8298,257,539.8295443215,1574205,1719086
51137,Orange,VA,Virginia,mean,9.9,20.321071313,64.401169526,34.1,7.9,18,19345,616,1472.5320611735,1552982,1849627
51139,Page,VA,Virginia,mean,10,21.821313059,32.688008773,36.2,0,6,19272,553,997.908129904,1503339,1869603
51141,Patrick,VA,Virginia,mean,10.4,27.065106238,33.223534757,36.4,8,4,18490,315,630.551687934,1382408,1633575
51143,Pittsylvania,VA,Virginia,mean,11.7,24.092910025,34.95314127,37.5,7.8,4,54380,1174,2202.5219388455,1454803,1658693
51145,Powhatan,VA,Virginia,mean,8.6,19.33774409,60.020439785,32.4,9.6,18,27955,401,1023.8840034401,1568697,1770133
51147,Prince Edward,VA,Virginia,mean,13.3,16.806492796,80.767998535,38.6,7.6,13,14771,478,712.25790181575,1533334,1728127
51149,Prince George,VA,Virginia,mean,11,14.981343284,30.283654964,35.8,8.6,7,19078,662,1070.7466203167,1632217,1744023
51153,Prince William,VA,Virginia,mean,10.3,10.82725111,96.267762192,34.9,9.4,201,16748,9560,19936.2274732573,1590942,1898956
51155,Pulaski,VA,Virginia,mean,9.7,23.143458041,70.890532544,33.3,7.7,11,16356,630,948.2886081027,1345733,1676348
51157,Rappahannock,VA,Virginia,mean,8.9,28.135547455,46.012520414,31.1,8.6,3,7373,104,358.812463712,1526838,1897557
51159,Richmond,VA,Virginia,mean,12.6,21.015858933,63.86865404,40.1,8.4,1,9254,137,283.6147842055,1666634,1826904
51161,Roanoke,VA,Virginia,mean,9.2,22.115354751,72.450969266,33.5,8.9,124,17127,1504,2513.48795197465,1392643,1704122
51163,Rockbridge,VA,Virginia,mean,9.7,27.079192615,54.763796909,31.6,7.9,19,20442,383,823.100068583,1436796,1773582
51165,Rockingham,VA,Virginia,mean,9.4,19.792876271,50.321764151,31.5,8.9,24,45279,1217,3776.3793719105,1455439,1864852
51167,Russell,VA,Virginia,mean,11.3,23.001956947,47.868585392,39.3,7.4,7,25483,462,920.0389191869,1220697,1638321
51169,Scott,VA,Virginia,mean,10.7,24.954479668,49.893400074,35.1,7.4,7,19034,315,666.81905600105,1179475,1604331
51171,Shenandoah,VA,Virginia,mean,10.1,21.978905971,51.760738696,38.2,8.3,19,27961,770,1801.3334917145,1482663,1907380
51173,Smyth,VA,Virginia,mean,11.1,22.675306171,91.795302013,41.6,7.5,16,24248,547,949.6951371018,1263605,1639653
51175,Southampton,VA,Virginia,mean,11.7,21.431744974,19.887752834,37.9,8.8,4,18192,304,537.855813194,1666251,1688954
51177,Spotsylvania,VA,Virginia,mean,9.5,14.973969208,83.812985603,34.8,8.9,74,39568,2523,4963.23770092545,1584070,1843987
51179,Stafford,VA,Virginia,mean,9.6,10.895280245,86.651118036,36.5,9.3,46,25476,2636,5257.8951988375,1594825,1866543
51181,Surry,VA,Virginia,mean,12.4,24.869831547,9.9832342631,39.4,7.9,1,7058,133,207.30814940575,1677370,1745157
51183,Sussex,VA,Virginia,mean,13.6,18.126916287,27.177024656,45.6,7.5,3,12087,234,277.3792107796,1634929,1712823
51185,Tazewell,VA,Virginia,mean,10.8,23.391358798,62.905340226,39.2,7,20,23390,785,1350.58649947185,1269701,1680421
51187,Warren,VA,Virginia,mean,9.5,17.04825901,82.667517863,32.5,8.3,22,18941,705,1585.2891036907,1518670,1913565
51191,Washington,VA,Virginia,mean,9.7,24.316211429,63.925095022,32.9,8.1,42,39333,902,1740.96561744585,1233449,1613216
51193,Westmoreland,VA,Virginia,mean,11.6,26.405424163,34.73507604,40.5,0,3,13761,421,720.463854501,1653597,1854666
51195,Wise,VA,Virginia,mean,11.6,19.328414733,72.327705508,37.6,6.4,16,23491,664,1296.7626069006,1160871,1636405
51197,Wythe,VA,Virginia,mean,9.9,22.233657463,72.743018735,40.1,7.8,12,22023,544,1085.92236236965,1305657,1650419
51199,York,VA,Virginia,mean,8.6,17.11908623,89.919337569,30.9,9.2,85,3993,1057,1797.16067653275,1695140,1756830
51510,Alexandria City,VA,Virginia,mean,9,12.696340155,100,27.3,0,124,0,3673,5619.08699513055,1616235,1923454
51520,Bristol City,VA,Virginia,mean,11.6,22.006567374,91.178349498,37.3,5.9,10,7,347,575.34716406545,1217987,1600681
51530,Buena Vista City,VA,Virginia,mean,11.6,19.163763066,100,37.8,3.3,1,259,115,233.4002787905,1443065,1765674
51540,Charlottesville City,VA,Virginia,mean,10.8,13.290418637,100,33.4,7.9,139,0,903,1844.24195710455,1511670,1813153
51550,Chesapeake City,VA,Virginia,mean,11,14.001727233,90.611894701,37,8.9,204,16948,4608,7918.33638470005,1730365,1705743
51570,Colonial Heights City,VA,Virginia,mean,9.8,18.814644558,76.807925151,39.1,8.2,22,0,391,604.91771500035,1621782,1743979
51580,Covington City,VA,Virginia,mean,11.1,19.660661186,100,37.1,7.5,3,0,132,171.3532321141,1388361,1763001
51590,Danville City,VA,Virginia,mean,14.6,20.916735757,83.629960085,41.3,6.8,44,1944,1204,1368.67812189185,1460307,1636877
51595,Emporia City,VA,Virginia,mean,17.2,20.081171696,85.865417967,47,7.5,0,374,183,176.8982661907,1622009,1680762
51600,Fairfax City,VA,Virginia,mean,9.1,14.95304004,100,28.3,9.3,3,0,425,895.9486027944,1594430,1922647
51610,Falls Church City,VA,Virginia,mean,7.1,14.400055199,100,25.9,0,44,0,217,273.13285062175,1605369,1928337
51620,Franklin City,VA,Virginia,mean,13.6,19.496166484,87.322738386,41.5,5.4,8,279,239,246.050209205,1674510,1690476
51630,Fredericksburg City,VA,Virginia,mean,10.3,11.633235802,100,34.2,8,41,283,646,1361.34166523,1590207,1858784
51640,Galax City,VA,Virginia,mean,12.8,18.168168168,98.422619048,39.5,7.1,0,966,115,286.6380417335,1327949,1624815
51650,Hampton City,VA,Virginia,mean,12.6,16.064350326,90.278385394,38.3,7.8,52,342,3566,4216.9577638118,1714246,1738707
51660,Harrisonburg City,VA,Virginia,mean,12.6,9.9747229244,98.737792875,38.1,8.3,67,0,969,2636.0596467595,1470756,1853779
51670,Hopewell City,VA,Virginia,mean,14.6,15.40622299,90.049060044,41,5.9,8,0,699,821.52005532505,1628609,1752008
51678,Lexington City,VA,Virginia,mean,10.5,14.364270386,100,32.8,8,0,0,101,132.72940156115,1434706,1770122
51680,Lynchburg City,VA,Virginia,mean,11.2,14.3084965,98.364743257,34.3,7.5,101,2034,1760,2391.09799478095,1463595,1732763
51683,Manassas City,VA,Virginia,mean,10.9,11.023695795,100,34.5,9.5,39,0,821,3142.7108788705,1582363,1909522
51685,Manassas Park City,VA,Virginia,mean,12,8.8107281496,100,37.1,8.6,0,0,360,1370.3851505265,1583976,1911869
51690,Martinsville City,VA,Virginia,mean,14.4,16.963823334,71.019651465,42.7,5.7,0,0,416,431.96615127455,1419805,1641193
51700,Newport News City,VA,Virginia,mean,12.1,13.692730257,99.58979205,41.1,7.6,97,51,4837,5696.95822759285,1698796,1744307
51710,Norfolk City,VA,Virginia,mean,12,11.982270544,92.272851411,38,7.3,244,0,6185,9303.7731118645,1726326,1726122
51720,Norton City,VA,Virginia,mean,12.4,18.385160938,94.277190127,39.2,4.7,3,102,79,121.704866562,1174608,1632150
51730,Petersburg City,VA,Virginia,mean,16.6,17.137814472,93.66369777,46.7,4.4,22,683,1319,1088.58700067705,1621617,1741722
51735,Poquoson City,VA,Virginia,mean,7.8,19.039287418,95.730337079,31.6,8.7,11,790,170,346.4709572961,1714016,1750704
51740,Portsmouth City,VA,Virginia,mean,14,15.191128373,89.800337027,43.1,7.7,57,0,2908,3103.60709316655,1720174,1722507
51750,Radford City,VA,Virginia,mean,12.6,9.6490696406,77.056627256,38.4,6,9,481,347,486.7236913114,1351588,1680950
51760,Richmond City,VA,Virginia,mean,12.9,14.077421405,89.938661136,36.4,7.3,246,0,6378,10226.5644476385,1609817,1770425
51770,Roanoke City,VA,Virginia,mean,12.4,17.24978506,97.950225475,37.2,7.4,126,6,2309,4049.091595845,1399016,1708835
51775,Salem City,VA,Virginia,mean,9.1,19.461632444,86.388384755,32,8.4,33,0,440,750.53535326235,1393004,1706603
51790,Staunton City,VA,Virginia,mean,9.7,20.98904953,98.229126214,34.8,8.3,11,877,452,912.2448499425,1459792,1817221
51800,Suffolk City,VA,Virginia,mean,11.1,15.11424829,77.867774904,36.3,8.9,79,18298,1944,3002.3824580485,1705987,1708900
51810,Virginia Beach City,VA,Virginia,mean,10,15.191884144,96.95845213,32.7,9,334,6721,8300,15118.043219702,1754758,1709180
51820,Waynesboro City,VA,Virginia,mean,10.8,17.529933481,87.132816724,37.4,7.4,20,531,425,1007.473316218,1475586,1810079
51830,Williamsburg City,VA,Virginia,mean,10.4,17.459910199,99.61102107,35.1,8,2,0,320,343.12710007305,1680707,1760120
51840,Winchester City,VA,Virginia,mean,10.7,16.725902758,100,34.5,7.8,70,0,505,1358.7166758595,1514731,1944721
53001,Adams,WA,Washington,mean,13,11.687115077,80.725755591,38,6,8,7521,531,1230.7170117385,-1720291,2877584
53003,Asotin,WA,Washington,mean,9.1,24.427378667,89.59389724,32.9,8,17,1439,395,678.4894718164,-1622128,2769922
53005,Benton,WA,Washington,mean,8.5,15.524818474,77.472652304,33.2,8.3,148,18518,5858,6919.51849010995,-1792259,2794268
53007,Chelan,WA,Washington,mean,9,20.15920448,83.003262767,33.8,8.1,88,19725,2373,3365.534325998,-1829105,3012919
53009,Clallam,WA,Washington,mean,8.3,30.99003951,76.308729182,31.9,6.7,72,25315,1911,2482.73696283835,-2067031,3113397
53011,Clark,WA,Washington,mean,8.1,16.322907134,90.215194979,34.4,8.4,377,58566,13433,15772.8017194409,-2039069,2822661
53013,Columbia,WA,Washington,mean,8.1,28.599703117,5.0354251012,33.7,7.3,3,1397,95,100.96481876335,-1678596,2801102
53015,Cowlitz,WA,Washington,mean,8.5,19.433485169,67.187753996,37.8,7.2,65,29342,3085,3270.7068554701,-2043514,2870113
53017,Douglas,WA,Washington,mean,9.1,18.154979861,83.853463133,33.4,7.1,9,10221,1203,2416.3982793665,-1767498,2979213
53019,Ferry,WA,Washington,mean,10.3,29.97387598,75.438840903,33.1,4.8,7,7551,206,277.542561066,-1660859,3025274
53021,Franklin,WA,Washington,mean,10.6,9.9371107583,55.438299104,40.2,7.9,21,10422,2881,5597.7525785645,-1734791,2834313
53023,Garfield,WA,Washington,mean,7.5,27.067348679,42.913385827,31.5,8.1,2,2266,48,55.182374541,-1645294,2792129
53025,Grant,WA,Washington,mean,10.9,14.268622192,69.837474653,33.2,7.5,40,34533,3133,5355.9997630705,-1759129,2927468
53027,Grays Harbor,WA,Washington,mean,9.6,22.948686248,63.337564123,36.5,7.3,25,29201,2255,2491.97416227495,-2106744,2994552
53029,Island,WA,Washington,mean,7.7,26.004208985,80.264112277,31,8.3,37,36816,2041,2210.05714976625,-1959884,3080679
53031,Jefferson,WA,Washington,mean,7.8,39.157863413,82.457470358,26,7.5,28,17167,794,886.54194345745,-2017421,3067652
53033,King,WA,Washington,mean,7,13.761901696,97.965699935,20.9,8.7,2729,61938,54571,58072.4183996961,-1967546,3001918
53035,Kitsap,WA,Washington,mean,7.9,19.147035879,86.751980146,30.1,8,190,42044,6466,6608.0655484338,-1978799,3034993
53037,Kittitas,WA,Washington,mean,8.5,17.046528495,74.853959447,29.4,7.5,29,16389,1381,1517.4838382775,-1862256,2937901
53039,Klickitat,WA,Washington,mean,8.9,25.166536898,59.828458324,30.5,7.8,14,12234,610,933.5188819505,-1912543,2789852
53041,Lewis,WA,Washington,mean,8.9,21.097656343,57.315365981,33.7,7.5,35,45767,2184,2904.0950143421,-1993505,2908547
53043,Lincoln,WA,Washington,mean,8.3,25.89031339,39.904376609,38.5,7.3,4,10570,229,291.59012715035,-1675731,2956723
53045,Mason,WA,Washington,mean,9,23.740294313,66.585521711,34.5,7.6,19,38663,1750,2590.253531145,-2024362,3001645
53047,Okanogan,WA,Washington,mean,10.8,22.80339635,53.227721832,35.9,7.2,34,32891,1292,2339.77882665,-1749782,3048724
53049,Pacific,WA,Washington,mean,9.1,32.988140972,57.235180826,36.8,7.5,5,13550,675,823.9298792625,-2116127,2938717
53051,Pend Oreille,WA,Washington,mean,8.4,26.638340775,62.45802552,30.7,7.3,7,10805,391,431.22020162085,-1568477,3019056
53053,Pierce,WA,Washington,mean,8.7,14.411563906,81.189191536,32.8,7.9,675,52411,27179,26169.3986320266,-1978613,2975270
53055,San Juan,WA,Washington,mean,7,35.054157461,86.164830223,25.7,0,13,15769,417,590.235367818,-1984741,3142665
53057,Skagit,WA,Washington,mean,8.3,21.778784355,78.568285169,33.7,7.9,110,33926,3904,4491.9323614239,-1955575,3124042
53059,Skamania,WA,Washington,mean,8,24.190632703,72.333000997,32.8,8.5,0,11066,350,374.03445643875,-1989166,2814070
53061,Snohomish,WA,Washington,mean,8,14.361158433,89.643423511,30.5,8.7,433,77179,21791,25558.066717983,-1944353,3058668
53063,Spokane,WA,Washington,mean,8.2,16.811039484,86.438399597,33.7,7.9,478,64424,14016,13397.1413293307,-1583734,2925768
53065,Stevens,WA,Washington,mean,8.3,24.686880614,46.556141673,31.4,6.9,34,34479,1272,1395.5398908373,-1619681,3018816
53067,Thurston,WA,Washington,mean,8.2,18.149051772,79.624346575,30.8,8,274,52947,7544,8267.4591300271,-2018530,2967016
53069,Wahkiakum,WA,Washington,mean,8.7,32.78044522,0,34.4,8,0,3978,90,131.82349949135,-2094487,2900384
53071,Walla Walla,WA,Washington,mean,8.8,19.145847293,83.908027611,29.7,8.2,68,10066,1456,2085.64394903035,-1720900,2785506
53073,Whatcom,WA,Washington,mean,8.3,18.32706233,81.220822845,28.4,7.7,203,52042,6822,8010.8395899165,-1955456,3156176
53075,Whitman,WA,Washington,mean,9,11.177490443,81.083109249,33.1,7.3,31,12327,996,1391.236769815,-1629077,2838022
53077,Yakima,WA,Washington,mean,11.2,14.135957974,77.88164906,37.1,7.9,164,57206,9146,15441.416127699,-1895294,2888023
54001,Barbour,WV,West Virginia,mean,12.4,20.681406775,29.8157129,38.2,7.4,6,13889,379,558.0823329746,1358348,1911881
54003,Berkeley,WV,West Virginia,mean,11.3,15.186128231,53.554343196,38.1,8,50,32944,2141,4000.89335878905,1524218,1983910
54005,Boone,WV,West Virginia,mean,12.4,21.668543544,1.4856252006,44,7.3,6,20050,441,676.1338582677,1238610,1762559
54007,Braxton,WV,West Virginia,mean,13.1,23.997713726,0,39.9,6.9,6,14523,344,478.28234521765,1309355,1851035
54009,Brooke,WV,West Virginia,mean,11.3,24.539295393,81.758943216,38.7,8,6,10140,603,585.69711599545,1291354,2032963
54011,Cabell,WV,West Virginia,mean,12.4,19.253248839,72.600953895,40.5,7.5,159,20765,1919,2865.0678496275,1181385,1807829
54013,Calhoun,WV,West Virginia,mean,12.9,25.728626943,0,41.7,5.4,3,7627,258,218.7399683732,1276314,1858833
54015,Clay,WV,West Virginia,mean,13.4,22.301064369,0,40.7,5.6,1,9386,236,288.97749449165,1282381,1824165
54017,Doddridge,WV,West Virginia,mean,11.9,21.913380737,15.804303279,40.5,8.8,1,8202,159,254.1067208272,1302905,1917394
54019,Fayette,WV,West Virginia,mean,13.4,22.298194204,53.778897451,40.2,6.9,18,26644,994,1357.91310727095,1288553,1774329
54021,Gilmer,WV,West Virginia,mean,12.6,17.744340518,54.69762419,40,5.5,3,5278,161,222.6821305842,1296361,1879346
54023,Grant,WV,West Virginia,mean,11.8,24.765546754,56.687317784,40,8.4,7,9392,268,419.8904077304,1424668,1921475
54025,Greenbrier,WV,West Virginia,mean,12,23.902109912,50.095521121,37.4,7.1,51,24742,701,1225.808411767,1356853,1771897
54027,Hampshire,WV,West Virginia,mean,11.2,23.830572483,31.723899017,39.5,7.5,6,23964,373,878.0871161355,1485040,1950130
54029,Hancock,WV,West Virginia,mean,11.5,23.904243439,96.301770064,39.7,6.5,16,9298,821,986.5608657285,1287750,2060729
54031,Hardy,WV,West Virginia,mean,12.2,22.994350282,68.116651514,38.9,7.9,2,11293,279,620.946050469,1467665,1908798
54033,Harrison,WV,West Virginia,mean,12,19.942294116,80.475114152,38.9,8,87,25601,1581,2357.9314522962,1324907,1924623
54035,Jackson,WV,West Virginia,mean,11.2,21.028913404,49.634773848,36.8,7.5,10,20868,684,826.6973808347,1220662,1861353
54037,Jefferson,WV,West Virginia,mean,10.2,17.298269659,64.893156098,35.5,8.8,37,25879,940,1674.5350864203,1543383,1964439
54039,Kanawha,WV,West Virginia,mean,12,21.642914943,72.535339843,38.2,7.2,242,48629,4243,5350.961621101,1245598,1801309
54041,Lewis,WV,West Virginia,mean,11.7,20.998105612,11.0902366,37.8,7.4,8,11295,431,549.461362148,1326404,1876778
54043,Lincoln,WV,West Virginia,mean,13.2,20.48096989,5.1165518252,43.3,7.4,9,21720,465,621.44720020455,1203626,1780136
54045,Logan,WV,West Virginia,mean,13.7,21.818295779,32.677249977,45,6.5,17,25996,735,1125.18985434455,1224871,1738122
54047,McDowell,WV,West Virginia,mean,16.3,23.607253717,27.701323845,47,6.2,4,19015,353,610.8317652687,1243296,1689165
54049,Marion,WV,West Virginia,mean,10.9,19.642506384,51.465172138,40.3,7.8,29,23404,1307,1987.52987938595,1331448,1947539
54051,Marshall,WV,West Virginia,mean,11.3,23.70247385,49.687816678,39.1,7.8,10,16220,835,863.31949073455,1291588,1989124
54053,Mason,WV,West Virginia,mean,11.3,22.021703701,28.621380584,42.9,7.8,12,17763,562,664.8556536296,1193286,1848259
54055,Mercer,WV,West Virginia,mean,12.5,22.639051052,62.994435505,37.7,6.4,32,25361,1245,1803.1522411485,1302991,1699542
54057,Mineral,WV,West Virginia,mean,11.2,22.340544365,47.657584082,38.4,8,8,18223,570,735.63672496025,1445603,1964730
54059,Mingo,WV,West Virginia,mean,14.2,20.552053901,42.799558724,44.1,5.8,4,24085,557,900.5507614215,1212287,1717681
54061,Monongalia,WV,West Virginia,mean,10.8,13.490370064,74.745327059,33.7,8,150,25839,2191,4040.1137400391,1347141,1966903
54063,Monroe,WV,West Virginia,mean,11.6,25.518975024,14.713962508,40.2,6.5,5,11952,221,506.6754385965,1353808,1731329
54065,Morgan,WV,West Virginia,mean,10.9,24.27269032,63.992263963,37.4,9,8,17541,296,666.45728417265,1496728,1989634
54067,Nicholas,WV,West Virginia,mean,11.9,23.736625514,48.752235409,37.9,7.4,22,22864,544,784.2650918635,1302437,1811124
54069,Ohio,WV,West Virginia,mean,11,22.567981616,92.978196818,35.7,7.7,62,10263,1041,1158.33401965995,1289232,2009514
54071,Pendleton,WV,West Virginia,mean,11.7,28.101595571,88.051440664,36,6.8,3,7695,112,258.728960396,1433224,1860294
54073,Pleasants,WV,West Virginia,mean,11.1,18.971188002,69.371488305,37.7,8.6,1,4142,193,175.19287172825,1254187,1921003
54075,Pocahontas,WV,West Virginia,mean,12.8,26.884325979,94.510102936,38.3,5.8,3,8719,196,284.9583849832,1385564,1822548
54077,Preston,WV,West Virginia,mean,11.2,21.226497468,39.493219546,41.2,7.5,14,30319,706,1082.90024479805,1387056,1950051
54079,Putnam,WV,West Virginia,mean,10.6,19.203632553,59.371518106,36.8,8.6,60,19855,1130,1494.7428142801,1213361,1816713
54081,Raleigh,WV,West Virginia,mean,12.7,21.526073931,62.878899599,42.7,6,58,30959,1578,2002.25129047395,1278314,1747338
54083,Randolph,WV,West Virginia,mean,11.8,22.531108394,68.373192038,39.6,7.8,19,18344,672,892.0000507048,1384141,1877038
54085,Ritchie,WV,West Virginia,mean,12,23.022784206,35.06631928,41.1,7.7,2,10449,241,360.93006508795,1268376,1903088
54087,Roane,WV,West Virginia,mean,12.9,22.91696647,53.043912176,45,5.8,7,11940,425,460.97768513975,1256535,1846389
54089,Summers,WV,West Virginia,mean,12.1,26.923076923,50.9239903,41.5,6.8,3,10045,210,360.88823239785,1315250,1736013
54091,Taylor,WV,West Virginia,mean,11.6,21.198156682,43.813229572,41.5,0,6,10087,363,581.0276054347,1356148,1937223
54093,Tucker,WV,West Virginia,mean,10.7,27.443045564,98.742975451,37.8,8.4,4,7141,184,275.627344727,1398819,1917291
54095,Tyler,WV,West Virginia,mean,11.4,23.936235438,78.299049681,40.6,8.2,3,8384,238,240.1587252475,1277379,1935536
54097,Upshur,WV,West Virginia,mean,12.5,21.213904418,58.498488411,41.2,7.7,15,15523,601,857.8235693282,1345338,1888263
54099,Wayne,WV,West Virginia,mean,12.5,22.10244688,27.461392438,37.4,6.7,21,27692,802,1226.5867152504,1166175,1770599
54101,Webster,WV,West Virginia,mean,13.9,24.730270336,31.212699928,42.2,6.9,2,9154,200,243.5415119811,1336924,1838395
54103,Wetzel,WV,West Virginia,mean,11.9,22.618207481,59.707796704,41.1,6.2,6,8931,449,460.02364775435,1299471,1951623
54105,Wirt,WV,West Virginia,mean,13.1,22.081769702,46.534462842,41.1,7.3,1,5717,173,190.2138649751,1247984,1879831
54107,Wood,WV,West Virginia,mean,11.6,21.015497943,74.851713011,40.7,7.3,73,23282,1931,2899.48433966355,1231164,1906509
54109,Wyoming,WV,West Virginia,mean,12.8,22.82076861,26.007857076,41.9,7.2,4,21151,416,698.0457524908,1255679,1723185
55001,Adams,WI,Wisconsin,mean,9.1,30.979640719,39.130434783,36.4,8.1,2,20875,496,545.68405192395,493729,2360718
55003,Ashland,WI,Wisconsin,mean,9.7,20.705283417,70.156610719,40.4,7.1,27,8864,389,550.1659823796,411953,2670574
55005,Barron,WI,Wisconsin,mean,8.6,22.688841799,72.490419815,34.4,8.3,47,30241,940,1595.14718772825,329184,2504019
55007,Bayfield,WI,Wisconsin,mean,8.2,29.632352941,46.9297164,32.3,7.5,6,15014,437,510.7596651303,379313,2665223
55009,Brown,WI,Wisconsin,mean,8.2,15.866998527,92.044355139,35.6,8.6,187,35947,4841,7885.1199001502,635227,2434541
55011,Buffalo,WI,Wisconsin,mean,8,22.936400541,60.959675603,33.5,8.5,3,13587,266,418.6817998386,335186,2380417
55013,Burnett,WI,Wisconsin,mean,8.8,30.727424749,64.26237444,34,8.2,2,15457,391,497.62086418595,269079,2554353
55015,Calumet,WI,Wisconsin,mean,7.3,16.665714993,83.215743107,30.4,9.4,6,13484,774,1048.9816808556,613574,2382415
55017,Chippewa,WI,Wisconsin,mean,8.2,18.784117251,55.061314992,35.8,8.5,49,28800,1325,1894.77844825865,380878,2470301
55019,Clark,WI,Wisconsin,mean,9.2,17.060956657,34.934649009,37,8.5,8,31821,572,2249.491657159,419351,2441674
55021,Columbia,WI,Wisconsin,mean,7.7,18.949186158,69.259702513,34.4,8.9,24,34481,1081,1622.0363908493,519194,2300461
55023,Crawford,WI,Wisconsin,mean,8.5,24.242612753,56.625085335,34.7,7.8,12,10389,332,419.1620835537,399341,2261711
55025,Dane,WI,Wisconsin,mean,7.4,14.67326062,93.701558671,24.7,8.9,737,60179,9385,10768.8142167473,534296,2252404
55027,Dodge,WI,Wisconsin,mean,8.2,18.353431191,74.516756902,36.9,9,47,43174,1530,2073.1548145213,584601,2294807
55029,Door,WI,Wisconsin,mean,7.4,31.07445092,72.267677776,31.6,8.8,20,19168,683,761.99641482575,699078,2509721
55031,Douglas,WI,Wisconsin,mean,8.2,20.014478655,80.623095157,33.3,7.7,11,17114,1010,1129.31869492175,307307,2642398
55033,Dunn,WI,Wisconsin,mean,8.4,16.376490219,55.268485915,33.5,8.5,32,26013,862,1278.1483082384,317929,2453862
55035,Eau Claire,WI,Wisconsin,mean,7.7,16.371698042,82.367798695,32.8,8.2,147,22710,1941,3451.6012372115,363629,2425573
55037,Florence,WI,Wisconsin,mean,8.3,29.065969954,62.856516016,35.2,8.3,2,4423,107,140.98423127465,593445,2579753
55039,Fond du Lac,WI,Wisconsin,mean,7.6,19.265633085,79.592718475,35.7,8.6,48,35703,1838,2461.56366593145,605386,2344838
55041,Forest,WI,Wisconsin,mean,9.8,23.395981854,53.295565966,37.1,6.8,1,9304,265,428.7638991845,555682,2563404
55043,Grant,WI,Wisconsin,mean,8.6,17.852619459,65.156532789,37.5,8.6,18,33023,831,1483.8954544258,426522,2209282
55045,Green,WI,Wisconsin,mean,7.7,19.860495296,74.305124956,35.2,9,26,22185,629,1012.46152526675,520735,2198640
55047,Green Lake,WI,Wisconsin,mean,8.8,23.058921421,65.953307393,36.1,8.6,17,14160,406,757.282753776,555137,2338002
55049,Iowa,WI,Wisconsin,mean,7.5,20.302239434,39.993251508,33.2,9.1,11,18931,463,514.7147401909,478350,2246880
55051,Iron,WI,Wisconsin,mean,8.5,31.887342182,49.551898322,34.3,7.8,2,4011,165,157.02102496715,431878,2631825
55053,Jackson,WI,Wisconsin,mean,9.3,19.658160125,48.512650745,36,7.5,17,14772,496,866.140773517,412689,2388684
55055,Jefferson,WI,Wisconsin,mean,7.7,18.300507399,77.444051826,35.9,9.1,37,28496,1554,2114.6460456523,590118,2251709
55057,Juneau,WI,Wisconsin,mean,9.2,21.293187076,48.255857474,36.9,7.5,20,22263,581,807.06335391155,480609,2343981
55059,Kenosha,WI,Wisconsin,mean,8.8,15.163098879,97.736342085,34.4,8,81,17846,3922,5116.1577426094,658196,2210445
55061,Kewaunee,WI,Wisconsin,mean,7.7,21.593730224,46.194621407,33.1,9.5,13,14882,310,574.5857824667,671272,2429271
55063,La Crosse,WI,Wisconsin,mean,8,17.391412653,86.008908465,32.4,8.7,168,19291,2037,2730.9023129136,382236,2344810
55065,Lafayette,WI,Wisconsin,mean,8.5,19.935653003,40.069833243,36.3,8.8,4,16836,265,645.3844657973,475683,2193673
55067,Langlade,WI,Wisconsin,mean,8.7,25.033329915,61.351392951,35.7,7.7,16,11819,430,583.1357142857,544759,2499718
55069,Lincoln,WI,Wisconsin,mean,8,22.592060544,65.226112969,34.9,8.8,15,15535,547,728.479554617,483278,2513196
55071,Manitowoc,WI,Wisconsin,mean,8,21.774124287,65.387971829,31.8,8.5,39,31650,1415,1853.02406172355,665880,2385317
55073,Marathon,WI,Wisconsin,mean,8.5,18.614146228,72.124365096,34,8.7,132,57634,2207,3927.0565687972,478170,2461063
55075,Marinette,WI,Wisconsin,mean,8.4,24.869253731,64.635078334,37.9,7.9,25,25813,857,1093.6636192525,652875,2505111
55077,Marquette,WI,Wisconsin,mean,8.4,25.500253293,29.168804515,34,8.8,2,15404,347,468.57813871815,527432,2334761
55078,Menominee,WI,Wisconsin,mean,14.5,13.313126603,10.904817861,46.5,5.3,3,4232,137,188.64646464645,569963,2477331
55079,Milwaukee,WI,Wisconsin,mean,10.3,14.29251804,98.447347441,37.8,8.2,733,1820,25443,32188.6546131316,654520,2265325
55081,Monroe,WI,Wisconsin,mean,8.5,17.80356331,57.168172192,35.9,8.4,29,25764,770,1629.87479814835,418106,2354035
55083,Oconto,WI,Wisconsin,mean,8.1,21.437646102,55.896317208,33.6,9,12,30634,777,1144.8131203422,634951,2468946
55085,Oneida,WI,Wisconsin,mean,7.8,27.311220889,71.10318404,30.6,8.8,24,26988,783,825.2227711127,507326,2549306
55087,Outagamie,WI,Wisconsin,mean,7.7,15.781670104,88.270365224,32.7,8.9,166,43712,3286,5264.83701187915,601179,2408786
55089,Ozaukee,WI,Wisconsin,mean,6.7,20.743375461,97.272220583,30.6,9.2,131,21501,1513,1529.16617252775,652585,2291870
55091,Pepin,WI,Wisconsin,mean,8.2,23.465507876,65.987974857,34.8,0,4,7469,139,251.48438634715,311306,2409402
55093,Pierce,WI,Wisconsin,mean,7.5,15.805292695,72.827631953,31,8.9,18,22006,864,968.8650235786,273204,2423330
55095,Polk,WI,Wisconsin,mean,8,21.852919812,62.16510661,31.5,8.8,33,37780,1040,1277.26207497565,259543,2511979
55097,Portage,WI,Wisconsin,mean,7.9,17.972696827,71.118405161,32,8.9,33,25229,1345,1881.3764225742,507217,2406922
55099,Price,WI,Wisconsin,mean,8.8,27.93594306,64.693325744,36.8,8.2,1,14159,266,322.38138647445,447613,2548974
55101,Racine,WI,Wisconsin,mean,9.2,17.46607346,91.075573897,36.1,8.6,85,23992,4667,5292.8841321024,662327,2231396
55103,Richland,WI,Wisconsin,mean,8.7,24.459679294,42.851363847,35,7,13,13000,318,584.54189506655,447758,2280303
55105,Rock,WI,Wisconsin,mean,8.6,17.34202858,87.295875665,35.1,7.6,81,32734,3864,4932.74288100845,563459,2201995
55107,Rusk,WI,Wisconsin,mean,9.2,25.674431778,52.889765999,36.4,7.4,6,11306,293,416.03525954945,390503,2516454
55109,St. Croix,WI,Wisconsin,mean,7.1,15.34341989,81.143089292,34,9.3,47,44845,1715,1918.4501592092,267005,2466590
55111,Sauk,WI,Wisconsin,mean,8.1,19.5046958,72.829706674,33.8,8.7,65,28600,1414,2145.1729198745,489379,2302497
55113,Sawyer,WI,Wisconsin,mean,9.8,27.264279858,66.698019254,36.3,7.3,14,13941,413,681.1645702305,384816,2571055
55115,Shawano,WI,Wisconsin,mean,9,21.63538021,49.697903672,36.7,8.5,23,31207,789,1544.91055769905,571011,2456633
55117,Sheboygan,WI,Wisconsin,mean,7.9,19.019592856,84.796753478,34.7,9.2,73,32671,1937,2755.0121273149,659640,2340653
55119,Taylor,WI,Wisconsin,mean,8.4,20.393515033,61.346858836,34.2,8.1,6,16643,374,637.97816402085,434403,2492258
55121,Trempealeau,WI,Wisconsin,mean,8.1,18.867985939,79.317295189,35.1,8.9,8,25823,580,988.16190838725,365632,2369412
55123,Vernon,WI,Wisconsin,mean,8.5,20.284651464,47.339975256,34.5,8.3,31,25513,502,1401.303460035,419176,2309164
55125,Vilas,WI,Wisconsin,mean,8.3,30.914115646,88.093895084,35.8,8.5,17,21430,500,790.685845382,518889,2593133
55127,Walworth,WI,Wisconsin,mean,8,19.091002725,82.610492308,35.5,8.3,44,34959,2114,3231.45769466585,602976,2218033
55129,Washburn,WI,Wisconsin,mean,8.3,27.525071633,67.857787403,34.5,8.3,16,13238,362,459.59143986345,326478,2558343
55131,Washington,WI,Wisconsin,mean,7.1,19.184982686,95.083393658,30,9.1,74,40601,2371,2575.3187282591,627902,2304457
55133,Waukesha,WI,Wisconsin,mean,6.8,19.610721311,96.911380959,28.8,9.2,567,38445,6991,7058.14887409475,625554,2253684
55135,Waupaca,WI,Wisconsin,mean,8.3,21.070389761,74.610128928,36.4,8.8,28,34035,920,1437.1541844044,567562,2418079
55137,Waushara,WI,Wisconsin,mean,8.5,25.281939745,30.603588907,36.4,8.5,7,21923,481,782.6339865388,542737,2376976
55139,Winnebago,WI,Wisconsin,mean,8.2,17.012871235,89.608105747,35.6,8.3,137,22429,2986,3759.26272146265,591266,2376000
55141,Wood,WI,Wisconsin,mean,8.3,21.42162819,75.1182503,35.7,8.2,107,27420,1528,1894.34998582765,478568,2403324
56001,Albany,WY,Wyoming,mean,7.8,12.986598596,93.511573949,28.4,7.6,30,4334,681,2020.863521496,-797969,2126555
56003,Big Horn,WY,Wyoming,mean,8,21.767537827,69.594653242,29.7,8.1,4,11668,235,752.4622383985,-943830,2472514
56005,Campbell,WY,Wyoming,mean,7.8,12.217409108,84.483051929,38.2,7.7,24,13412,1158,2663.4757494515,-761763,2431956
56007,Carbon,WY,Wyoming,mean,8.8,17.789610212,72.779803261,35,6.7,10,6613,305,993.696803814,-890997,2112679
56009,Converse,WY,Wyoming,mean,7.7,18.153891164,83.375754491,34.3,8.4,8,7658,364,792.421924568,-773320,2253906
56011,Crook,WY,Wyoming,mean,7.3,21.749829118,59.727057513,31.9,8.4,3,7083,129,471.3519396915,-666189,2457936
56013,Fremont,WY,Wyoming,mean,8.6,19.559690868,62.973441403,28.6,7.6,31,20633,888,3091.912198887,-1033161,2333074
56015,Goshen,WY,Wyoming,mean,7.9,22.964026482,61.449831973,35.3,8.1,10,6094,227,679.483296214,-667122,2148723
56017,Hot Springs,WY,Wyoming,mean,8.1,28.105286056,79.787924692,33.3,8,4,1515,87,251.8406169665,-997233,2381368
56019,Johnson,WY,Wyoming,mean,7.7,26.638061,61.797087723,30.1,7,12,4201,174,364.749519539,-846806,2391632
56021,Laramie,WY,Wyoming,mean,7.8,17.035979497,67.145216492,30.9,7.6,71,18150,1976,5064.1755979635,-687394,2063855
56023,Lincoln,WY,Wyoming,mean,7.5,19.356919565,76.671262959,32.2,8.4,15,14979,360,1373.3476027395,-1204950,2301204
56025,Natrona,WY,Wyoming,mean,7.3,16.510590158,82.812832218,34,7.4,59,10902,2369,4399.6128765185,-893336,2280829
56027,Niobrara,WY,Wyoming,mean,9.2,24.979491386,70.20672882,34.5,7,2,2484,45,144.780821918,-664281,2262274
56029,Park,WY,Wyoming,mean,6.6,24.877109074,72.451390764,30.5,8,37,12478,636,1510.4522796635,-1088409,2474434
56031,Platte,WY,Wyoming,mean,7.7,26.543280837,77.780360256,31.4,8.1,3,5083,181,485.1731479995,-733032,2172454
56033,Sheridan,WY,Wyoming,mean,7.2,21.936421665,87.869085735,30.5,7.8,20,10330,674,1643.502867046,-866917,2486797
56035,Sublette,WY,Wyoming,mean,7.1,22.111072784,54.411090742,28.7,8.2,4,10247,224,603.2197303605,-1121272,2308828
56037,Sweetwater,WY,Wyoming,mean,7.9,14.144278368,92.62159349,33,7.9,19,4782,1089,2508.402212902,-1083454,2132010
56039,Teton,WY,Wyoming,mean,6.3,16.899257688,97.745488835,19.9,8.6,22,9887,511,1450.253807872,-1171573,2425809
56041,Uinta,WY,Wyoming,mean,7.8,15.89532348,68.04400978,34.6,8.4,10,9101,443,1178.9464201045,-1213742,2137706
56043,Washakie,WY,Wyoming,mean,8,23.179753407,81.769681197,30.1,8.3,6,3068,159,469.9436038515,-956520,2387906
56045,Weston,WY,Wyoming,mean,7.8,22.579688658,67.402749342,32.2,7.7,2,3931,119,331.5379199355,-658409,2346631
